dataset,subject,outcome,stage,model,grid,policy,comparator,config_id,full_config_id,budget_fraction,restricted_precision,full_precision,precision_difference,restricted_recall,full_recall,recall_difference,true_alert_difference,false_alert_difference,alert_intersection,alert_union,alert_jaccard_vs_full,retained_full_alert_fraction
oulad,all,future_fail_or_withdrawn,day14,histgb,standard,loo_no_age_band,full,day14__loo_no_age_band__standard,day14__full__standard,0.05,0.8017057569296375,0.8017057569296375,0.0,0.09678249678249679,0.09678249678249679,0.0,0,0,446,492,0.9065040650406504,0.9509594882729211
oulad,all,future_fail_or_withdrawn,day14,histgb,standard,loo_no_age_band,full,day14__loo_no_age_band__standard,day14__full__standard,0.1,0.758288770053476,0.7572192513368984,0.0010695187165775666,0.1824967824967825,0.18223938223938224,0.00025740025740025874,1,-1,906,964,0.9398340248962656,0.9689839572192513
oulad,all,future_fail_or_withdrawn,day14,histgb,standard,loo_no_age_band,full,day14__loo_no_age_band__standard,day14__full__standard,0.2,0.6944890315676833,0.6918138041733547,0.002675227394328572,0.3341055341055341,0.3328185328185328,0.0012870012870013214,5,-5,1820,1918,0.948905109489051,0.9737827715355806
oulad,all,future_fail_or_withdrawn,day14,histgb,standard,loo_no_age_band,full,day14__loo_no_age_band__standard,day14__full__standard,0.3,0.645610278372591,0.6434689507494646,0.0021413276231263545,0.46563706563706564,0.4640926640926641,0.0015444015444015524,6,-6,2729,2875,0.9492173913043478,0.9739471805852962
oulad,all,future_fail_or_withdrawn,day14,histgb,standard,loo_no_disability,full,day14__loo_no_disability__standard,day14__full__standard,0.05,0.8187633262260128,0.8017057569296375,0.017057569296375252,0.09884169884169884,0.09678249678249679,0.002059202059202056,8,-8,429,509,0.8428290766208252,0.9147121535181236
oulad,all,future_fail_or_withdrawn,day14,histgb,standard,loo_no_disability,full,day14__loo_no_disability__standard,day14__full__standard,0.1,0.7593582887700535,0.7572192513368984,0.002139037433155133,0.18275418275418276,0.18223938223938224,0.0005148005148005175,2,-2,883,987,0.894630192502533,0.9443850267379679
oulad,all,future_fail_or_withdrawn,day14,histgb,standard,loo_no_disability,full,day14__loo_no_disability__standard,day14__full__standard,0.2,0.695024077046549,0.6918138041733547,0.0032102728731943087,0.33436293436293435,0.3328185328185328,0.0015444015444015524,6,-6,1782,1956,0.911042944785276,0.9534510433386838
oulad,all,future_fail_or_withdrawn,day14,histgb,standard,loo_no_disability,full,day14__loo_no_disability__standard,day14__full__standard,0.3,0.6409707351891506,0.6434689507494646,-0.0024982155603140432,0.4622908622908623,0.4640926640926641,-0.0018018018018017834,-7,7,2682,2922,0.917864476386037,0.9571734475374732
oulad,all,future_fail_or_withdrawn,day14,histgb,standard,loo_no_gender,full,day14__loo_no_gender__standard,day14__full__standard,0.05,0.7995735607675906,0.8017057569296375,-0.002132196162046962,0.09652509652509653,0.09678249678249679,-0.00025740025740025874,-1,1,445,493,0.9026369168356998,0.9488272921108742
oulad,all,future_fail_or_withdrawn,day14,histgb,standard,loo_no_gender,full,day14__loo_no_gender__standard,day14__full__standard,0.1,0.7572192513368984,0.7572192513368984,0.0,0.18223938223938224,0.18223938223938224,0.0,0,0,905,965,0.9378238341968912,0.9679144385026738
oulad,all,future_fail_or_withdrawn,day14,histgb,standard,loo_no_gender,full,day14__loo_no_gender__standard,day14__full__standard,0.2,0.6902086677367576,0.6918138041733547,-0.0016051364365970988,0.33204633204633205,0.3328185328185328,-0.0007722007722007485,-3,3,1815,1923,0.9438377535101404,0.971107544141252
oulad,all,future_fail_or_withdrawn,day14,histgb,standard,loo_no_gender,full,day14__loo_no_gender__standard,day14__full__standard,0.3,0.6448965024982155,0.6434689507494646,0.001427551748750866,0.4651222651222651,0.4640926640926641,0.001029601029601035,4,-4,2733,2871,0.9519331243469175,0.9753747323340471
oulad,all,future_fail_or_withdrawn,day14,histgb,standard,loo_no_highest_education,full,day14__loo_no_highest_education__standard,day14__full__standard,0.05,0.7761194029850746,0.8017057569296375,-0.02558635394456288,0.0936936936936937,0.09678249678249679,-0.003088803088803091,-12,12,327,611,0.5351882160392799,0.697228144989339
oulad,all,future_fail_or_withdrawn,day14,histgb,standard,loo_no_highest_education,full,day14__loo_no_highest_education__standard,day14__full__standard,0.1,0.7229946524064171,0.7572192513368984,-0.03422459893048124,0.174002574002574,0.18223938223938224,-0.008236808236808252,-32,32,704,1166,0.6037735849056604,0.7529411764705882
oulad,all,future_fail_or_withdrawn,day14,histgb,standard,loo_no_highest_education,full,day14__loo_no_highest_education__standard,day14__full__standard,0.2,0.671482075976458,0.6918138041733547,-0.02033172819689666,0.323037323037323,0.3328185328185328,-0.009781209781209776,-38,38,1472,2266,0.649602824360106,0.7875869448903157
oulad,all,future_fail_or_withdrawn,day14,histgb,standard,loo_no_highest_education,full,day14__loo_no_highest_education__standard,day14__full__standard,0.3,0.6324054246966453,0.6434689507494646,-0.01106352605281935,0.4561132561132561,0.4640926640926641,-0.007979407979407993,-31,31,2300,3304,0.6961259079903148,0.820842255531763
oulad,all,future_fail_or_withdrawn,day14,histgb,standard,loo_no_imd_band,full,day14__loo_no_imd_band__standard,day14__full__standard,0.05,0.7803837953091685,0.8017057569296375,-0.021321961620469065,0.09420849420849421,0.09678249678249679,-0.0025740025740025735,-10,10,385,553,0.6962025316455697,0.8208955223880597
oulad,all,future_fail_or_withdrawn,day14,histgb,standard,loo_no_imd_band,full,day14__loo_no_imd_band__standard,day14__full__standard,0.1,0.7529411764705882,0.7572192513368984,-0.004278074866310155,0.1812097812097812,0.18223938223938224,-0.001029601029601035,-4,4,809,1061,0.76248821866164,0.8652406417112299
oulad,all,future_fail_or_withdrawn,day14,histgb,standard,loo_no_imd_band,full,day14__loo_no_imd_band__standard,day14__full__standard,0.2,0.6902086677367576,0.6918138041733547,-0.0016051364365970988,0.33204633204633205,0.3328185328185328,-0.0007722007722007485,-3,3,1663,2075,0.8014457831325301,0.889780631353665
oulad,all,future_fail_or_withdrawn,day14,histgb,standard,loo_no_imd_band,full,day14__loo_no_imd_band__standard,day14__full__standard,0.3,0.6377587437544611,0.6434689507494646,-0.005710206995003575,0.45997425997425995,0.4640926640926641,-0.00411840411840414,-16,16,2511,3093,0.8118331716779825,0.8961456102783726
oulad,all,future_fail_or_withdrawn,day14,histgb,standard,loo_no_region,full,day14__loo_no_region__standard,day14__full__standard,0.05,0.7974413646055437,0.8017057569296375,-0.004264392324093813,0.09626769626769627,0.09678249678249679,-0.0005148005148005175,-2,2,428,510,0.8392156862745098,0.9125799573560768
oulad,all,future_fail_or_withdrawn,day14,histgb,standard,loo_no_region,full,day14__loo_no_region__standard,day14__full__standard,0.1,0.7529411764705882,0.7572192513368984,-0.004278074866310155,0.1812097812097812,0.18223938223938224,-0.001029601029601035,-4,4,874,996,0.8775100401606426,0.9347593582887701
oulad,all,future_fail_or_withdrawn,day14,histgb,standard,loo_no_region,full,day14__loo_no_region__standard,day14__full__standard,0.2,0.6971642589620117,0.6918138041733547,0.005350454788657033,0.3353925353925354,0.3328185328185328,0.0025740025740025874,10,-10,1759,1979,0.8888327438100051,0.9411449973247726
oulad,all,future_fail_or_withdrawn,day14,histgb,standard,loo_no_region,full,day14__loo_no_region__standard,day14__full__standard,0.3,0.6413276231263383,0.6434689507494646,-0.0021413276231263545,0.46254826254826253,0.4640926640926641,-0.0015444015444015524,-6,6,2674,2930,0.9126279863481229,0.9543183440399714
oulad,all,future_fail_or_withdrawn,day14,histgb,standard,minimized,full,day14__minimized__standard,day14__full__standard,0.05,0.7654584221748401,0.8017057569296375,-0.03624733475479747,0.0924066924066924,0.09678249678249679,-0.004375804375804385,-17,17,304,634,0.4794952681388013,0.6481876332622601
oulad,all,future_fail_or_withdrawn,day14,histgb,standard,minimized,full,day14__minimized__standard,day14__full__standard,0.1,0.7165775401069518,0.7572192513368984,-0.04064171122994653,0.17245817245817247,0.18223938223938224,-0.009781209781209776,-38,38,645,1225,0.5265306122448979,0.6898395721925134
oulad,all,future_fail_or_withdrawn,day14,histgb,standard,minimized,full,day14__minimized__standard,day14__full__standard,0.2,0.6698769395398609,0.6918138041733547,-0.021936864633493758,0.3222651222651223,0.3328185328185328,-0.010553410553410525,-41,41,1386,2352,0.5892857142857143,0.7415730337078652
oulad,all,future_fail_or_withdrawn,day14,histgb,standard,minimized,full,day14__minimized__standard,day14__full__standard,0.3,0.6227694503925767,0.6434689507494646,-0.020699500356887945,0.4491634491634492,0.4640926640926641,-0.014929214929214896,-58,58,2188,3416,0.6405152224824356,0.780870806566738
oulad,all,future_fail_or_withdrawn,day14,histgb,standard,partial_gender_disability,full,day14__partial_gender_disability__standard,day14__full__standard,0.05,0.8017057569296375,0.8017057569296375,0.0,0.09678249678249679,0.09678249678249679,0.0,0,0,424,514,0.8249027237354085,0.9040511727078892
oulad,all,future_fail_or_withdrawn,day14,histgb,standard,partial_gender_disability,full,day14__partial_gender_disability__standard,day14__full__standard,0.1,0.758288770053476,0.7572192513368984,0.0010695187165775666,0.1824967824967825,0.18223938223938224,0.00025740025740025874,1,-1,881,989,0.890798786653185,0.9422459893048128
oulad,all,future_fail_or_withdrawn,day14,histgb,standard,partial_gender_disability,full,day14__partial_gender_disability__standard,day14__full__standard,0.2,0.6971642589620117,0.6918138041733547,0.005350454788657033,0.3353925353925354,0.3328185328185328,0.0025740025740025874,10,-10,1773,1965,0.9022900763358779,0.9486356340288925
oulad,all,future_fail_or_withdrawn,day14,histgb,standard,partial_gender_disability,full,day14__partial_gender_disability__standard,day14__full__standard,0.3,0.639186295503212,0.6434689507494646,-0.004282655246252598,0.461003861003861,0.4640926640926641,-0.003088803088803105,-12,12,2679,2925,0.9158974358974359,0.9561027837259101
oulad,all,future_fail_or_withdrawn,day28,histgb,standard,minimized,full,day28__minimized__standard,day28__full__standard,0.05,0.8898488120950324,0.8876889848812095,0.002159827213822907,0.10972037283621837,0.10945406125166444,0.00026631158455392434,1,-1,323,603,0.5356550580431177,0.6976241900647948
oulad,all,future_fail_or_withdrawn,day28,histgb,standard,minimized,full,day28__minimized__standard,day28__full__standard,0.1,0.8255687973997833,0.8277356446370531,-0.0021668472372697867,0.2029294274300932,0.20346205059920106,-0.0005326231691078487,-2,2,764,1082,0.7060998151571165,0.8277356446370531
oulad,all,future_fail_or_withdrawn,day28,histgb,standard,minimized,full,day28__minimized__standard,day28__full__standard,0.2,0.7040650406504065,0.7192411924119241,-0.015176151761517542,0.3459387483355526,0.3533954727030626,-0.007456724367509993,-28,28,1412,2278,0.6198419666374012,0.7653116531165312
oulad,all,future_fail_or_withdrawn,day28,histgb,standard,minimized,full,day28__minimized__standard,day28__full__standard,0.3,0.6384671005061461,0.658351409978308,-0.01988430947216191,0.470306258322237,0.48495339547270305,-0.01464713715046606,-55,55,2109,3423,0.6161262050832603,0.762472885032538
oulad,all,future_fail_or_withdrawn,day28,histgb,standard,partial_gender_disability,full,day28__partial_gender_disability__standard,day28__full__standard,0.05,0.8898488120950324,0.8876889848812095,0.002159827213822907,0.10972037283621837,0.10945406125166444,0.00026631158455392434,1,-1,415,511,0.812133072407045,0.896328293736501
oulad,all,future_fail_or_withdrawn,day28,histgb,standard,partial_gender_disability,full,day28__partial_gender_disability__standard,day28__full__standard,0.1,0.8266522210184182,0.8277356446370531,-0.0010834236186348933,0.20319573901464713,0.20346205059920106,-0.00026631158455392434,-1,1,862,984,0.8760162601626016,0.933911159263272
oulad,all,future_fail_or_withdrawn,day28,histgb,standard,partial_gender_disability,full,day28__partial_gender_disability__standard,day28__full__standard,0.2,0.7235772357723578,0.7192411924119241,0.0043360433604336945,0.355525965379494,0.3533954727030626,0.0021304926764313947,8,-8,1705,1985,0.8589420654911839,0.924119241192412
oulad,all,future_fail_or_withdrawn,day28,histgb,standard,partial_gender_disability,full,day28__partial_gender_disability__standard,day28__full__standard,0.3,0.6529284164859002,0.658351409978308,-0.005422993492407824,0.48095872170439413,0.48495339547270305,-0.003994673768308921,-15,15,2586,2946,0.8778004073319755,0.9349240780911063
oulad,all,future_fail_or_withdrawn,day42,histgb,standard,loo_no_age_band,full,day42__loo_no_age_band__standard,day42__full__standard,0.05,0.9144736842105263,0.9035087719298246,0.010964912280701733,0.11635044642857142,0.11495535714285714,0.0013950892857142877,5,-5,430,482,0.8921161825726142,0.9429824561403509
oulad,all,future_fail_or_withdrawn,day42,histgb,standard,loo_no_age_band,full,day42__loo_no_age_band__standard,day42__full__standard,0.1,0.8546255506607929,0.8469162995594713,0.00770925110132159,0.21651785714285715,0.21456473214285715,0.001953125,7,-7,878,938,0.9360341151385928,0.9669603524229075
oulad,all,future_fail_or_withdrawn,day42,histgb,standard,loo_no_age_band,full,day42__loo_no_age_band__standard,day42__full__standard,0.2,0.7410270568746549,0.7404748757592491,0.000552181115405781,0.3744419642857143,0.37416294642857145,0.0002790178571428492,1,-1,1769,1853,0.9546681057744199,0.9768083931529542
oulad,all,future_fail_or_withdrawn,day42,histgb,standard,loo_no_age_band,full,day42__loo_no_age_band__standard,day42__full__standard,0.3,0.6737849779086893,0.6734167893961709,0.0003681885125184081,0.5106026785714286,0.5103236607142857,0.0002790178571429047,1,-1,2663,2769,0.9617190321415674,0.9804860088365243
oulad,all,future_fail_or_withdrawn,day42,histgb,standard,loo_no_disability,full,day42__loo_no_disability__standard,day42__full__standard,0.05,0.9057017543859649,0.9035087719298246,0.002192982456140302,0.115234375,0.11495535714285714,0.0002790178571428631,1,-1,429,483,0.8881987577639752,0.9407894736842105
oulad,all,future_fail_or_withdrawn,day42,histgb,standard,loo_no_disability,full,day42__loo_no_disability__standard,day42__full__standard,0.1,0.8480176211453745,0.8469162995594713,0.0011013215859031478,0.21484375,0.21456473214285715,0.0002790178571428492,1,-1,867,949,0.9135932560590094,0.9548458149779736
oulad,all,future_fail_or_withdrawn,day42,histgb,standard,loo_no_disability,full,day42__loo_no_disability__standard,day42__full__standard,0.2,0.737161789066814,0.7404748757592491,-0.00331308669243513,0.3724888392857143,0.37416294642857145,-0.0016741071428571508,-6,6,1751,1871,0.9358631747728487,0.9668691330756488
oulad,all,future_fail_or_withdrawn,day42,histgb,standard,loo_no_disability,full,day42__loo_no_disability__standard,day42__full__standard,0.3,0.6715758468335787,0.6734167893961709,-0.0018409425625921516,0.5089285714285714,0.5103236607142857,-0.0013950892857143016,-5,5,2639,2793,0.9448621553884712,0.9716494845360825
oulad,all,future_fail_or_withdrawn,day42,histgb,standard,loo_no_gender,full,day42__loo_no_gender__standard,day42__full__standard,0.05,0.918859649122807,0.9035087719298246,0.015350877192982448,0.11690848214285714,0.11495535714285714,0.001953125,7,-7,437,475,0.92,0.9583333333333334
oulad,all,future_fail_or_withdrawn,day42,histgb,standard,loo_no_gender,full,day42__loo_no_gender__standard,day42__full__standard,0.1,0.8524229074889867,0.8469162995594713,0.005506607929515406,0.21595982142857142,0.21456473214285715,0.0013950892857142738,5,-5,891,925,0.9632432432432433,0.9812775330396476
oulad,all,future_fail_or_withdrawn,day42,histgb,standard,loo_no_gender,full,day42__loo_no_gender__standard,day42__full__standard,0.2,0.7421314191054665,0.7404748757592491,0.001656543346217454,0.375,0.37416294642857145,0.0008370535714285476,3,-3,1772,1850,0.9578378378378378,0.9784649364991718
oulad,all,future_fail_or_withdrawn,day42,histgb,standard,loo_no_gender,full,day42__loo_no_gender__standard,day42__full__standard,0.3,0.6730486008836525,0.6734167893961709,-0.0003681885125184081,0.5100446428571429,0.5103236607142857,-0.0002790178571427937,-1,1,2675,2757,0.9702575262966993,0.9849042709867453
oulad,all,future_fail_or_withdrawn,day42,histgb,standard,loo_no_highest_education,full,day42__loo_no_highest_education__standard,day42__full__standard,0.05,0.9166666666666666,0.9035087719298246,0.013157894736842035,0.11662946428571429,0.11495535714285714,0.0016741071428571508,6,-6,375,537,0.6983240223463687,0.8223684210526315
oulad,all,future_fail_or_withdrawn,day42,histgb,standard,loo_no_highest_education,full,day42__loo_no_highest_education__standard,day42__full__standard,0.1,0.8403083700440529,0.8469162995594713,-0.0066079295154184425,0.212890625,0.21456473214285715,-0.0016741071428571508,-6,6,785,1031,0.7613967022308439,0.8645374449339207
oulad,all,future_fail_or_withdrawn,day42,histgb,standard,loo_no_highest_education,full,day42__loo_no_highest_education__standard,day42__full__standard,0.2,0.7410270568746549,0.7404748757592491,0.000552181115405781,0.3744419642857143,0.37416294642857145,0.0002790178571428492,1,-1,1565,2057,0.7608167233835683,0.8641634456101601
oulad,all,future_fail_or_withdrawn,day42,histgb,standard,loo_no_highest_education,full,day42__loo_no_highest_education__standard,day42__full__standard,0.3,0.6623711340206185,0.6734167893961709,-0.011045655375552355,0.501953125,0.5103236607142857,-0.008370535714285698,-30,30,2386,3046,0.783322390019698,0.8784977908689249
oulad,all,future_fail_or_withdrawn,day42,histgb,standard,loo_no_imd_band,full,day42__loo_no_imd_band__standard,day42__full__standard,0.05,0.9166666666666666,0.9035087719298246,0.013157894736842035,0.11662946428571429,0.11495535714285714,0.0016741071428571508,6,-6,394,518,0.7606177606177607,0.8640350877192983
oulad,all,future_fail_or_withdrawn,day42,histgb,standard,loo_no_imd_band,full,day42__loo_no_imd_band__standard,day42__full__standard,0.1,0.8480176211453745,0.8469162995594713,0.0011013215859031478,0.21484375,0.21456473214285715,0.0002790178571428492,1,-1,804,1012,0.7944664031620553,0.8854625550660793
oulad,all,future_fail_or_withdrawn,day42,histgb,standard,loo_no_imd_band,full,day42__loo_no_imd_band__standard,day42__full__standard,0.2,0.7344008834897846,0.7404748757592491,-0.006073992269464479,0.37109375,0.37416294642857145,-0.0030691964285714524,-11,11,1652,1970,0.8385786802030457,0.9122032026504694
oulad,all,future_fail_or_withdrawn,day42,histgb,standard,loo_no_imd_band,full,day42__loo_no_imd_band__standard,day42__full__standard,0.3,0.6656848306332842,0.6734167893961709,-0.0077319587628866815,0.5044642857142857,0.5103236607142857,-0.005859375,-21,21,2499,2933,0.8520286396181385,0.9201030927835051
oulad,all,future_fail_or_withdrawn,day42,histgb,standard,loo_no_region,full,day42__loo_no_region__standard,day42__full__standard,0.05,0.918859649122807,0.9035087719298246,0.015350877192982448,0.11690848214285714,0.11495535714285714,0.001953125,7,-7,425,487,0.8726899383983573,0.9320175438596491
oulad,all,future_fail_or_withdrawn,day42,histgb,standard,loo_no_region,full,day42__loo_no_region__standard,day42__full__standard,0.1,0.8436123348017621,0.8469162995594713,-0.0033039647577092213,0.21372767857142858,0.21456473214285715,-0.0008370535714285754,-3,3,859,957,0.8975966562173459,0.9460352422907489
oulad,all,future_fail_or_withdrawn,day42,histgb,standard,loo_no_region,full,day42__loo_no_region__standard,day42__full__standard,0.2,0.7388183324130315,0.7404748757592491,-0.001656543346217565,0.37332589285714285,0.37416294642857145,-0.0008370535714286031,-3,3,1733,1889,0.9174166225516146,0.9569298729983434
oulad,all,future_fail_or_withdrawn,day42,histgb,standard,loo_no_region,full,day42__loo_no_region__standard,day42__full__standard,0.3,0.6752577319587629,0.6734167893961709,0.0018409425625920406,0.51171875,0.5103236607142857,0.0013950892857143016,5,-5,2621,2811,0.9324083955887584,0.9650220913107511
oulad,all,future_fail_or_withdrawn,day42,histgb,standard,minimized,full,day42__minimized__standard,day42__full__standard,0.05,0.9210526315789473,0.9035087719298246,0.01754385964912275,0.1171875,0.11495535714285714,0.002232142857142863,8,-8,349,563,0.6198934280639432,0.7653508771929824
oulad,all,future_fail_or_withdrawn,day42,histgb,standard,minimized,full,day42__minimized__standard,day42__full__standard,0.1,0.8392070484581498,0.8469162995594713,-0.00770925110132159,0.21261160714285715,0.21456473214285715,-0.001953125,-7,7,739,1077,0.6861652739090065,0.8138766519823789
oulad,all,future_fail_or_withdrawn,day42,histgb,standard,minimized,full,day42__minimized__standard,day42__full__standard,0.2,0.7355052457205964,0.7404748757592491,-0.004969630038652695,0.3716517857142857,0.37416294642857145,-0.002511160714285754,-9,9,1503,2119,0.7092968381311939,0.8299282164549973
oulad,all,future_fail_or_withdrawn,day42,histgb,standard,minimized,full,day42__minimized__standard,day42__full__standard,0.3,0.658321060382916,0.6734167893961709,-0.015095729013254844,0.49888392857142855,0.5103236607142857,-0.01143973214285715,-41,41,2313,3119,0.7415838409746713,0.851620029455081
oulad,all,future_fail_or_withdrawn,day42,histgb,standard,partial_gender_disability,full,day42__partial_gender_disability__standard,day42__full__standard,0.05,0.9057017543859649,0.9035087719298246,0.002192982456140302,0.115234375,0.11495535714285714,0.0002790178571428631,1,-1,427,485,0.8804123711340206,0.9364035087719298
oulad,all,future_fail_or_withdrawn,day42,histgb,standard,partial_gender_disability,full,day42__partial_gender_disability__standard,day42__full__standard,0.1,0.8425110132158591,0.8469162995594713,-0.004405286343612258,0.21344866071428573,0.21456473214285715,-0.0011160714285714246,-4,4,871,945,0.9216931216931217,0.9592511013215859
oulad,all,future_fail_or_withdrawn,day42,histgb,standard,partial_gender_disability,full,day42__partial_gender_disability__standard,day42__full__standard,0.2,0.7415792379900608,0.7404748757592491,0.001104362230811673,0.37472098214285715,0.37416294642857145,0.0005580357142856984,2,-2,1757,1865,0.9420911528150134,0.9701822197680839
oulad,all,future_fail_or_withdrawn,day42,histgb,standard,partial_gender_disability,full,day42__partial_gender_disability__standard,day42__full__standard,0.3,0.6712076583210603,0.6734167893961709,-0.0022091310751105597,0.5086495535714286,0.5103236607142857,-0.0016741071428570953,-6,6,2650,2782,0.9525521207764198,0.975699558173785
oulad,all,future_fail_or_withdrawn,day42,histgb,standard,strict_enriched_due_process,full,day42__strict_enriched_due_process__standard,day42__full__standard,0.05,0.8355263157894737,0.9035087719298246,-0.06798245614035092,0.10630580357142858,0.11495535714285714,-0.008649553571428562,-31,31,258,654,0.3944954128440367,0.5657894736842105
oulad,all,future_fail_or_withdrawn,day42,histgb,standard,strict_enriched_due_process,full,day42__strict_enriched_due_process__standard,day42__full__standard,0.1,0.7422907488986784,0.8469162995594713,-0.10462555066079293,0.18805803571428573,0.21456473214285715,-0.026506696428571425,-95,95,540,1276,0.4231974921630094,0.5947136563876652
oulad,all,future_fail_or_withdrawn,day42,histgb,standard,strict_enriched_due_process,full,day42__strict_enriched_due_process__standard,day42__full__standard,0.2,0.6576477084483711,0.7404748757592491,-0.08282716731087802,0.33231026785714285,0.37416294642857145,-0.0418526785714286,-150,150,1138,2484,0.4581320450885668,0.6283821093318609
oulad,all,future_fail_or_withdrawn,day42,histgb,standard,strict_enriched_due_process,full,day42__strict_enriched_due_process__standard,day42__full__standard,0.3,0.5997790868924889,0.6734167893961709,-0.07363770250368196,0.4545200892857143,0.5103236607142857,-0.0558035714285714,-200,200,1799,3633,0.4951830443159923,0.6623711340206185
oulad,all,future_fail_or_withdrawn,day42,histgb,standard,strict_original,full,day42__strict_original__standard,day42__full__standard,0.05,0.7850877192982456,0.9035087719298246,-0.11842105263157898,0.09988839285714286,0.11495535714285714,-0.015066964285714274,-54,54,224,688,0.32558139534883723,0.49122807017543857
oulad,all,future_fail_or_withdrawn,day42,histgb,standard,strict_original,full,day42__strict_original__standard,day42__full__standard,0.1,0.736784140969163,0.8469162995594713,-0.11013215859030834,0.18666294642857142,0.21456473214285715,-0.027901785714285726,-100,100,517,1299,0.39799846035411857,0.5693832599118943
oulad,all,future_fail_or_withdrawn,day42,histgb,standard,strict_original,full,day42__strict_original__standard,day42__full__standard,0.2,0.6427388183324131,0.7404748757592491,-0.097736057426836,0.3247767857142857,0.37416294642857145,-0.049386160714285754,-177,177,1112,2510,0.44302788844621516,0.6140254003313087
oulad,all,future_fail_or_withdrawn,day42,histgb,standard,strict_original,full,day42__strict_original__standard,day42__full__standard,0.3,0.5813696612665685,0.6734167893961709,-0.09204712812960236,0.44056919642857145,0.5103236607142857,-0.06975446428571425,-250,250,1756,3676,0.4776931447225245,0.646539027982327
oulad,all,future_fail_or_withdrawn,day42,histgb,standard,strict_typed_alternative,full,day42__strict_typed_alternative__standard,day42__full__standard,0.05,0.8201754385964912,0.9035087719298246,-0.08333333333333337,0.10435267857142858,0.11495535714285714,-0.010602678571428562,-38,38,236,676,0.34911242603550297,0.5175438596491229
oulad,all,future_fail_or_withdrawn,day42,histgb,standard,strict_typed_alternative,full,day42__strict_typed_alternative__standard,day42__full__standard,0.1,0.737885462555066,0.8469162995594713,-0.1090308370044053,0.18694196428571427,0.21456473214285715,-0.027622767857142877,-99,99,517,1299,0.39799846035411857,0.5693832599118943
oulad,all,future_fail_or_withdrawn,day42,histgb,standard,strict_typed_alternative,full,day42__strict_typed_alternative__standard,day42__full__standard,0.2,0.6537824406405301,0.7404748757592491,-0.08669243511871894,0.33035714285714285,0.37416294642857145,-0.0438058035714286,-157,157,1130,2492,0.4534510433386838,0.623964660408614
oulad,all,future_fail_or_withdrawn,day42,histgb,standard,strict_typed_alternative,full,day42__strict_typed_alternative__standard,day42__full__standard,0.3,0.5891016200294551,0.6734167893961709,-0.08431516936671579,0.44642857142857145,0.5103236607142857,-0.06389508928571425,-229,229,1782,3650,0.4882191780821918,0.6561119293078056
oulad,all,future_fail_or_withdrawn,day56,histgb,standard,minimized,full,day56__minimized__standard,day56__full__standard,0.05,0.9484304932735426,0.9506726457399103,-0.0022421524663677195,0.12368421052631579,0.1239766081871345,-0.000292397660818719,-1,1,338,554,0.6101083032490975,0.757847533632287
oulad,all,future_fail_or_withdrawn,day56,histgb,standard,minimized,full,day56__minimized__standard,day56__full__standard,0.1,0.903370786516854,0.9,0.003370786516853963,0.23508771929824562,0.23421052631578948,0.0008771929824561431,3,-3,781,999,0.7817817817817818,0.8775280898876404
oulad,all,future_fail_or_withdrawn,day56,histgb,standard,minimized,full,day56__minimized__standard,day56__full__standard,0.2,0.7800899887514061,0.7896512935883014,-0.009561304836895324,0.40555555555555556,0.4105263157894737,-0.004970760233918126,-17,17,1590,1966,0.8087487283825026,0.8942632170978627
oulad,all,future_fail_or_withdrawn,day56,histgb,standard,minimized,full,day56__minimized__standard,day56__full__standard,0.3,0.6635408852213053,0.6834208552138035,-0.019879969992498192,0.5172514619883041,0.5327485380116959,-0.015497076023391787,-53,53,2254,3078,0.7322936972059779,0.8454613653413353
oulad,all,future_fail_or_withdrawn,day56,histgb,standard,partial_gender_disability,full,day56__partial_gender_disability__standard,day56__full__standard,0.05,0.9484304932735426,0.9506726457399103,-0.0022421524663677195,0.12368421052631579,0.1239766081871345,-0.000292397660818719,-1,1,411,481,0.8544698544698545,0.92152466367713
oulad,all,future_fail_or_withdrawn,day56,histgb,standard,partial_gender_disability,full,day56__partial_gender_disability__standard,day56__full__standard,0.1,0.902247191011236,0.9,0.0022471910112359383,0.2347953216374269,0.23421052631578948,0.0005847953216374102,2,-2,855,925,0.9243243243243243,0.9606741573033708
oulad,all,future_fail_or_withdrawn,day56,histgb,standard,partial_gender_disability,full,day56__partial_gender_disability__standard,day56__full__standard,0.2,0.7862767154105736,0.7896512935883014,-0.003374578177727794,0.4087719298245614,0.4105263157894737,-0.0017543859649122862,-6,6,1737,1819,0.9549202858713579,0.9769403824521935
oulad,all,future_fail_or_withdrawn,day56,histgb,standard,partial_gender_disability,full,day56__partial_gender_disability__standard,day56__full__standard,0.3,0.6804201050262566,0.6834208552138035,-0.0030007501875468634,0.5304093567251462,0.5327485380116959,-0.002339181286549641,-8,8,2575,2757,0.9339862169024302,0.9658664666166542
oulad,all,future_fail_or_withdrawn,day70,histgb,standard,minimized,full,day70__minimized__standard,day70__full__standard,0.05,0.9771689497716894,0.9703196347031964,0.006849315068493067,0.13222119246215633,0.13129440840284215,0.0009267840593141785,3,-3,344,532,0.6466165413533834,0.7853881278538812
oulad,all,future_fail_or_withdrawn,day70,histgb,standard,minimized,full,day70__minimized__standard,day70__full__standard,0.1,0.9289805269186713,0.9335624284077892,-0.004581901489117968,0.2505406240345999,0.2517763361136855,-0.0012357120790855713,-4,4,807,939,0.8594249201277955,0.9243986254295533
oulad,all,future_fail_or_withdrawn,day70,histgb,standard,minimized,full,day70__minimized__standard,day70__full__standard,0.2,0.7911646586345381,0.7980493402180149,-0.0068846815834767705,0.42601173926475133,0.42971887550200805,-0.003707136237256714,-12,12,1562,1924,0.8118503118503119,0.8961560527825588
oulad,all,future_fail_or_withdrawn,day70,histgb,standard,minimized,full,day70__minimized__standard,day70__full__standard,0.3,0.6702412868632708,0.6855610877058598,-0.015319800842588993,0.5406240345999382,0.552981155390794,-0.012357120790855713,-40,40,2201,3021,0.7285666997682887,0.8429720413634623
oulad,all,future_fail_or_withdrawn,day70,histgb,standard,partial_gender_disability,full,day70__partial_gender_disability__standard,day70__full__standard,0.05,0.9726027397260274,0.9703196347031964,0.0022831050228310223,0.13160333642261354,0.13129440840284215,0.00030892801977139284,1,-1,414,462,0.8961038961038961,0.9452054794520548
oulad,all,future_fail_or_withdrawn,day70,histgb,standard,partial_gender_disability,full,day70__partial_gender_disability__standard,day70__full__standard,0.1,0.9312714776632303,0.9335624284077892,-0.002290950744558984,0.2511584800741427,0.2517763361136855,-0.0006178560395427857,-2,2,852,894,0.9530201342281879,0.9759450171821306
oulad,all,future_fail_or_withdrawn,day70,histgb,standard,partial_gender_disability,full,day70__partial_gender_disability__standard,day70__full__standard,0.2,0.7974756167527252,0.7980493402180149,-0.0005737234652897216,0.42940994748223665,0.42971887550200805,-0.00030892801977139284,-1,1,1703,1783,0.9551318003365115,0.9770510613884108
oulad,all,future_fail_or_withdrawn,day70,histgb,standard,partial_gender_disability,full,day70__partial_gender_disability__standard,day70__full__standard,0.3,0.6813481424741479,0.6855610877058598,-0.004212945231711895,0.5495829471733086,0.552981155390794,-0.0033982082174853767,-11,11,2527,2695,0.9376623376623376,0.967828418230563
oulad,all,future_fail_or_withdrawn,day90,histgb,standard,minimized,full,day90__minimized__standard,day90__full__standard,0.05,0.9883449883449883,0.9906759906759907,-0.002331002331002363,0.1378861788617886,0.13821138211382114,-0.00032520325203252987,-1,1,383,475,0.8063157894736842,0.8927738927738927
oulad,all,future_fail_or_withdrawn,day90,histgb,standard,minimized,full,day90__minimized__standard,day90__full__standard,0.1,0.9461988304093567,0.9368421052631579,0.009356725146198785,0.2630894308943089,0.2604878048780488,0.002601626016260128,8,-8,797,913,0.872946330777656,0.9321637426900585
oulad,all,future_fail_or_withdrawn,day90,histgb,standard,minimized,full,day90__minimized__standard,day90__full__standard,0.2,0.7781030444964872,0.7862997658079626,-0.008196721311475419,0.4321951219512195,0.4367479674796748,-0.004552845528455307,-14,14,1525,1891,0.8064516129032258,0.8928571428571429
oulad,all,future_fail_or_withdrawn,day90,histgb,standard,minimized,full,day90__minimized__standard,day90__full__standard,0.3,0.6666666666666666,0.6709601873536299,-0.004293520686963315,0.5554471544715447,0.5590243902439025,-0.0035772357723578008,-11,11,2204,2920,0.7547945205479452,0.8602654176424668
oulad,all,future_fail_or_withdrawn,day90,histgb,standard,partial_gender_disability,full,day90__partial_gender_disability__standard,day90__full__standard,0.05,0.9883449883449883,0.9906759906759907,-0.002331002331002363,0.1378861788617886,0.13821138211382114,-0.00032520325203252987,-1,1,412,446,0.9237668161434978,0.9603729603729604
oulad,all,future_fail_or_withdrawn,day90,histgb,standard,partial_gender_disability,full,day90__partial_gender_disability__standard,day90__full__standard,0.1,0.9403508771929825,0.9368421052631579,0.0035087719298245723,0.26146341463414635,0.2604878048780488,0.0009756097560975618,3,-3,838,872,0.9610091743119266,0.9801169590643275
oulad,all,future_fail_or_withdrawn,day90,histgb,standard,partial_gender_disability,full,day90__partial_gender_disability__standard,day90__full__standard,0.2,0.7874707259953162,0.7862997658079626,0.0011709601873536313,0.4373983739837398,0.4367479674796748,0.0006504065040650042,2,-2,1676,1740,0.9632183908045977,0.9812646370023419
oulad,all,future_fail_or_withdrawn,day90,histgb,standard,partial_gender_disability,full,day90__partial_gender_disability__standard,day90__full__standard,0.3,0.6725214676034348,0.6709601873536299,0.0015612802498048417,0.5603252032520325,0.5590243902439025,0.0013008130081300084,4,-4,2513,2611,0.9624664879356568,0.9808743169398907
uci320,mathematics,fail_g3_lt_10,baseline,histgb,c13_selected,no_demographic_family,full,uci320__mathematics__fail_g3_lt_10__baseline__no_demographic_family__histgb,uci320__mathematics__fail_g3_lt_10__baseline__full__histgb,0.05,0.38095238095238093,0.5714285714285714,-0.19047619047619047,0.06153846153846154,0.09230769230769231,-0.03076923076923077,-4,4,10,32,0.3125,0.47619047619047616
uci320,mathematics,fail_g3_lt_10,baseline,histgb,c13_selected,no_demographic_family,full,uci320__mathematics__fail_g3_lt_10__baseline__no_demographic_family__histgb,uci320__mathematics__fail_g3_lt_10__baseline__full__histgb,0.1,0.5,0.575,-0.07499999999999996,0.15384615384615385,0.17692307692307693,-0.023076923076923078,-3,3,20,60,0.3333333333333333,0.5
uci320,mathematics,fail_g3_lt_10,baseline,histgb,c13_selected,no_demographic_family,full,uci320__mathematics__fail_g3_lt_10__baseline__no_demographic_family__histgb,uci320__mathematics__fail_g3_lt_10__baseline__full__histgb,0.2,0.4625,0.475,-0.012499999999999956,0.2846153846153846,0.2923076923076923,-0.0076923076923077205,-1,1,47,113,0.415929203539823,0.5875
uci320,mathematics,fail_g3_lt_10,baseline,histgb,c13_selected,no_demographic_family,full,uci320__mathematics__fail_g3_lt_10__baseline__no_demographic_family__histgb,uci320__mathematics__fail_g3_lt_10__baseline__full__histgb,0.3,0.5294117647058824,0.42857142857142855,0.10084033613445381,0.4846153846153846,0.3923076923076923,0.09230769230769231,12,-12,88,150,0.5866666666666667,0.7394957983193278
uci320,mathematics,fail_g3_lt_10,baseline,histgb,c13_selected,no_sensitive_wellbeing,full,uci320__mathematics__fail_g3_lt_10__baseline__no_sensitive_wellbeing__histgb,uci320__mathematics__fail_g3_lt_10__baseline__full__histgb,0.05,0.5714285714285714,0.5714285714285714,0.0,0.09230769230769231,0.09230769230769231,0.0,0,0,17,25,0.68,0.8095238095238095
uci320,mathematics,fail_g3_lt_10,baseline,histgb,c13_selected,no_sensitive_wellbeing,full,uci320__mathematics__fail_g3_lt_10__baseline__no_sensitive_wellbeing__histgb,uci320__mathematics__fail_g3_lt_10__baseline__full__histgb,0.1,0.575,0.575,0.0,0.17692307692307693,0.17692307692307693,0.0,0,0,29,51,0.5686274509803921,0.725
uci320,mathematics,fail_g3_lt_10,baseline,histgb,c13_selected,no_sensitive_wellbeing,full,uci320__mathematics__fail_g3_lt_10__baseline__no_sensitive_wellbeing__histgb,uci320__mathematics__fail_g3_lt_10__baseline__full__histgb,0.2,0.5125,0.475,0.03749999999999998,0.3153846153846154,0.2923076923076923,0.02307692307692305,3,-3,60,100,0.6,0.75
uci320,mathematics,fail_g3_lt_10,baseline,histgb,c13_selected,no_sensitive_wellbeing,full,uci320__mathematics__fail_g3_lt_10__baseline__no_sensitive_wellbeing__histgb,uci320__mathematics__fail_g3_lt_10__baseline__full__histgb,0.3,0.44537815126050423,0.42857142857142855,0.01680672268907568,0.4076923076923077,0.3923076923076923,0.015384615384615385,2,-2,96,142,0.676056338028169,0.8067226890756303
uci320,mathematics,fail_g3_lt_10,baseline,histgb,c13_selected,school_observable_only,full,uci320__mathematics__fail_g3_lt_10__baseline__school_observable_only__histgb,uci320__mathematics__fail_g3_lt_10__baseline__full__histgb,0.05,0.5238095238095238,0.5714285714285714,-0.04761904761904756,0.08461538461538462,0.09230769230769231,-0.007692307692307693,-1,1,6,36,0.16666666666666666,0.2857142857142857
uci320,mathematics,fail_g3_lt_10,baseline,histgb,c13_selected,school_observable_only,full,uci320__mathematics__fail_g3_lt_10__baseline__school_observable_only__histgb,uci320__mathematics__fail_g3_lt_10__baseline__full__histgb,0.1,0.575,0.575,0.0,0.17692307692307693,0.17692307692307693,0.0,0,0,17,63,0.2698412698412698,0.425
uci320,mathematics,fail_g3_lt_10,baseline,histgb,c13_selected,school_observable_only,full,uci320__mathematics__fail_g3_lt_10__baseline__school_observable_only__histgb,uci320__mathematics__fail_g3_lt_10__baseline__full__histgb,0.2,0.5375,0.475,0.0625,0.33076923076923076,0.2923076923076923,0.038461538461538436,5,-5,43,117,0.36752136752136755,0.5375
uci320,mathematics,fail_g3_lt_10,baseline,histgb,c13_selected,school_observable_only,full,uci320__mathematics__fail_g3_lt_10__baseline__school_observable_only__histgb,uci320__mathematics__fail_g3_lt_10__baseline__full__histgb,0.3,0.5294117647058824,0.42857142857142855,0.10084033613445381,0.4846153846153846,0.3923076923076923,0.09230769230769231,12,-12,73,165,0.44242424242424244,0.6134453781512605
uci320,mathematics,fail_g3_lt_10,baseline,histgb,c13_selected,targeted_no_sex,full,uci320__mathematics__fail_g3_lt_10__baseline__targeted_no_sex__histgb,uci320__mathematics__fail_g3_lt_10__baseline__full__histgb,0.05,0.5238095238095238,0.5714285714285714,-0.04761904761904756,0.08461538461538462,0.09230769230769231,-0.007692307692307693,-1,1,18,24,0.75,0.8571428571428571
uci320,mathematics,fail_g3_lt_10,baseline,histgb,c13_selected,targeted_no_sex,full,uci320__mathematics__fail_g3_lt_10__baseline__targeted_no_sex__histgb,uci320__mathematics__fail_g3_lt_10__baseline__full__histgb,0.1,0.525,0.575,-0.04999999999999993,0.16153846153846155,0.17692307692307693,-0.015384615384615385,-2,2,31,49,0.6326530612244898,0.775
uci320,mathematics,fail_g3_lt_10,baseline,histgb,c13_selected,targeted_no_sex,full,uci320__mathematics__fail_g3_lt_10__baseline__targeted_no_sex__histgb,uci320__mathematics__fail_g3_lt_10__baseline__full__histgb,0.2,0.4375,0.475,-0.03749999999999998,0.2692307692307692,0.2923076923076923,-0.023076923076923106,-3,3,66,94,0.7021276595744681,0.825
uci320,mathematics,fail_g3_lt_10,baseline,histgb,c13_selected,targeted_no_sex,full,uci320__mathematics__fail_g3_lt_10__baseline__targeted_no_sex__histgb,uci320__mathematics__fail_g3_lt_10__baseline__full__histgb,0.3,0.42016806722689076,0.42857142857142855,-0.008403361344537785,0.38461538461538464,0.3923076923076923,-0.007692307692307665,-1,1,110,128,0.859375,0.9243697478991597
uci320,mathematics,fail_g3_lt_10,baseline,logistic,c13_selected,no_demographic_family,full,uci320__mathematics__fail_g3_lt_10__baseline__no_demographic_family__logistic,uci320__mathematics__fail_g3_lt_10__baseline__full__logistic,0.05,0.6190476190476191,0.6190476190476191,0.0,0.1,0.1,0.0,0,0,14,28,0.5,0.6666666666666666
uci320,mathematics,fail_g3_lt_10,baseline,logistic,c13_selected,no_demographic_family,full,uci320__mathematics__fail_g3_lt_10__baseline__no_demographic_family__logistic,uci320__mathematics__fail_g3_lt_10__baseline__full__logistic,0.1,0.525,0.575,-0.04999999999999993,0.16153846153846155,0.17692307692307693,-0.015384615384615385,-2,2,30,50,0.6,0.75
uci320,mathematics,fail_g3_lt_10,baseline,logistic,c13_selected,no_demographic_family,full,uci320__mathematics__fail_g3_lt_10__baseline__no_demographic_family__logistic,uci320__mathematics__fail_g3_lt_10__baseline__full__logistic,0.2,0.5625,0.475,0.08750000000000002,0.34615384615384615,0.2923076923076923,0.05384615384615382,7,-7,58,102,0.5686274509803921,0.725
uci320,mathematics,fail_g3_lt_10,baseline,logistic,c13_selected,no_demographic_family,full,uci320__mathematics__fail_g3_lt_10__baseline__no_demographic_family__logistic,uci320__mathematics__fail_g3_lt_10__baseline__full__logistic,0.3,0.5210084033613446,0.4369747899159664,0.08403361344537819,0.47692307692307695,0.4,0.07692307692307693,10,-10,92,146,0.6301369863013698,0.773109243697479
uci320,mathematics,fail_g3_lt_10,baseline,logistic,c13_selected,no_sensitive_wellbeing,full,uci320__mathematics__fail_g3_lt_10__baseline__no_sensitive_wellbeing__logistic,uci320__mathematics__fail_g3_lt_10__baseline__full__logistic,0.05,0.6190476190476191,0.6190476190476191,0.0,0.1,0.1,0.0,0,0,16,26,0.6153846153846154,0.7619047619047619
uci320,mathematics,fail_g3_lt_10,baseline,logistic,c13_selected,no_sensitive_wellbeing,full,uci320__mathematics__fail_g3_lt_10__baseline__no_sensitive_wellbeing__logistic,uci320__mathematics__fail_g3_lt_10__baseline__full__logistic,0.1,0.6,0.575,0.025000000000000022,0.18461538461538463,0.17692307692307693,0.007692307692307693,1,-1,32,48,0.6666666666666666,0.8
uci320,mathematics,fail_g3_lt_10,baseline,logistic,c13_selected,no_sensitive_wellbeing,full,uci320__mathematics__fail_g3_lt_10__baseline__no_sensitive_wellbeing__logistic,uci320__mathematics__fail_g3_lt_10__baseline__full__logistic,0.2,0.5,0.475,0.025000000000000022,0.3076923076923077,0.2923076923076923,0.015384615384615385,2,-2,66,94,0.7021276595744681,0.825
uci320,mathematics,fail_g3_lt_10,baseline,logistic,c13_selected,no_sensitive_wellbeing,full,uci320__mathematics__fail_g3_lt_10__baseline__no_sensitive_wellbeing__logistic,uci320__mathematics__fail_g3_lt_10__baseline__full__logistic,0.3,0.48739495798319327,0.4369747899159664,0.05042016806722688,0.4461538461538462,0.4,0.046153846153846156,6,-6,100,138,0.7246376811594203,0.8403361344537815
uci320,mathematics,fail_g3_lt_10,baseline,logistic,c13_selected,school_observable_only,full,uci320__mathematics__fail_g3_lt_10__baseline__school_observable_only__logistic,uci320__mathematics__fail_g3_lt_10__baseline__full__logistic,0.05,0.6666666666666666,0.6190476190476191,0.04761904761904756,0.1076923076923077,0.1,0.007692307692307693,1,-1,9,33,0.2727272727272727,0.42857142857142855
uci320,mathematics,fail_g3_lt_10,baseline,logistic,c13_selected,school_observable_only,full,uci320__mathematics__fail_g3_lt_10__baseline__school_observable_only__logistic,uci320__mathematics__fail_g3_lt_10__baseline__full__logistic,0.1,0.575,0.575,0.0,0.17692307692307693,0.17692307692307693,0.0,0,0,23,57,0.40350877192982454,0.575
uci320,mathematics,fail_g3_lt_10,baseline,logistic,c13_selected,school_observable_only,full,uci320__mathematics__fail_g3_lt_10__baseline__school_observable_only__logistic,uci320__mathematics__fail_g3_lt_10__baseline__full__logistic,0.2,0.525,0.475,0.050000000000000044,0.3230769230769231,0.2923076923076923,0.03076923076923077,4,-4,50,110,0.45454545454545453,0.625
uci320,mathematics,fail_g3_lt_10,baseline,logistic,c13_selected,school_observable_only,full,uci320__mathematics__fail_g3_lt_10__baseline__school_observable_only__logistic,uci320__mathematics__fail_g3_lt_10__baseline__full__logistic,0.3,0.5042016806722689,0.4369747899159664,0.0672268907563025,0.46153846153846156,0.4,0.06153846153846154,8,-8,79,159,0.4968553459119497,0.6638655462184874
uci320,mathematics,fail_g3_lt_10,baseline,logistic,c13_selected,targeted_no_sex,full,uci320__mathematics__fail_g3_lt_10__baseline__targeted_no_sex__logistic,uci320__mathematics__fail_g3_lt_10__baseline__full__logistic,0.05,0.6666666666666666,0.6190476190476191,0.04761904761904756,0.1076923076923077,0.1,0.007692307692307693,1,-1,18,24,0.75,0.8571428571428571
uci320,mathematics,fail_g3_lt_10,baseline,logistic,c13_selected,targeted_no_sex,full,uci320__mathematics__fail_g3_lt_10__baseline__targeted_no_sex__logistic,uci320__mathematics__fail_g3_lt_10__baseline__full__logistic,0.1,0.55,0.575,-0.02499999999999991,0.16923076923076924,0.17692307692307693,-0.007692307692307693,-1,1,35,45,0.7777777777777778,0.875
uci320,mathematics,fail_g3_lt_10,baseline,logistic,c13_selected,targeted_no_sex,full,uci320__mathematics__fail_g3_lt_10__baseline__targeted_no_sex__logistic,uci320__mathematics__fail_g3_lt_10__baseline__full__logistic,0.2,0.45,0.475,-0.024999999999999967,0.27692307692307694,0.2923076923076923,-0.015384615384615385,-2,2,75,85,0.8823529411764706,0.9375
uci320,mathematics,fail_g3_lt_10,baseline,logistic,c13_selected,targeted_no_sex,full,uci320__mathematics__fail_g3_lt_10__baseline__targeted_no_sex__logistic,uci320__mathematics__fail_g3_lt_10__baseline__full__logistic,0.3,0.44537815126050423,0.4369747899159664,0.00840336134453784,0.4076923076923077,0.4,0.007692307692307665,1,-1,114,124,0.9193548387096774,0.957983193277311
uci320,mathematics,fail_g3_lt_10,period1,histgb,c13_selected,no_demographic_family,full,uci320__mathematics__fail_g3_lt_10__period1__no_demographic_family__histgb,uci320__mathematics__fail_g3_lt_10__period1__full__histgb,0.05,0.9523809523809523,1.0,-0.04761904761904767,0.15384615384615385,0.16153846153846155,-0.007692307692307693,-1,1,12,30,0.4,0.5714285714285714
uci320,mathematics,fail_g3_lt_10,period1,histgb,c13_selected,no_demographic_family,full,uci320__mathematics__fail_g3_lt_10__period1__no_demographic_family__histgb,uci320__mathematics__fail_g3_lt_10__period1__full__histgb,0.1,0.9,0.925,-0.025000000000000022,0.27692307692307694,0.2846153846153846,-0.007692307692307665,-1,1,32,48,0.6666666666666666,0.8
uci320,mathematics,fail_g3_lt_10,period1,histgb,c13_selected,no_demographic_family,full,uci320__mathematics__fail_g3_lt_10__period1__no_demographic_family__histgb,uci320__mathematics__fail_g3_lt_10__period1__full__histgb,0.2,0.8125,0.8375,-0.025000000000000022,0.5,0.5153846153846153,-0.01538461538461533,-2,2,67,93,0.7204301075268817,0.8375
uci320,mathematics,fail_g3_lt_10,period1,histgb,c13_selected,no_demographic_family,full,uci320__mathematics__fail_g3_lt_10__period1__no_demographic_family__histgb,uci320__mathematics__fail_g3_lt_10__period1__full__histgb,0.3,0.7478991596638656,0.7226890756302521,0.025210084033613467,0.6846153846153846,0.6615384615384615,0.023076923076923106,3,-3,104,134,0.7761194029850746,0.8739495798319328
uci320,mathematics,fail_g3_lt_10,period1,histgb,c13_selected,no_sensitive_wellbeing,full,uci320__mathematics__fail_g3_lt_10__period1__no_sensitive_wellbeing__histgb,uci320__mathematics__fail_g3_lt_10__period1__full__histgb,0.05,0.9523809523809523,1.0,-0.04761904761904767,0.15384615384615385,0.16153846153846155,-0.007692307692307693,-1,1,14,28,0.5,0.6666666666666666
uci320,mathematics,fail_g3_lt_10,period1,histgb,c13_selected,no_sensitive_wellbeing,full,uci320__mathematics__fail_g3_lt_10__period1__no_sensitive_wellbeing__histgb,uci320__mathematics__fail_g3_lt_10__period1__full__histgb,0.1,0.975,0.925,0.04999999999999993,0.3,0.2846153846153846,0.015384615384615385,2,-2,30,50,0.6,0.75
uci320,mathematics,fail_g3_lt_10,period1,histgb,c13_selected,no_sensitive_wellbeing,full,uci320__mathematics__fail_g3_lt_10__period1__no_sensitive_wellbeing__histgb,uci320__mathematics__fail_g3_lt_10__period1__full__histgb,0.2,0.8125,0.8375,-0.025000000000000022,0.5,0.5153846153846153,-0.01538461538461533,-2,2,67,93,0.7204301075268817,0.8375
uci320,mathematics,fail_g3_lt_10,period1,histgb,c13_selected,no_sensitive_wellbeing,full,uci320__mathematics__fail_g3_lt_10__period1__no_sensitive_wellbeing__histgb,uci320__mathematics__fail_g3_lt_10__period1__full__histgb,0.3,0.773109243697479,0.7226890756302521,0.050420168067226934,0.7076923076923077,0.6615384615384615,0.04615384615384621,6,-6,108,130,0.8307692307692308,0.907563025210084
uci320,mathematics,fail_g3_lt_10,period1,histgb,c13_selected,school_observable_only,full,uci320__mathematics__fail_g3_lt_10__period1__school_observable_only__histgb,uci320__mathematics__fail_g3_lt_10__period1__full__histgb,0.05,0.8571428571428571,1.0,-0.1428571428571429,0.13846153846153847,0.16153846153846155,-0.023076923076923078,-3,3,8,34,0.23529411764705882,0.38095238095238093
uci320,mathematics,fail_g3_lt_10,period1,histgb,c13_selected,school_observable_only,full,uci320__mathematics__fail_g3_lt_10__period1__school_observable_only__histgb,uci320__mathematics__fail_g3_lt_10__period1__full__histgb,0.1,0.875,0.925,-0.050000000000000044,0.2692307692307692,0.2846153846153846,-0.015384615384615385,-2,2,24,56,0.42857142857142855,0.6
uci320,mathematics,fail_g3_lt_10,period1,histgb,c13_selected,school_observable_only,full,uci320__mathematics__fail_g3_lt_10__period1__school_observable_only__histgb,uci320__mathematics__fail_g3_lt_10__period1__full__histgb,0.2,0.875,0.8375,0.03749999999999998,0.5384615384615384,0.5153846153846153,0.023076923076923106,3,-3,57,103,0.5533980582524272,0.7125
uci320,mathematics,fail_g3_lt_10,period1,histgb,c13_selected,school_observable_only,full,uci320__mathematics__fail_g3_lt_10__period1__school_observable_only__histgb,uci320__mathematics__fail_g3_lt_10__period1__full__histgb,0.3,0.7815126050420168,0.7226890756302521,0.05882352941176472,0.7153846153846154,0.6615384615384615,0.05384615384615388,7,-7,100,138,0.7246376811594203,0.8403361344537815
uci320,mathematics,fail_g3_lt_10,period1,histgb,c13_selected,targeted_no_sex,full,uci320__mathematics__fail_g3_lt_10__period1__targeted_no_sex__histgb,uci320__mathematics__fail_g3_lt_10__period1__full__histgb,0.05,0.9523809523809523,1.0,-0.04761904761904767,0.15384615384615385,0.16153846153846155,-0.007692307692307693,-1,1,19,23,0.8260869565217391,0.9047619047619048
uci320,mathematics,fail_g3_lt_10,period1,histgb,c13_selected,targeted_no_sex,full,uci320__mathematics__fail_g3_lt_10__period1__targeted_no_sex__histgb,uci320__mathematics__fail_g3_lt_10__period1__full__histgb,0.1,0.975,0.925,0.04999999999999993,0.3,0.2846153846153846,0.015384615384615385,2,-2,36,44,0.8181818181818182,0.9
uci320,mathematics,fail_g3_lt_10,period1,histgb,c13_selected,targeted_no_sex,full,uci320__mathematics__fail_g3_lt_10__period1__targeted_no_sex__histgb,uci320__mathematics__fail_g3_lt_10__period1__full__histgb,0.2,0.825,0.8375,-0.012500000000000067,0.5076923076923077,0.5153846153846153,-0.007692307692307665,-1,1,76,84,0.9047619047619048,0.95
uci320,mathematics,fail_g3_lt_10,period1,histgb,c13_selected,targeted_no_sex,full,uci320__mathematics__fail_g3_lt_10__period1__targeted_no_sex__histgb,uci320__mathematics__fail_g3_lt_10__period1__full__histgb,0.3,0.7310924369747899,0.7226890756302521,0.008403361344537785,0.6692307692307692,0.6615384615384615,0.007692307692307665,1,-1,116,122,0.9508196721311475,0.9747899159663865
uci320,mathematics,fail_g3_lt_10,period1,logistic,c13_selected,no_demographic_family,full,uci320__mathematics__fail_g3_lt_10__period1__no_demographic_family__logistic,uci320__mathematics__fail_g3_lt_10__period1__full__logistic,0.05,0.9523809523809523,1.0,-0.04761904761904767,0.15384615384615385,0.16153846153846155,-0.007692307692307693,-1,1,16,26,0.6153846153846154,0.7619047619047619
uci320,mathematics,fail_g3_lt_10,period1,logistic,c13_selected,no_demographic_family,full,uci320__mathematics__fail_g3_lt_10__period1__no_demographic_family__logistic,uci320__mathematics__fail_g3_lt_10__period1__full__logistic,0.1,0.925,0.925,0.0,0.2846153846153846,0.2846153846153846,0.0,0,0,30,50,0.6,0.75
uci320,mathematics,fail_g3_lt_10,period1,logistic,c13_selected,no_demographic_family,full,uci320__mathematics__fail_g3_lt_10__period1__no_demographic_family__logistic,uci320__mathematics__fail_g3_lt_10__period1__full__logistic,0.2,0.8375,0.8375,0.0,0.5153846153846153,0.5153846153846153,0.0,0,0,65,95,0.6842105263157895,0.8125
uci320,mathematics,fail_g3_lt_10,period1,logistic,c13_selected,no_demographic_family,full,uci320__mathematics__fail_g3_lt_10__period1__no_demographic_family__logistic,uci320__mathematics__fail_g3_lt_10__period1__full__logistic,0.3,0.7647058823529411,0.7394957983193278,0.025210084033613356,0.7,0.676923076923077,0.023076923076922995,3,-3,103,135,0.762962962962963,0.865546218487395
uci320,mathematics,fail_g3_lt_10,period1,logistic,c13_selected,no_sensitive_wellbeing,full,uci320__mathematics__fail_g3_lt_10__period1__no_sensitive_wellbeing__logistic,uci320__mathematics__fail_g3_lt_10__period1__full__logistic,0.05,0.9047619047619048,1.0,-0.09523809523809523,0.14615384615384616,0.16153846153846155,-0.015384615384615385,-2,2,16,26,0.6153846153846154,0.7619047619047619
uci320,mathematics,fail_g3_lt_10,period1,logistic,c13_selected,no_sensitive_wellbeing,full,uci320__mathematics__fail_g3_lt_10__period1__no_sensitive_wellbeing__logistic,uci320__mathematics__fail_g3_lt_10__period1__full__logistic,0.1,0.925,0.925,0.0,0.2846153846153846,0.2846153846153846,0.0,0,0,31,49,0.6326530612244898,0.775
uci320,mathematics,fail_g3_lt_10,period1,logistic,c13_selected,no_sensitive_wellbeing,full,uci320__mathematics__fail_g3_lt_10__period1__no_sensitive_wellbeing__logistic,uci320__mathematics__fail_g3_lt_10__period1__full__logistic,0.2,0.85,0.8375,0.012499999999999956,0.5230769230769231,0.5153846153846153,0.007692307692307776,1,-1,67,93,0.7204301075268817,0.8375
uci320,mathematics,fail_g3_lt_10,period1,logistic,c13_selected,no_sensitive_wellbeing,full,uci320__mathematics__fail_g3_lt_10__period1__no_sensitive_wellbeing__logistic,uci320__mathematics__fail_g3_lt_10__period1__full__logistic,0.3,0.7478991596638656,0.7394957983193278,0.008403361344537785,0.6846153846153846,0.676923076923077,0.007692307692307665,1,-1,104,134,0.7761194029850746,0.8739495798319328
uci320,mathematics,fail_g3_lt_10,period1,logistic,c13_selected,school_observable_only,full,uci320__mathematics__fail_g3_lt_10__period1__school_observable_only__logistic,uci320__mathematics__fail_g3_lt_10__period1__full__logistic,0.05,0.9047619047619048,1.0,-0.09523809523809523,0.14615384615384616,0.16153846153846155,-0.015384615384615385,-2,2,11,31,0.3548387096774194,0.5238095238095238
uci320,mathematics,fail_g3_lt_10,period1,logistic,c13_selected,school_observable_only,full,uci320__mathematics__fail_g3_lt_10__period1__school_observable_only__logistic,uci320__mathematics__fail_g3_lt_10__period1__full__logistic,0.1,0.875,0.925,-0.050000000000000044,0.2692307692307692,0.2846153846153846,-0.015384615384615385,-2,2,27,53,0.5094339622641509,0.675
uci320,mathematics,fail_g3_lt_10,period1,logistic,c13_selected,school_observable_only,full,uci320__mathematics__fail_g3_lt_10__period1__school_observable_only__logistic,uci320__mathematics__fail_g3_lt_10__period1__full__logistic,0.2,0.825,0.8375,-0.012500000000000067,0.5076923076923077,0.5153846153846153,-0.007692307692307665,-1,1,60,100,0.6,0.75
uci320,mathematics,fail_g3_lt_10,period1,logistic,c13_selected,school_observable_only,full,uci320__mathematics__fail_g3_lt_10__period1__school_observable_only__logistic,uci320__mathematics__fail_g3_lt_10__period1__full__logistic,0.3,0.773109243697479,0.7394957983193278,0.03361344537815125,0.7076923076923077,0.676923076923077,0.03076923076923077,4,-4,94,144,0.6527777777777778,0.7899159663865546
uci320,mathematics,fail_g3_lt_10,period1,logistic,c13_selected,targeted_no_sex,full,uci320__mathematics__fail_g3_lt_10__period1__targeted_no_sex__logistic,uci320__mathematics__fail_g3_lt_10__period1__full__logistic,0.05,0.9523809523809523,1.0,-0.04761904761904767,0.15384615384615385,0.16153846153846155,-0.007692307692307693,-1,1,20,22,0.9090909090909091,0.9523809523809523
uci320,mathematics,fail_g3_lt_10,period1,logistic,c13_selected,targeted_no_sex,full,uci320__mathematics__fail_g3_lt_10__period1__targeted_no_sex__logistic,uci320__mathematics__fail_g3_lt_10__period1__full__logistic,0.1,0.925,0.925,0.0,0.2846153846153846,0.2846153846153846,0.0,0,0,38,42,0.9047619047619048,0.95
uci320,mathematics,fail_g3_lt_10,period1,logistic,c13_selected,targeted_no_sex,full,uci320__mathematics__fail_g3_lt_10__period1__targeted_no_sex__logistic,uci320__mathematics__fail_g3_lt_10__period1__full__logistic,0.2,0.8375,0.8375,0.0,0.5153846153846153,0.5153846153846153,0.0,0,0,79,81,0.9753086419753086,0.9875
uci320,mathematics,fail_g3_lt_10,period1,logistic,c13_selected,targeted_no_sex,full,uci320__mathematics__fail_g3_lt_10__period1__targeted_no_sex__logistic,uci320__mathematics__fail_g3_lt_10__period1__full__logistic,0.3,0.7394957983193278,0.7394957983193278,0.0,0.676923076923077,0.676923076923077,0.0,0,0,115,123,0.9349593495934959,0.9663865546218487
uci320,mathematics,fail_g3_lt_10,period2,histgb,c13_selected,no_demographic_family,full,uci320__mathematics__fail_g3_lt_10__period2__no_demographic_family__histgb,uci320__mathematics__fail_g3_lt_10__period2__full__histgb,0.05,1.0,1.0,0.0,0.16153846153846155,0.16153846153846155,0.0,0,0,15,27,0.5555555555555556,0.7142857142857143
uci320,mathematics,fail_g3_lt_10,period2,histgb,c13_selected,no_demographic_family,full,uci320__mathematics__fail_g3_lt_10__period2__no_demographic_family__histgb,uci320__mathematics__fail_g3_lt_10__period2__full__histgb,0.1,0.975,0.975,0.0,0.3,0.3,0.0,0,0,30,50,0.6,0.75
uci320,mathematics,fail_g3_lt_10,period2,histgb,c13_selected,no_demographic_family,full,uci320__mathematics__fail_g3_lt_10__period2__no_demographic_family__histgb,uci320__mathematics__fail_g3_lt_10__period2__full__histgb,0.2,0.95,0.9625,-0.012500000000000067,0.5846153846153846,0.5923076923076923,-0.007692307692307665,-1,1,69,91,0.7582417582417582,0.8625
uci320,mathematics,fail_g3_lt_10,period2,histgb,c13_selected,no_demographic_family,full,uci320__mathematics__fail_g3_lt_10__period2__no_demographic_family__histgb,uci320__mathematics__fail_g3_lt_10__period2__full__histgb,0.3,0.8907563025210085,0.8907563025210085,0.0,0.8153846153846154,0.8153846153846154,0.0,0,0,111,127,0.8740157480314961,0.9327731092436975
uci320,mathematics,fail_g3_lt_10,period2,histgb,c13_selected,no_sensitive_wellbeing,full,uci320__mathematics__fail_g3_lt_10__period2__no_sensitive_wellbeing__histgb,uci320__mathematics__fail_g3_lt_10__period2__full__histgb,0.05,0.9523809523809523,1.0,-0.04761904761904767,0.15384615384615385,0.16153846153846155,-0.007692307692307693,-1,1,15,27,0.5555555555555556,0.7142857142857143
uci320,mathematics,fail_g3_lt_10,period2,histgb,c13_selected,no_sensitive_wellbeing,full,uci320__mathematics__fail_g3_lt_10__period2__no_sensitive_wellbeing__histgb,uci320__mathematics__fail_g3_lt_10__period2__full__histgb,0.1,0.95,0.975,-0.025000000000000022,0.2923076923076923,0.3,-0.007692307692307665,-1,1,35,45,0.7777777777777778,0.875
uci320,mathematics,fail_g3_lt_10,period2,histgb,c13_selected,no_sensitive_wellbeing,full,uci320__mathematics__fail_g3_lt_10__period2__no_sensitive_wellbeing__histgb,uci320__mathematics__fail_g3_lt_10__period2__full__histgb,0.2,0.9625,0.9625,0.0,0.5923076923076923,0.5923076923076923,0.0,0,0,70,90,0.7777777777777778,0.875
uci320,mathematics,fail_g3_lt_10,period2,histgb,c13_selected,no_sensitive_wellbeing,full,uci320__mathematics__fail_g3_lt_10__period2__no_sensitive_wellbeing__histgb,uci320__mathematics__fail_g3_lt_10__period2__full__histgb,0.3,0.8823529411764706,0.8907563025210085,-0.008403361344537896,0.8076923076923077,0.8153846153846154,-0.007692307692307665,-1,1,112,126,0.8888888888888888,0.9411764705882353
uci320,mathematics,fail_g3_lt_10,period2,histgb,c13_selected,school_observable_only,full,uci320__mathematics__fail_g3_lt_10__period2__school_observable_only__histgb,uci320__mathematics__fail_g3_lt_10__period2__full__histgb,0.05,1.0,1.0,0.0,0.16153846153846155,0.16153846153846155,0.0,0,0,12,30,0.4,0.5714285714285714
uci320,mathematics,fail_g3_lt_10,period2,histgb,c13_selected,school_observable_only,full,uci320__mathematics__fail_g3_lt_10__period2__school_observable_only__histgb,uci320__mathematics__fail_g3_lt_10__period2__full__histgb,0.1,0.975,0.975,0.0,0.3,0.3,0.0,0,0,31,49,0.6326530612244898,0.775
uci320,mathematics,fail_g3_lt_10,period2,histgb,c13_selected,school_observable_only,full,uci320__mathematics__fail_g3_lt_10__period2__school_observable_only__histgb,uci320__mathematics__fail_g3_lt_10__period2__full__histgb,0.2,0.975,0.9625,0.012499999999999956,0.6,0.5923076923076923,0.007692307692307665,1,-1,67,93,0.7204301075268817,0.8375
uci320,mathematics,fail_g3_lt_10,period2,histgb,c13_selected,school_observable_only,full,uci320__mathematics__fail_g3_lt_10__period2__school_observable_only__histgb,uci320__mathematics__fail_g3_lt_10__period2__full__histgb,0.3,0.8739495798319328,0.8907563025210085,-0.01680672268907568,0.8,0.8153846153846154,-0.01538461538461533,-2,2,109,129,0.8449612403100775,0.9159663865546218
uci320,mathematics,fail_g3_lt_10,period2,histgb,c13_selected,targeted_no_sex,full,uci320__mathematics__fail_g3_lt_10__period2__targeted_no_sex__histgb,uci320__mathematics__fail_g3_lt_10__period2__full__histgb,0.05,1.0,1.0,0.0,0.16153846153846155,0.16153846153846155,0.0,0,0,20,22,0.9090909090909091,0.9523809523809523
uci320,mathematics,fail_g3_lt_10,period2,histgb,c13_selected,targeted_no_sex,full,uci320__mathematics__fail_g3_lt_10__period2__targeted_no_sex__histgb,uci320__mathematics__fail_g3_lt_10__period2__full__histgb,0.1,1.0,0.975,0.025000000000000022,0.3076923076923077,0.3,0.0076923076923077205,1,-1,39,41,0.9512195121951219,0.975
uci320,mathematics,fail_g3_lt_10,period2,histgb,c13_selected,targeted_no_sex,full,uci320__mathematics__fail_g3_lt_10__period2__targeted_no_sex__histgb,uci320__mathematics__fail_g3_lt_10__period2__full__histgb,0.2,0.95,0.9625,-0.012500000000000067,0.5846153846153846,0.5923076923076923,-0.007692307692307665,-1,1,79,81,0.9753086419753086,0.9875
uci320,mathematics,fail_g3_lt_10,period2,histgb,c13_selected,targeted_no_sex,full,uci320__mathematics__fail_g3_lt_10__period2__targeted_no_sex__histgb,uci320__mathematics__fail_g3_lt_10__period2__full__histgb,0.3,0.8907563025210085,0.8907563025210085,0.0,0.8153846153846154,0.8153846153846154,0.0,0,0,117,121,0.9669421487603306,0.9831932773109243
uci320,mathematics,fail_g3_lt_10,period2,logistic,c13_selected,no_demographic_family,full,uci320__mathematics__fail_g3_lt_10__period2__no_demographic_family__logistic,uci320__mathematics__fail_g3_lt_10__period2__full__logistic,0.05,1.0,1.0,0.0,0.16153846153846155,0.16153846153846155,0.0,0,0,16,26,0.6153846153846154,0.7619047619047619
uci320,mathematics,fail_g3_lt_10,period2,logistic,c13_selected,no_demographic_family,full,uci320__mathematics__fail_g3_lt_10__period2__no_demographic_family__logistic,uci320__mathematics__fail_g3_lt_10__period2__full__logistic,0.1,1.0,1.0,0.0,0.3076923076923077,0.3076923076923077,0.0,0,0,33,47,0.7021276595744681,0.825
uci320,mathematics,fail_g3_lt_10,period2,logistic,c13_selected,no_demographic_family,full,uci320__mathematics__fail_g3_lt_10__period2__no_demographic_family__logistic,uci320__mathematics__fail_g3_lt_10__period2__full__logistic,0.2,0.9375,0.9625,-0.025000000000000022,0.5769230769230769,0.5923076923076923,-0.015384615384615441,-2,2,67,93,0.7204301075268817,0.8375
uci320,mathematics,fail_g3_lt_10,period2,logistic,c13_selected,no_demographic_family,full,uci320__mathematics__fail_g3_lt_10__period2__no_demographic_family__logistic,uci320__mathematics__fail_g3_lt_10__period2__full__logistic,0.3,0.8739495798319328,0.8991596638655462,-0.025210084033613467,0.8,0.823076923076923,-0.023076923076922995,-3,3,108,130,0.8307692307692308,0.907563025210084
uci320,mathematics,fail_g3_lt_10,period2,logistic,c13_selected,no_sensitive_wellbeing,full,uci320__mathematics__fail_g3_lt_10__period2__no_sensitive_wellbeing__logistic,uci320__mathematics__fail_g3_lt_10__period2__full__logistic,0.05,1.0,1.0,0.0,0.16153846153846155,0.16153846153846155,0.0,0,0,16,26,0.6153846153846154,0.7619047619047619
uci320,mathematics,fail_g3_lt_10,period2,logistic,c13_selected,no_sensitive_wellbeing,full,uci320__mathematics__fail_g3_lt_10__period2__no_sensitive_wellbeing__logistic,uci320__mathematics__fail_g3_lt_10__period2__full__logistic,0.1,1.0,1.0,0.0,0.3076923076923077,0.3076923076923077,0.0,0,0,35,45,0.7777777777777778,0.875
uci320,mathematics,fail_g3_lt_10,period2,logistic,c13_selected,no_sensitive_wellbeing,full,uci320__mathematics__fail_g3_lt_10__period2__no_sensitive_wellbeing__logistic,uci320__mathematics__fail_g3_lt_10__period2__full__logistic,0.2,0.9625,0.9625,0.0,0.5923076923076923,0.5923076923076923,0.0,0,0,71,89,0.797752808988764,0.8875
uci320,mathematics,fail_g3_lt_10,period2,logistic,c13_selected,no_sensitive_wellbeing,full,uci320__mathematics__fail_g3_lt_10__period2__no_sensitive_wellbeing__logistic,uci320__mathematics__fail_g3_lt_10__period2__full__logistic,0.3,0.865546218487395,0.8991596638655462,-0.03361344537815125,0.7923076923076923,0.823076923076923,-0.03076923076923077,-4,4,112,126,0.8888888888888888,0.9411764705882353
uci320,mathematics,fail_g3_lt_10,period2,logistic,c13_selected,school_observable_only,full,uci320__mathematics__fail_g3_lt_10__period2__school_observable_only__logistic,uci320__mathematics__fail_g3_lt_10__period2__full__logistic,0.05,1.0,1.0,0.0,0.16153846153846155,0.16153846153846155,0.0,0,0,14,28,0.5,0.6666666666666666
uci320,mathematics,fail_g3_lt_10,period2,logistic,c13_selected,school_observable_only,full,uci320__mathematics__fail_g3_lt_10__period2__school_observable_only__logistic,uci320__mathematics__fail_g3_lt_10__period2__full__logistic,0.1,1.0,1.0,0.0,0.3076923076923077,0.3076923076923077,0.0,0,0,31,49,0.6326530612244898,0.775
uci320,mathematics,fail_g3_lt_10,period2,logistic,c13_selected,school_observable_only,full,uci320__mathematics__fail_g3_lt_10__period2__school_observable_only__logistic,uci320__mathematics__fail_g3_lt_10__period2__full__logistic,0.2,0.95,0.9625,-0.012500000000000067,0.5846153846153846,0.5923076923076923,-0.007692307692307665,-1,1,67,93,0.7204301075268817,0.8375
uci320,mathematics,fail_g3_lt_10,period2,logistic,c13_selected,school_observable_only,full,uci320__mathematics__fail_g3_lt_10__period2__school_observable_only__logistic,uci320__mathematics__fail_g3_lt_10__period2__full__logistic,0.3,0.8571428571428571,0.8991596638655462,-0.04201680672268915,0.7846153846153846,0.823076923076923,-0.038461538461538436,-5,5,108,130,0.8307692307692308,0.907563025210084
uci320,mathematics,fail_g3_lt_10,period2,logistic,c13_selected,targeted_no_sex,full,uci320__mathematics__fail_g3_lt_10__period2__targeted_no_sex__logistic,uci320__mathematics__fail_g3_lt_10__period2__full__logistic,0.05,1.0,1.0,0.0,0.16153846153846155,0.16153846153846155,0.0,0,0,20,22,0.9090909090909091,0.9523809523809523
uci320,mathematics,fail_g3_lt_10,period2,logistic,c13_selected,targeted_no_sex,full,uci320__mathematics__fail_g3_lt_10__period2__targeted_no_sex__logistic,uci320__mathematics__fail_g3_lt_10__period2__full__logistic,0.1,1.0,1.0,0.0,0.3076923076923077,0.3076923076923077,0.0,0,0,39,41,0.9512195121951219,0.975
uci320,mathematics,fail_g3_lt_10,period2,logistic,c13_selected,targeted_no_sex,full,uci320__mathematics__fail_g3_lt_10__period2__targeted_no_sex__logistic,uci320__mathematics__fail_g3_lt_10__period2__full__logistic,0.2,0.95,0.9625,-0.012500000000000067,0.5846153846153846,0.5923076923076923,-0.007692307692307665,-1,1,78,82,0.9512195121951219,0.975
uci320,mathematics,fail_g3_lt_10,period2,logistic,c13_selected,targeted_no_sex,full,uci320__mathematics__fail_g3_lt_10__period2__targeted_no_sex__logistic,uci320__mathematics__fail_g3_lt_10__period2__full__logistic,0.3,0.8907563025210085,0.8991596638655462,-0.008403361344537785,0.8153846153846154,0.823076923076923,-0.007692307692307665,-1,1,117,121,0.9669421487603306,0.9831932773109243
uci320,portuguese,fail_g3_lt_10,baseline,histgb,c13_selected,no_demographic_family,full,uci320__portuguese__fail_g3_lt_10__baseline__no_demographic_family__histgb,uci320__portuguese__fail_g3_lt_10__baseline__full__histgb,0.05,0.5,0.35294117647058826,0.14705882352941174,0.17,0.12,0.05000000000000002,5,-5,22,46,0.4782608695652174,0.6470588235294118
uci320,portuguese,fail_g3_lt_10,baseline,histgb,c13_selected,no_demographic_family,full,uci320__portuguese__fail_g3_lt_10__baseline__no_demographic_family__histgb,uci320__portuguese__fail_g3_lt_10__baseline__full__histgb,0.1,0.4090909090909091,0.4090909090909091,0.0,0.27,0.27,0.0,0,0,46,86,0.5348837209302325,0.696969696969697
uci320,portuguese,fail_g3_lt_10,baseline,histgb,c13_selected,no_demographic_family,full,uci320__portuguese__fail_g3_lt_10__baseline__no_demographic_family__histgb,uci320__portuguese__fail_g3_lt_10__baseline__full__histgb,0.2,0.3435114503816794,0.33587786259541985,0.007633587786259555,0.45,0.44,0.010000000000000009,1,-1,91,171,0.5321637426900585,0.6946564885496184
uci320,portuguese,fail_g3_lt_10,baseline,histgb,c13_selected,no_demographic_family,full,uci320__portuguese__fail_g3_lt_10__baseline__no_demographic_family__histgb,uci320__portuguese__fail_g3_lt_10__baseline__full__histgb,0.3,0.30256410256410254,0.28205128205128205,0.020512820512820495,0.59,0.55,0.039999999999999925,4,-4,145,245,0.5918367346938775,0.7435897435897436
uci320,portuguese,fail_g3_lt_10,baseline,histgb,c13_selected,no_sensitive_wellbeing,full,uci320__portuguese__fail_g3_lt_10__baseline__no_sensitive_wellbeing__histgb,uci320__portuguese__fail_g3_lt_10__baseline__full__histgb,0.05,0.4117647058823529,0.35294117647058826,0.05882352941176466,0.14,0.12,0.020000000000000018,2,-2,21,47,0.44680851063829785,0.6176470588235294
uci320,portuguese,fail_g3_lt_10,baseline,histgb,c13_selected,no_sensitive_wellbeing,full,uci320__portuguese__fail_g3_lt_10__baseline__no_sensitive_wellbeing__histgb,uci320__portuguese__fail_g3_lt_10__baseline__full__histgb,0.1,0.3787878787878788,0.4090909090909091,-0.03030303030303033,0.25,0.27,-0.020000000000000018,-2,2,42,90,0.4666666666666667,0.6363636363636364
uci320,portuguese,fail_g3_lt_10,baseline,histgb,c13_selected,no_sensitive_wellbeing,full,uci320__portuguese__fail_g3_lt_10__baseline__no_sensitive_wellbeing__histgb,uci320__portuguese__fail_g3_lt_10__baseline__full__histgb,0.2,0.3282442748091603,0.33587786259541985,-0.007633587786259555,0.43,0.44,-0.010000000000000009,-1,1,100,162,0.6172839506172839,0.7633587786259542
uci320,portuguese,fail_g3_lt_10,baseline,histgb,c13_selected,no_sensitive_wellbeing,full,uci320__portuguese__fail_g3_lt_10__baseline__no_sensitive_wellbeing__histgb,uci320__portuguese__fail_g3_lt_10__baseline__full__histgb,0.3,0.2717948717948718,0.28205128205128205,-0.010256410256410275,0.53,0.55,-0.020000000000000018,-2,2,159,231,0.6883116883116883,0.8153846153846154
uci320,portuguese,fail_g3_lt_10,baseline,histgb,c13_selected,school_observable_only,full,uci320__portuguese__fail_g3_lt_10__baseline__school_observable_only__histgb,uci320__portuguese__fail_g3_lt_10__baseline__full__histgb,0.05,0.4117647058823529,0.35294117647058826,0.05882352941176466,0.14,0.12,0.020000000000000018,2,-2,15,53,0.2830188679245283,0.4411764705882353
uci320,portuguese,fail_g3_lt_10,baseline,histgb,c13_selected,school_observable_only,full,uci320__portuguese__fail_g3_lt_10__baseline__school_observable_only__histgb,uci320__portuguese__fail_g3_lt_10__baseline__full__histgb,0.1,0.4090909090909091,0.4090909090909091,0.0,0.27,0.27,0.0,0,0,37,95,0.3894736842105263,0.5606060606060606
uci320,portuguese,fail_g3_lt_10,baseline,histgb,c13_selected,school_observable_only,full,uci320__portuguese__fail_g3_lt_10__baseline__school_observable_only__histgb,uci320__portuguese__fail_g3_lt_10__baseline__full__histgb,0.2,0.33587786259541985,0.33587786259541985,0.0,0.44,0.44,0.0,0,0,72,190,0.37894736842105264,0.549618320610687
uci320,portuguese,fail_g3_lt_10,baseline,histgb,c13_selected,school_observable_only,full,uci320__portuguese__fail_g3_lt_10__baseline__school_observable_only__histgb,uci320__portuguese__fail_g3_lt_10__baseline__full__histgb,0.3,0.26153846153846155,0.28205128205128205,-0.020512820512820495,0.51,0.55,-0.040000000000000036,-4,4,117,273,0.42857142857142855,0.6
uci320,portuguese,fail_g3_lt_10,baseline,histgb,c13_selected,targeted_no_sex,full,uci320__portuguese__fail_g3_lt_10__baseline__targeted_no_sex__histgb,uci320__portuguese__fail_g3_lt_10__baseline__full__histgb,0.05,0.38235294117647056,0.35294117647058826,0.029411764705882304,0.13,0.12,0.010000000000000009,1,-1,28,40,0.7,0.8235294117647058
uci320,portuguese,fail_g3_lt_10,baseline,histgb,c13_selected,targeted_no_sex,full,uci320__portuguese__fail_g3_lt_10__baseline__targeted_no_sex__histgb,uci320__portuguese__fail_g3_lt_10__baseline__full__histgb,0.1,0.3787878787878788,0.4090909090909091,-0.03030303030303033,0.25,0.27,-0.020000000000000018,-2,2,56,76,0.7368421052631579,0.8484848484848485
uci320,portuguese,fail_g3_lt_10,baseline,histgb,c13_selected,targeted_no_sex,full,uci320__portuguese__fail_g3_lt_10__baseline__targeted_no_sex__histgb,uci320__portuguese__fail_g3_lt_10__baseline__full__histgb,0.2,0.3435114503816794,0.33587786259541985,0.007633587786259555,0.45,0.44,0.010000000000000009,1,-1,108,154,0.7012987012987013,0.8244274809160306
uci320,portuguese,fail_g3_lt_10,baseline,histgb,c13_selected,targeted_no_sex,full,uci320__portuguese__fail_g3_lt_10__baseline__targeted_no_sex__histgb,uci320__portuguese__fail_g3_lt_10__baseline__full__histgb,0.3,0.2717948717948718,0.28205128205128205,-0.010256410256410275,0.53,0.55,-0.020000000000000018,-2,2,171,219,0.7808219178082192,0.8769230769230769
uci320,portuguese,fail_g3_lt_10,baseline,logistic,c13_selected,no_demographic_family,full,uci320__portuguese__fail_g3_lt_10__baseline__no_demographic_family__logistic,uci320__portuguese__fail_g3_lt_10__baseline__full__logistic,0.05,0.5,0.4411764705882353,0.05882352941176472,0.17,0.15,0.020000000000000018,2,-2,25,43,0.5813953488372093,0.7352941176470589
uci320,portuguese,fail_g3_lt_10,baseline,logistic,c13_selected,no_demographic_family,full,uci320__portuguese__fail_g3_lt_10__baseline__no_demographic_family__logistic,uci320__portuguese__fail_g3_lt_10__baseline__full__logistic,0.1,0.42424242424242425,0.3484848484848485,0.07575757575757575,0.28,0.23,0.05000000000000002,5,-5,52,80,0.65,0.7878787878787878
uci320,portuguese,fail_g3_lt_10,baseline,logistic,c13_selected,no_demographic_family,full,uci320__portuguese__fail_g3_lt_10__baseline__no_demographic_family__logistic,uci320__portuguese__fail_g3_lt_10__baseline__full__logistic,0.2,0.32061068702290074,0.26717557251908397,0.05343511450381677,0.42,0.35,0.07,7,-7,100,162,0.6172839506172839,0.7633587786259542
uci320,portuguese,fail_g3_lt_10,baseline,logistic,c13_selected,no_demographic_family,full,uci320__portuguese__fail_g3_lt_10__baseline__no_demographic_family__logistic,uci320__portuguese__fail_g3_lt_10__baseline__full__logistic,0.3,0.28205128205128205,0.2512820512820513,0.03076923076923077,0.55,0.49,0.06000000000000005,6,-6,155,235,0.6595744680851063,0.7948717948717948
uci320,portuguese,fail_g3_lt_10,baseline,logistic,c13_selected,no_sensitive_wellbeing,full,uci320__portuguese__fail_g3_lt_10__baseline__no_sensitive_wellbeing__logistic,uci320__portuguese__fail_g3_lt_10__baseline__full__logistic,0.05,0.4411764705882353,0.4411764705882353,0.0,0.15,0.15,0.0,0,0,29,39,0.7435897435897436,0.8529411764705882
uci320,portuguese,fail_g3_lt_10,baseline,logistic,c13_selected,no_sensitive_wellbeing,full,uci320__portuguese__fail_g3_lt_10__baseline__no_sensitive_wellbeing__logistic,uci320__portuguese__fail_g3_lt_10__baseline__full__logistic,0.1,0.4090909090909091,0.3484848484848485,0.06060606060606061,0.27,0.23,0.04000000000000001,4,-4,54,78,0.6923076923076923,0.8181818181818182
uci320,portuguese,fail_g3_lt_10,baseline,logistic,c13_selected,no_sensitive_wellbeing,full,uci320__portuguese__fail_g3_lt_10__baseline__no_sensitive_wellbeing__logistic,uci320__portuguese__fail_g3_lt_10__baseline__full__logistic,0.2,0.31297709923664124,0.26717557251908397,0.04580152671755727,0.41,0.35,0.06,6,-6,108,154,0.7012987012987013,0.8244274809160306
uci320,portuguese,fail_g3_lt_10,baseline,logistic,c13_selected,no_sensitive_wellbeing,full,uci320__portuguese__fail_g3_lt_10__baseline__no_sensitive_wellbeing__logistic,uci320__portuguese__fail_g3_lt_10__baseline__full__logistic,0.3,0.2717948717948718,0.2512820512820513,0.020512820512820495,0.53,0.49,0.040000000000000036,4,-4,176,214,0.822429906542056,0.9025641025641026
uci320,portuguese,fail_g3_lt_10,baseline,logistic,c13_selected,school_observable_only,full,uci320__portuguese__fail_g3_lt_10__baseline__school_observable_only__logistic,uci320__portuguese__fail_g3_lt_10__baseline__full__logistic,0.05,0.5294117647058824,0.4411764705882353,0.08823529411764708,0.18,0.15,0.03,3,-3,21,47,0.44680851063829785,0.6176470588235294
uci320,portuguese,fail_g3_lt_10,baseline,logistic,c13_selected,school_observable_only,full,uci320__portuguese__fail_g3_lt_10__baseline__school_observable_only__logistic,uci320__portuguese__fail_g3_lt_10__baseline__full__logistic,0.1,0.4393939393939394,0.3484848484848485,0.09090909090909088,0.29,0.23,0.05999999999999997,6,-6,41,91,0.45054945054945056,0.6212121212121212
uci320,portuguese,fail_g3_lt_10,baseline,logistic,c13_selected,school_observable_only,full,uci320__portuguese__fail_g3_lt_10__baseline__school_observable_only__logistic,uci320__portuguese__fail_g3_lt_10__baseline__full__logistic,0.2,0.33587786259541985,0.26717557251908397,0.06870229007633588,0.44,0.35,0.09000000000000002,9,-9,84,178,0.47191011235955055,0.6412213740458015
uci320,portuguese,fail_g3_lt_10,baseline,logistic,c13_selected,school_observable_only,full,uci320__portuguese__fail_g3_lt_10__baseline__school_observable_only__logistic,uci320__portuguese__fail_g3_lt_10__baseline__full__logistic,0.3,0.26153846153846155,0.2512820512820513,0.010256410256410275,0.51,0.49,0.020000000000000018,2,-2,140,250,0.56,0.717948717948718
uci320,portuguese,fail_g3_lt_10,baseline,logistic,c13_selected,targeted_no_sex,full,uci320__portuguese__fail_g3_lt_10__baseline__targeted_no_sex__logistic,uci320__portuguese__fail_g3_lt_10__baseline__full__logistic,0.05,0.4117647058823529,0.4411764705882353,-0.02941176470588236,0.14,0.15,-0.009999999999999981,-1,1,32,36,0.8888888888888888,0.9411764705882353
uci320,portuguese,fail_g3_lt_10,baseline,logistic,c13_selected,targeted_no_sex,full,uci320__portuguese__fail_g3_lt_10__baseline__targeted_no_sex__logistic,uci320__portuguese__fail_g3_lt_10__baseline__full__logistic,0.1,0.36363636363636365,0.3484848484848485,0.015151515151515138,0.24,0.23,0.009999999999999981,1,-1,62,70,0.8857142857142857,0.9393939393939394
uci320,portuguese,fail_g3_lt_10,baseline,logistic,c13_selected,targeted_no_sex,full,uci320__portuguese__fail_g3_lt_10__baseline__targeted_no_sex__logistic,uci320__portuguese__fail_g3_lt_10__baseline__full__logistic,0.2,0.2824427480916031,0.26717557251908397,0.01526717557251911,0.37,0.35,0.020000000000000018,2,-2,122,140,0.8714285714285714,0.9312977099236641
uci320,portuguese,fail_g3_lt_10,baseline,logistic,c13_selected,targeted_no_sex,full,uci320__portuguese__fail_g3_lt_10__baseline__targeted_no_sex__logistic,uci320__portuguese__fail_g3_lt_10__baseline__full__logistic,0.3,0.2564102564102564,0.2512820512820513,0.00512820512820511,0.5,0.49,0.010000000000000009,1,-1,182,208,0.875,0.9333333333333333
uci320,portuguese,fail_g3_lt_10,period1,histgb,c13_selected,no_demographic_family,full,uci320__portuguese__fail_g3_lt_10__period1__no_demographic_family__histgb,uci320__portuguese__fail_g3_lt_10__period1__full__histgb,0.05,0.5588235294117647,0.5882352941176471,-0.02941176470588236,0.19,0.2,-0.010000000000000009,-1,1,27,41,0.6585365853658537,0.7941176470588235
uci320,portuguese,fail_g3_lt_10,period1,histgb,c13_selected,no_demographic_family,full,uci320__portuguese__fail_g3_lt_10__period1__no_demographic_family__histgb,uci320__portuguese__fail_g3_lt_10__period1__full__histgb,0.1,0.5606060606060606,0.5909090909090909,-0.030303030303030387,0.37,0.39,-0.020000000000000018,-2,2,53,79,0.6708860759493671,0.803030303030303
uci320,portuguese,fail_g3_lt_10,period1,histgb,c13_selected,no_demographic_family,full,uci320__portuguese__fail_g3_lt_10__period1__no_demographic_family__histgb,uci320__portuguese__fail_g3_lt_10__period1__full__histgb,0.2,0.4961832061068702,0.4732824427480916,0.02290076335877861,0.65,0.62,0.030000000000000027,3,-3,111,151,0.7350993377483444,0.8473282442748091
uci320,portuguese,fail_g3_lt_10,period1,histgb,c13_selected,no_demographic_family,full,uci320__portuguese__fail_g3_lt_10__period1__no_demographic_family__histgb,uci320__portuguese__fail_g3_lt_10__period1__full__histgb,0.3,0.4153846153846154,0.4153846153846154,0.0,0.81,0.81,0.0,0,0,174,216,0.8055555555555556,0.8923076923076924
uci320,portuguese,fail_g3_lt_10,period1,histgb,c13_selected,no_sensitive_wellbeing,full,uci320__portuguese__fail_g3_lt_10__period1__no_sensitive_wellbeing__histgb,uci320__portuguese__fail_g3_lt_10__period1__full__histgb,0.05,0.6176470588235294,0.5882352941176471,0.02941176470588236,0.21,0.2,0.009999999999999981,1,-1,25,43,0.5813953488372093,0.7352941176470589
uci320,portuguese,fail_g3_lt_10,period1,histgb,c13_selected,no_sensitive_wellbeing,full,uci320__portuguese__fail_g3_lt_10__period1__no_sensitive_wellbeing__histgb,uci320__portuguese__fail_g3_lt_10__period1__full__histgb,0.1,0.6060606060606061,0.5909090909090909,0.015151515151515138,0.4,0.39,0.010000000000000009,1,-1,55,77,0.7142857142857143,0.8333333333333334
uci320,portuguese,fail_g3_lt_10,period1,histgb,c13_selected,no_sensitive_wellbeing,full,uci320__portuguese__fail_g3_lt_10__period1__no_sensitive_wellbeing__histgb,uci320__portuguese__fail_g3_lt_10__period1__full__histgb,0.2,0.4732824427480916,0.4732824427480916,0.0,0.62,0.62,0.0,0,0,119,143,0.8321678321678322,0.9083969465648855
uci320,portuguese,fail_g3_lt_10,period1,histgb,c13_selected,no_sensitive_wellbeing,full,uci320__portuguese__fail_g3_lt_10__period1__no_sensitive_wellbeing__histgb,uci320__portuguese__fail_g3_lt_10__period1__full__histgb,0.3,0.4205128205128205,0.4153846153846154,0.00512820512820511,0.82,0.81,0.009999999999999898,1,-1,172,218,0.7889908256880734,0.882051282051282
uci320,portuguese,fail_g3_lt_10,period1,histgb,c13_selected,school_observable_only,full,uci320__portuguese__fail_g3_lt_10__period1__school_observable_only__histgb,uci320__portuguese__fail_g3_lt_10__period1__full__histgb,0.05,0.6470588235294118,0.5882352941176471,0.05882352941176472,0.22,0.2,0.01999999999999999,2,-2,23,45,0.5111111111111111,0.6764705882352942
uci320,portuguese,fail_g3_lt_10,period1,histgb,c13_selected,school_observable_only,full,uci320__portuguese__fail_g3_lt_10__period1__school_observable_only__histgb,uci320__portuguese__fail_g3_lt_10__period1__full__histgb,0.1,0.5606060606060606,0.5909090909090909,-0.030303030303030387,0.37,0.39,-0.020000000000000018,-2,2,48,84,0.5714285714285714,0.7272727272727273
uci320,portuguese,fail_g3_lt_10,period1,histgb,c13_selected,school_observable_only,full,uci320__portuguese__fail_g3_lt_10__period1__school_observable_only__histgb,uci320__portuguese__fail_g3_lt_10__period1__full__histgb,0.2,0.4732824427480916,0.4732824427480916,0.0,0.62,0.62,0.0,0,0,104,158,0.6582278481012658,0.7938931297709924
uci320,portuguese,fail_g3_lt_10,period1,histgb,c13_selected,school_observable_only,full,uci320__portuguese__fail_g3_lt_10__period1__school_observable_only__histgb,uci320__portuguese__fail_g3_lt_10__period1__full__histgb,0.3,0.4,0.4153846153846154,-0.015384615384615385,0.78,0.81,-0.030000000000000027,-3,3,161,229,0.7030567685589519,0.8256410256410256
uci320,portuguese,fail_g3_lt_10,period1,histgb,c13_selected,targeted_no_sex,full,uci320__portuguese__fail_g3_lt_10__period1__targeted_no_sex__histgb,uci320__portuguese__fail_g3_lt_10__period1__full__histgb,0.05,0.6176470588235294,0.5882352941176471,0.02941176470588236,0.21,0.2,0.009999999999999981,1,-1,30,38,0.7894736842105263,0.8823529411764706
uci320,portuguese,fail_g3_lt_10,period1,histgb,c13_selected,targeted_no_sex,full,uci320__portuguese__fail_g3_lt_10__period1__targeted_no_sex__histgb,uci320__portuguese__fail_g3_lt_10__period1__full__histgb,0.1,0.5454545454545454,0.5909090909090909,-0.045454545454545525,0.36,0.39,-0.030000000000000027,-3,3,58,74,0.7837837837837838,0.8787878787878788
uci320,portuguese,fail_g3_lt_10,period1,histgb,c13_selected,targeted_no_sex,full,uci320__portuguese__fail_g3_lt_10__period1__targeted_no_sex__histgb,uci320__portuguese__fail_g3_lt_10__period1__full__histgb,0.2,0.48091603053435117,0.4732824427480916,0.007633587786259555,0.63,0.62,0.010000000000000009,1,-1,120,142,0.8450704225352113,0.916030534351145
uci320,portuguese,fail_g3_lt_10,period1,histgb,c13_selected,targeted_no_sex,full,uci320__portuguese__fail_g3_lt_10__period1__targeted_no_sex__histgb,uci320__portuguese__fail_g3_lt_10__period1__full__histgb,0.3,0.41025641025641024,0.4153846153846154,-0.0051282051282051655,0.8,0.81,-0.010000000000000009,-1,1,180,210,0.8571428571428571,0.9230769230769231
uci320,portuguese,fail_g3_lt_10,period1,logistic,c13_selected,no_demographic_family,full,uci320__portuguese__fail_g3_lt_10__period1__no_demographic_family__logistic,uci320__portuguese__fail_g3_lt_10__period1__full__logistic,0.05,0.6470588235294118,0.6470588235294118,0.0,0.22,0.22,0.0,0,0,27,41,0.6585365853658537,0.7941176470588235
uci320,portuguese,fail_g3_lt_10,period1,logistic,c13_selected,no_demographic_family,full,uci320__portuguese__fail_g3_lt_10__period1__no_demographic_family__logistic,uci320__portuguese__fail_g3_lt_10__period1__full__logistic,0.1,0.5606060606060606,0.5454545454545454,0.015151515151515138,0.37,0.36,0.010000000000000009,1,-1,51,81,0.6296296296296297,0.7727272727272727
uci320,portuguese,fail_g3_lt_10,period1,logistic,c13_selected,no_demographic_family,full,uci320__portuguese__fail_g3_lt_10__period1__no_demographic_family__logistic,uci320__portuguese__fail_g3_lt_10__period1__full__logistic,0.2,0.46564885496183206,0.4580152671755725,0.007633587786259555,0.61,0.6,0.010000000000000009,1,-1,114,148,0.7702702702702703,0.8702290076335878
uci320,portuguese,fail_g3_lt_10,period1,logistic,c13_selected,no_demographic_family,full,uci320__portuguese__fail_g3_lt_10__period1__no_demographic_family__logistic,uci320__portuguese__fail_g3_lt_10__period1__full__logistic,0.3,0.40512820512820513,0.39487179487179486,0.010256410256410275,0.79,0.77,0.020000000000000018,2,-2,170,220,0.7727272727272727,0.8717948717948718
uci320,portuguese,fail_g3_lt_10,period1,logistic,c13_selected,no_sensitive_wellbeing,full,uci320__portuguese__fail_g3_lt_10__period1__no_sensitive_wellbeing__logistic,uci320__portuguese__fail_g3_lt_10__period1__full__logistic,0.05,0.6470588235294118,0.6470588235294118,0.0,0.22,0.22,0.0,0,0,29,39,0.7435897435897436,0.8529411764705882
uci320,portuguese,fail_g3_lt_10,period1,logistic,c13_selected,no_sensitive_wellbeing,full,uci320__portuguese__fail_g3_lt_10__period1__no_sensitive_wellbeing__logistic,uci320__portuguese__fail_g3_lt_10__period1__full__logistic,0.1,0.5909090909090909,0.5454545454545454,0.045454545454545525,0.39,0.36,0.030000000000000027,3,-3,57,75,0.76,0.8636363636363636
uci320,portuguese,fail_g3_lt_10,period1,logistic,c13_selected,no_sensitive_wellbeing,full,uci320__portuguese__fail_g3_lt_10__period1__no_sensitive_wellbeing__logistic,uci320__portuguese__fail_g3_lt_10__period1__full__logistic,0.2,0.4732824427480916,0.4580152671755725,0.01526717557251911,0.62,0.6,0.020000000000000018,2,-2,120,142,0.8450704225352113,0.916030534351145
uci320,portuguese,fail_g3_lt_10,period1,logistic,c13_selected,no_sensitive_wellbeing,full,uci320__portuguese__fail_g3_lt_10__period1__no_sensitive_wellbeing__logistic,uci320__portuguese__fail_g3_lt_10__period1__full__logistic,0.3,0.40512820512820513,0.39487179487179486,0.010256410256410275,0.79,0.77,0.020000000000000018,2,-2,181,209,0.8660287081339713,0.9282051282051282
uci320,portuguese,fail_g3_lt_10,period1,logistic,c13_selected,school_observable_only,full,uci320__portuguese__fail_g3_lt_10__period1__school_observable_only__logistic,uci320__portuguese__fail_g3_lt_10__period1__full__logistic,0.05,0.6764705882352942,0.6470588235294118,0.02941176470588236,0.23,0.22,0.010000000000000009,1,-1,28,40,0.7,0.8235294117647058
uci320,portuguese,fail_g3_lt_10,period1,logistic,c13_selected,school_observable_only,full,uci320__portuguese__fail_g3_lt_10__period1__school_observable_only__logistic,uci320__portuguese__fail_g3_lt_10__period1__full__logistic,0.1,0.5909090909090909,0.5454545454545454,0.045454545454545525,0.39,0.36,0.030000000000000027,3,-3,48,84,0.5714285714285714,0.7272727272727273
uci320,portuguese,fail_g3_lt_10,period1,logistic,c13_selected,school_observable_only,full,uci320__portuguese__fail_g3_lt_10__period1__school_observable_only__logistic,uci320__portuguese__fail_g3_lt_10__period1__full__logistic,0.2,0.4732824427480916,0.4580152671755725,0.01526717557251911,0.62,0.6,0.020000000000000018,2,-2,110,152,0.7236842105263158,0.8396946564885496
uci320,portuguese,fail_g3_lt_10,period1,logistic,c13_selected,school_observable_only,full,uci320__portuguese__fail_g3_lt_10__period1__school_observable_only__logistic,uci320__portuguese__fail_g3_lt_10__period1__full__logistic,0.3,0.41025641025641024,0.39487179487179486,0.015384615384615385,0.8,0.77,0.030000000000000027,3,-3,167,223,0.7488789237668162,0.8564102564102564
uci320,portuguese,fail_g3_lt_10,period1,logistic,c13_selected,targeted_no_sex,full,uci320__portuguese__fail_g3_lt_10__period1__targeted_no_sex__logistic,uci320__portuguese__fail_g3_lt_10__period1__full__logistic,0.05,0.6764705882352942,0.6470588235294118,0.02941176470588236,0.23,0.22,0.010000000000000009,1,-1,31,37,0.8378378378378378,0.9117647058823529
uci320,portuguese,fail_g3_lt_10,period1,logistic,c13_selected,targeted_no_sex,full,uci320__portuguese__fail_g3_lt_10__period1__targeted_no_sex__logistic,uci320__portuguese__fail_g3_lt_10__period1__full__logistic,0.1,0.5606060606060606,0.5454545454545454,0.015151515151515138,0.37,0.36,0.010000000000000009,1,-1,62,70,0.8857142857142857,0.9393939393939394
uci320,portuguese,fail_g3_lt_10,period1,logistic,c13_selected,targeted_no_sex,full,uci320__portuguese__fail_g3_lt_10__period1__targeted_no_sex__logistic,uci320__portuguese__fail_g3_lt_10__period1__full__logistic,0.2,0.4580152671755725,0.4580152671755725,0.0,0.6,0.6,0.0,0,0,128,134,0.9552238805970149,0.9770992366412213
uci320,portuguese,fail_g3_lt_10,period1,logistic,c13_selected,targeted_no_sex,full,uci320__portuguese__fail_g3_lt_10__period1__targeted_no_sex__logistic,uci320__portuguese__fail_g3_lt_10__period1__full__logistic,0.3,0.38974358974358975,0.39487179487179486,-0.00512820512820511,0.76,0.77,-0.010000000000000009,-1,1,190,200,0.95,0.9743589743589743
uci320,portuguese,fail_g3_lt_10,period2,histgb,c13_selected,no_demographic_family,full,uci320__portuguese__fail_g3_lt_10__period2__no_demographic_family__histgb,uci320__portuguese__fail_g3_lt_10__period2__full__histgb,0.05,0.8529411764705882,0.8529411764705882,0.0,0.29,0.29,0.0,0,0,27,41,0.6585365853658537,0.7941176470588235
uci320,portuguese,fail_g3_lt_10,period2,histgb,c13_selected,no_demographic_family,full,uci320__portuguese__fail_g3_lt_10__period2__no_demographic_family__histgb,uci320__portuguese__fail_g3_lt_10__period2__full__histgb,0.1,0.7121212121212122,0.7272727272727273,-0.015151515151515138,0.47,0.48,-0.010000000000000009,-1,1,54,78,0.6923076923076923,0.8181818181818182
uci320,portuguese,fail_g3_lt_10,period2,histgb,c13_selected,no_demographic_family,full,uci320__portuguese__fail_g3_lt_10__period2__no_demographic_family__histgb,uci320__portuguese__fail_g3_lt_10__period2__full__histgb,0.2,0.5419847328244275,0.5648854961832062,-0.022900763358778664,0.71,0.74,-0.030000000000000027,-3,3,119,143,0.8321678321678322,0.9083969465648855
uci320,portuguese,fail_g3_lt_10,period2,histgb,c13_selected,no_demographic_family,full,uci320__portuguese__fail_g3_lt_10__period2__no_demographic_family__histgb,uci320__portuguese__fail_g3_lt_10__period2__full__histgb,0.3,0.441025641025641,0.4307692307692308,0.01025641025641022,0.86,0.84,0.020000000000000018,2,-2,172,218,0.7889908256880734,0.882051282051282
uci320,portuguese,fail_g3_lt_10,period2,histgb,c13_selected,no_sensitive_wellbeing,full,uci320__portuguese__fail_g3_lt_10__period2__no_sensitive_wellbeing__histgb,uci320__portuguese__fail_g3_lt_10__period2__full__histgb,0.05,0.9117647058823529,0.8529411764705882,0.05882352941176472,0.31,0.29,0.020000000000000018,2,-2,27,41,0.6585365853658537,0.7941176470588235
uci320,portuguese,fail_g3_lt_10,period2,histgb,c13_selected,no_sensitive_wellbeing,full,uci320__portuguese__fail_g3_lt_10__period2__no_sensitive_wellbeing__histgb,uci320__portuguese__fail_g3_lt_10__period2__full__histgb,0.1,0.7272727272727273,0.7272727272727273,0.0,0.48,0.48,0.0,0,0,58,74,0.7837837837837838,0.8787878787878788
uci320,portuguese,fail_g3_lt_10,period2,histgb,c13_selected,no_sensitive_wellbeing,full,uci320__portuguese__fail_g3_lt_10__period2__no_sensitive_wellbeing__histgb,uci320__portuguese__fail_g3_lt_10__period2__full__histgb,0.2,0.5572519083969466,0.5648854961832062,-0.007633587786259555,0.73,0.74,-0.010000000000000009,-1,1,122,140,0.8714285714285714,0.9312977099236641
uci320,portuguese,fail_g3_lt_10,period2,histgb,c13_selected,no_sensitive_wellbeing,full,uci320__portuguese__fail_g3_lt_10__period2__no_sensitive_wellbeing__histgb,uci320__portuguese__fail_g3_lt_10__period2__full__histgb,0.3,0.4256410256410256,0.4307692307692308,-0.0051282051282051655,0.83,0.84,-0.010000000000000009,-1,1,170,220,0.7727272727272727,0.8717948717948718
uci320,portuguese,fail_g3_lt_10,period2,histgb,c13_selected,school_observable_only,full,uci320__portuguese__fail_g3_lt_10__period2__school_observable_only__histgb,uci320__portuguese__fail_g3_lt_10__period2__full__histgb,0.05,0.8823529411764706,0.8529411764705882,0.02941176470588236,0.3,0.29,0.010000000000000009,1,-1,25,43,0.5813953488372093,0.7352941176470589
uci320,portuguese,fail_g3_lt_10,period2,histgb,c13_selected,school_observable_only,full,uci320__portuguese__fail_g3_lt_10__period2__school_observable_only__histgb,uci320__portuguese__fail_g3_lt_10__period2__full__histgb,0.1,0.7424242424242424,0.7272727272727273,0.015151515151515138,0.49,0.48,0.010000000000000009,1,-1,54,78,0.6923076923076923,0.8181818181818182
uci320,portuguese,fail_g3_lt_10,period2,histgb,c13_selected,school_observable_only,full,uci320__portuguese__fail_g3_lt_10__period2__school_observable_only__histgb,uci320__portuguese__fail_g3_lt_10__period2__full__histgb,0.2,0.5419847328244275,0.5648854961832062,-0.022900763358778664,0.71,0.74,-0.030000000000000027,-3,3,115,147,0.782312925170068,0.8778625954198473
uci320,portuguese,fail_g3_lt_10,period2,histgb,c13_selected,school_observable_only,full,uci320__portuguese__fail_g3_lt_10__period2__school_observable_only__histgb,uci320__portuguese__fail_g3_lt_10__period2__full__histgb,0.3,0.4358974358974359,0.4307692307692308,0.00512820512820511,0.85,0.84,0.010000000000000009,1,-1,161,229,0.7030567685589519,0.8256410256410256
uci320,portuguese,fail_g3_lt_10,period2,histgb,c13_selected,targeted_no_sex,full,uci320__portuguese__fail_g3_lt_10__period2__targeted_no_sex__histgb,uci320__portuguese__fail_g3_lt_10__period2__full__histgb,0.05,0.8823529411764706,0.8529411764705882,0.02941176470588236,0.3,0.29,0.010000000000000009,1,-1,31,37,0.8378378378378378,0.9117647058823529
uci320,portuguese,fail_g3_lt_10,period2,histgb,c13_selected,targeted_no_sex,full,uci320__portuguese__fail_g3_lt_10__period2__targeted_no_sex__histgb,uci320__portuguese__fail_g3_lt_10__period2__full__histgb,0.1,0.7121212121212122,0.7272727272727273,-0.015151515151515138,0.47,0.48,-0.010000000000000009,-1,1,61,71,0.8591549295774648,0.9242424242424242
uci320,portuguese,fail_g3_lt_10,period2,histgb,c13_selected,targeted_no_sex,full,uci320__portuguese__fail_g3_lt_10__period2__targeted_no_sex__histgb,uci320__portuguese__fail_g3_lt_10__period2__full__histgb,0.2,0.5648854961832062,0.5648854961832062,0.0,0.74,0.74,0.0,0,0,126,136,0.9264705882352942,0.9618320610687023
uci320,portuguese,fail_g3_lt_10,period2,histgb,c13_selected,targeted_no_sex,full,uci320__portuguese__fail_g3_lt_10__period2__targeted_no_sex__histgb,uci320__portuguese__fail_g3_lt_10__period2__full__histgb,0.3,0.4358974358974359,0.4307692307692308,0.00512820512820511,0.85,0.84,0.010000000000000009,1,-1,181,209,0.8660287081339713,0.9282051282051282
uci320,portuguese,fail_g3_lt_10,period2,logistic,c13_selected,no_demographic_family,full,uci320__portuguese__fail_g3_lt_10__period2__no_demographic_family__logistic,uci320__portuguese__fail_g3_lt_10__period2__full__logistic,0.05,0.8823529411764706,0.8529411764705882,0.02941176470588236,0.3,0.29,0.010000000000000009,1,-1,29,39,0.7435897435897436,0.8529411764705882
uci320,portuguese,fail_g3_lt_10,period2,logistic,c13_selected,no_demographic_family,full,uci320__portuguese__fail_g3_lt_10__period2__no_demographic_family__logistic,uci320__portuguese__fail_g3_lt_10__period2__full__logistic,0.1,0.696969696969697,0.7121212121212122,-0.015151515151515138,0.46,0.47,-0.009999999999999953,-1,1,56,76,0.7368421052631579,0.8484848484848485
uci320,portuguese,fail_g3_lt_10,period2,logistic,c13_selected,no_demographic_family,full,uci320__portuguese__fail_g3_lt_10__period2__no_demographic_family__logistic,uci320__portuguese__fail_g3_lt_10__period2__full__logistic,0.2,0.549618320610687,0.5267175572519084,0.022900763358778664,0.72,0.69,0.030000000000000027,3,-3,117,145,0.8068965517241379,0.8931297709923665
uci320,portuguese,fail_g3_lt_10,period2,logistic,c13_selected,no_demographic_family,full,uci320__portuguese__fail_g3_lt_10__period2__no_demographic_family__logistic,uci320__portuguese__fail_g3_lt_10__period2__full__logistic,0.3,0.4256410256410256,0.4358974358974359,-0.010256410256410275,0.83,0.85,-0.020000000000000018,-2,2,177,213,0.8309859154929577,0.9076923076923077
uci320,portuguese,fail_g3_lt_10,period2,logistic,c13_selected,no_sensitive_wellbeing,full,uci320__portuguese__fail_g3_lt_10__period2__no_sensitive_wellbeing__logistic,uci320__portuguese__fail_g3_lt_10__period2__full__logistic,0.05,0.8529411764705882,0.8529411764705882,0.0,0.29,0.29,0.0,0,0,31,37,0.8378378378378378,0.9117647058823529
uci320,portuguese,fail_g3_lt_10,period2,logistic,c13_selected,no_sensitive_wellbeing,full,uci320__portuguese__fail_g3_lt_10__period2__no_sensitive_wellbeing__logistic,uci320__portuguese__fail_g3_lt_10__period2__full__logistic,0.1,0.696969696969697,0.7121212121212122,-0.015151515151515138,0.46,0.47,-0.009999999999999953,-1,1,62,70,0.8857142857142857,0.9393939393939394
uci320,portuguese,fail_g3_lt_10,period2,logistic,c13_selected,no_sensitive_wellbeing,full,uci320__portuguese__fail_g3_lt_10__period2__no_sensitive_wellbeing__logistic,uci320__portuguese__fail_g3_lt_10__period2__full__logistic,0.2,0.5419847328244275,0.5267175572519084,0.01526717557251911,0.71,0.69,0.020000000000000018,2,-2,123,139,0.8848920863309353,0.9389312977099237
uci320,portuguese,fail_g3_lt_10,period2,logistic,c13_selected,no_sensitive_wellbeing,full,uci320__portuguese__fail_g3_lt_10__period2__no_sensitive_wellbeing__logistic,uci320__portuguese__fail_g3_lt_10__period2__full__logistic,0.3,0.4358974358974359,0.4358974358974359,0.0,0.85,0.85,0.0,0,0,186,204,0.9117647058823529,0.9538461538461539
uci320,portuguese,fail_g3_lt_10,period2,logistic,c13_selected,school_observable_only,full,uci320__portuguese__fail_g3_lt_10__period2__school_observable_only__logistic,uci320__portuguese__fail_g3_lt_10__period2__full__logistic,0.05,0.8823529411764706,0.8529411764705882,0.02941176470588236,0.3,0.29,0.010000000000000009,1,-1,28,40,0.7,0.8235294117647058
uci320,portuguese,fail_g3_lt_10,period2,logistic,c13_selected,school_observable_only,full,uci320__portuguese__fail_g3_lt_10__period2__school_observable_only__logistic,uci320__portuguese__fail_g3_lt_10__period2__full__logistic,0.1,0.7424242424242424,0.7121212121212122,0.030303030303030276,0.49,0.47,0.020000000000000018,2,-2,56,76,0.7368421052631579,0.8484848484848485
uci320,portuguese,fail_g3_lt_10,period2,logistic,c13_selected,school_observable_only,full,uci320__portuguese__fail_g3_lt_10__period2__school_observable_only__logistic,uci320__portuguese__fail_g3_lt_10__period2__full__logistic,0.2,0.5343511450381679,0.5267175572519084,0.007633587786259555,0.7,0.69,0.010000000000000009,1,-1,115,147,0.782312925170068,0.8778625954198473
uci320,portuguese,fail_g3_lt_10,period2,logistic,c13_selected,school_observable_only,full,uci320__portuguese__fail_g3_lt_10__period2__school_observable_only__logistic,uci320__portuguese__fail_g3_lt_10__period2__full__logistic,0.3,0.441025641025641,0.4358974358974359,0.00512820512820511,0.86,0.85,0.010000000000000009,1,-1,177,213,0.8309859154929577,0.9076923076923077
uci320,portuguese,fail_g3_lt_10,period2,logistic,c13_selected,targeted_no_sex,full,uci320__portuguese__fail_g3_lt_10__period2__targeted_no_sex__logistic,uci320__portuguese__fail_g3_lt_10__period2__full__logistic,0.05,0.8235294117647058,0.8529411764705882,-0.02941176470588236,0.28,0.29,-0.009999999999999953,-1,1,33,35,0.9428571428571428,0.9705882352941176
uci320,portuguese,fail_g3_lt_10,period2,logistic,c13_selected,targeted_no_sex,full,uci320__portuguese__fail_g3_lt_10__period2__targeted_no_sex__logistic,uci320__portuguese__fail_g3_lt_10__period2__full__logistic,0.1,0.7121212121212122,0.7121212121212122,0.0,0.47,0.47,0.0,0,0,64,68,0.9411764705882353,0.9696969696969697
uci320,portuguese,fail_g3_lt_10,period2,logistic,c13_selected,targeted_no_sex,full,uci320__portuguese__fail_g3_lt_10__period2__targeted_no_sex__logistic,uci320__portuguese__fail_g3_lt_10__period2__full__logistic,0.2,0.5343511450381679,0.5267175572519084,0.007633587786259555,0.7,0.69,0.010000000000000009,1,-1,128,134,0.9552238805970149,0.9770992366412213
uci320,portuguese,fail_g3_lt_10,period2,logistic,c13_selected,targeted_no_sex,full,uci320__portuguese__fail_g3_lt_10__period2__targeted_no_sex__logistic,uci320__portuguese__fail_g3_lt_10__period2__full__logistic,0.3,0.4307692307692308,0.4358974358974359,-0.00512820512820511,0.84,0.85,-0.010000000000000009,-1,1,189,201,0.9402985074626866,0.9692307692307692
uci697,all,dropout_vs_all_other,enrollment,histgb,c13_selected,legacy_operational,full,uci697__all__dropout_vs_all_other__enrollment__legacy_operational__histgb,uci697__all__dropout_vs_all_other__enrollment__full__histgb,0.05,0.5676855895196506,0.925764192139738,-0.3580786026200874,0.09148486980999296,0.14919071076706544,-0.057705840957072485,-82,82,48,410,0.11707317073170732,0.2096069868995633
uci697,all,dropout_vs_all_other,enrollment,histgb,c13_selected,legacy_operational,full,uci697__all__dropout_vs_all_other__enrollment__legacy_operational__histgb,uci697__all__dropout_vs_all_other__enrollment__full__histgb,0.1,0.5288888888888889,0.8688888888888889,-0.3400000000000001,0.16748768472906403,0.27515833919774807,-0.10767065446868404,-153,153,141,759,0.1857707509881423,0.31333333333333335
uci697,all,dropout_vs_all_other,enrollment,histgb,c13_selected,legacy_operational,full,uci697__all__dropout_vs_all_other__enrollment__legacy_operational__histgb,uci697__all__dropout_vs_all_other__enrollment__full__histgb,0.2,0.48094170403587444,0.7197309417040358,-0.2387892376681614,0.3019000703729768,0.4517945109078114,-0.14989444053483464,-213,213,397,1387,0.2862292718096611,0.44506726457399104
uci697,all,dropout_vs_all_other,enrollment,histgb,c13_selected,legacy_operational,full,uci697__all__dropout_vs_all_other__enrollment__legacy_operational__histgb,uci697__all__dropout_vs_all_other__enrollment__full__histgb,0.3,0.4535232383808096,0.6169415292353823,-0.16341829085457266,0.4257565095003519,0.5791695988740324,-0.15341308937368053,-218,218,719,1949,0.3689071318624936,0.5389805097451275
uci697,all,dropout_vs_all_other,enrollment,histgb,c13_selected,no_direct_personal,full,uci697__all__dropout_vs_all_other__enrollment__no_direct_personal__histgb,uci697__all__dropout_vs_all_other__enrollment__full__histgb,0.05,0.9301310043668122,0.925764192139738,0.004366812227074135,0.1498944405348346,0.14919071076706544,0.0007037297677691678,1,-1,191,267,0.7153558052434457,0.834061135371179
uci697,all,dropout_vs_all_other,enrollment,histgb,c13_selected,no_direct_personal,full,uci697__all__dropout_vs_all_other__enrollment__no_direct_personal__histgb,uci697__all__dropout_vs_all_other__enrollment__full__histgb,0.1,0.8688888888888889,0.8688888888888889,0.0,0.27515833919774807,0.27515833919774807,0.0,0,0,401,499,0.8036072144288577,0.8911111111111111
uci697,all,dropout_vs_all_other,enrollment,histgb,c13_selected,no_direct_personal,full,uci697__all__dropout_vs_all_other__enrollment__no_direct_personal__histgb,uci697__all__dropout_vs_all_other__enrollment__full__histgb,0.2,0.718609865470852,0.7197309417040358,-0.0011210762331838042,0.4510907811400422,0.4517945109078114,-0.0007037297677692234,-1,1,776,1008,0.7698412698412699,0.8699551569506726
uci697,all,dropout_vs_all_other,enrollment,histgb,c13_selected,no_direct_personal,full,uci697__all__dropout_vs_all_other__enrollment__no_direct_personal__histgb,uci697__all__dropout_vs_all_other__enrollment__full__histgb,0.3,0.603448275862069,0.6169415292353823,-0.013493253373313308,0.5665024630541872,0.5791695988740324,-0.012667135819845243,-18,18,1140,1528,0.7460732984293194,0.8545727136431784
uci697,all,dropout_vs_all_other,enrollment,histgb,c13_selected,no_family_financial,full,uci697__all__dropout_vs_all_other__enrollment__no_family_financial__histgb,uci697__all__dropout_vs_all_other__enrollment__full__histgb,0.05,0.7161572052401747,0.925764192139738,-0.20960698689956336,0.11541168191414497,0.14919071076706544,-0.03377902885292047,-48,48,64,394,0.16243654822335024,0.2794759825327511
uci697,all,dropout_vs_all_other,enrollment,histgb,c13_selected,no_family_financial,full,uci697__all__dropout_vs_all_other__enrollment__no_family_financial__histgb,uci697__all__dropout_vs_all_other__enrollment__full__histgb,0.1,0.6511111111111111,0.8688888888888889,-0.21777777777777785,0.20619282195636876,0.27515833919774807,-0.06896551724137931,-98,98,187,713,0.26227208976157085,0.41555555555555557
uci697,all,dropout_vs_all_other,enrollment,histgb,c13_selected,no_family_financial,full,uci697__all__dropout_vs_all_other__enrollment__no_family_financial__histgb,uci697__all__dropout_vs_all_other__enrollment__full__histgb,0.2,0.547085201793722,0.7197309417040358,-0.17264573991031384,0.3434201266713582,0.4517945109078114,-0.10837438423645324,-154,154,492,1292,0.38080495356037153,0.5515695067264574
uci697,all,dropout_vs_all_other,enrollment,histgb,c13_selected,no_family_financial,full,uci697__all__dropout_vs_all_other__enrollment__no_family_financial__histgb,uci697__all__dropout_vs_all_other__enrollment__full__histgb,0.3,0.4992503748125937,0.6169415292353823,-0.11769115442278855,0.4686840253342716,0.5791695988740324,-0.1104855735397608,-157,157,900,1768,0.5090497737556561,0.6746626686656672
uci697,all,dropout_vs_all_other,enrollment,histgb,c13_selected,targeted_gender_special_needs,full,uci697__all__dropout_vs_all_other__enrollment__targeted_gender_special_needs__histgb,uci697__all__dropout_vs_all_other__enrollment__full__histgb,0.05,0.9301310043668122,0.925764192139738,0.004366812227074135,0.1498944405348346,0.14919071076706544,0.0007037297677691678,1,-1,213,245,0.8693877551020408,0.9301310043668122
uci697,all,dropout_vs_all_other,enrollment,histgb,c13_selected,targeted_gender_special_needs,full,uci697__all__dropout_vs_all_other__enrollment__targeted_gender_special_needs__histgb,uci697__all__dropout_vs_all_other__enrollment__full__histgb,0.1,0.8755555555555555,0.8688888888888889,0.006666666666666599,0.2772695285010556,0.27515833919774807,0.0021111893033075035,3,-3,428,472,0.9067796610169492,0.9511111111111111
uci697,all,dropout_vs_all_other,enrollment,histgb,c13_selected,targeted_gender_special_needs,full,uci697__all__dropout_vs_all_other__enrollment__targeted_gender_special_needs__histgb,uci697__all__dropout_vs_all_other__enrollment__full__histgb,0.2,0.7141255605381166,0.7197309417040358,-0.005605381165919243,0.4482758620689655,0.4517945109078114,-0.0035186488388458947,-5,5,814,970,0.8391752577319588,0.9125560538116592
uci697,all,dropout_vs_all_other,enrollment,histgb,c13_selected,targeted_gender_special_needs,full,uci697__all__dropout_vs_all_other__enrollment__targeted_gender_special_needs__histgb,uci697__all__dropout_vs_all_other__enrollment__full__histgb,0.3,0.6041979010494752,0.6169415292353823,-0.012743628185907019,0.5672061928219564,0.5791695988740324,-0.01196340605207602,-17,17,1192,1476,0.8075880758807588,0.8935532233883059
uci697,all,dropout_vs_all_other,enrollment,logistic,c13_selected,legacy_operational,full,uci697__all__dropout_vs_all_other__enrollment__legacy_operational__logistic,uci697__all__dropout_vs_all_other__enrollment__full__logistic,0.05,0.6506550218340611,0.9170305676855895,-0.26637554585152845,0.10485573539760731,0.1477832512315271,-0.042927515833919794,-61,61,71,387,0.1834625322997416,0.31004366812227074
uci697,all,dropout_vs_all_other,enrollment,logistic,c13_selected,legacy_operational,full,uci697__all__dropout_vs_all_other__enrollment__legacy_operational__logistic,uci697__all__dropout_vs_all_other__enrollment__full__logistic,0.1,0.5511111111111111,0.8466666666666667,-0.29555555555555557,0.17452498240675582,0.2681210415200563,-0.09359605911330046,-133,133,141,759,0.1857707509881423,0.31333333333333335
uci697,all,dropout_vs_all_other,enrollment,logistic,c13_selected,legacy_operational,full,uci697__all__dropout_vs_all_other__enrollment__legacy_operational__logistic,uci697__all__dropout_vs_all_other__enrollment__full__logistic,0.2,0.4551569506726457,0.7219730941704036,-0.26681614349775784,0.2857142857142857,0.45320197044334976,-0.16748768472906406,-238,238,355,1429,0.24842547235829252,0.39798206278026904
uci697,all,dropout_vs_all_other,enrollment,logistic,c13_selected,legacy_operational,full,uci697__all__dropout_vs_all_other__enrollment__legacy_operational__logistic,uci697__all__dropout_vs_all_other__enrollment__full__logistic,0.3,0.404047976011994,0.618440779610195,-0.21439280359820095,0.3793103448275862,0.5805770584095707,-0.20126671358198456,-286,286,629,2039,0.308484551250613,0.4715142428785607
uci697,all,dropout_vs_all_other,enrollment,logistic,c13_selected,no_direct_personal,full,uci697__all__dropout_vs_all_other__enrollment__no_direct_personal__logistic,uci697__all__dropout_vs_all_other__enrollment__full__logistic,0.05,0.9301310043668122,0.9170305676855895,0.013100436681222627,0.1498944405348346,0.1477832512315271,0.0021111893033075035,3,-3,194,264,0.7348484848484849,0.8471615720524017
uci697,all,dropout_vs_all_other,enrollment,logistic,c13_selected,no_direct_personal,full,uci697__all__dropout_vs_all_other__enrollment__no_direct_personal__logistic,uci697__all__dropout_vs_all_other__enrollment__full__logistic,0.1,0.84,0.8466666666666667,-0.00666666666666671,0.2660098522167488,0.2681210415200563,-0.0021111893033075035,-3,3,400,500,0.8,0.8888888888888888
uci697,all,dropout_vs_all_other,enrollment,logistic,c13_selected,no_direct_personal,full,uci697__all__dropout_vs_all_other__enrollment__no_direct_personal__logistic,uci697__all__dropout_vs_all_other__enrollment__full__logistic,0.2,0.7197309417040358,0.7219730941704036,-0.0022421524663677195,0.4517945109078114,0.45320197044334976,-0.0014074595355383357,-2,2,817,967,0.8448810754912099,0.9159192825112108
uci697,all,dropout_vs_all_other,enrollment,logistic,c13_selected,no_direct_personal,full,uci697__all__dropout_vs_all_other__enrollment__no_direct_personal__logistic,uci697__all__dropout_vs_all_other__enrollment__full__logistic,0.3,0.6101949025487257,0.618440779610195,-0.008245877061469287,0.5728360309641097,0.5805770584095707,-0.007741027445461013,-11,11,1187,1481,0.8014854827819041,0.8898050974512743
uci697,all,dropout_vs_all_other,enrollment,logistic,c13_selected,no_family_financial,full,uci697__all__dropout_vs_all_other__enrollment__no_family_financial__logistic,uci697__all__dropout_vs_all_other__enrollment__full__logistic,0.05,0.6986899563318777,0.9170305676855895,-0.21834061135371186,0.11259676284306826,0.1477832512315271,-0.03518648838845885,-50,50,85,373,0.22788203753351208,0.37117903930131
uci697,all,dropout_vs_all_other,enrollment,logistic,c13_selected,no_family_financial,full,uci697__all__dropout_vs_all_other__enrollment__no_family_financial__logistic,uci697__all__dropout_vs_all_other__enrollment__full__logistic,0.1,0.6355555555555555,0.8466666666666667,-0.21111111111111114,0.20126671358198453,0.2681210415200563,-0.06685432793807175,-95,95,181,719,0.2517385257301808,0.4022222222222222
uci697,all,dropout_vs_all_other,enrollment,logistic,c13_selected,no_family_financial,full,uci697__all__dropout_vs_all_other__enrollment__no_family_financial__logistic,uci697__all__dropout_vs_all_other__enrollment__full__logistic,0.2,0.5358744394618834,0.7219730941704036,-0.18609865470852016,0.33638282899366645,0.45320197044334976,-0.1168191414496833,-166,166,469,1315,0.35665399239543727,0.5257847533632287
uci697,all,dropout_vs_all_other,enrollment,logistic,c13_selected,no_family_financial,full,uci697__all__dropout_vs_all_other__enrollment__no_family_financial__logistic,uci697__all__dropout_vs_all_other__enrollment__full__logistic,0.3,0.48200899550224885,0.618440779610195,-0.1364317841079461,0.4524982406755806,0.5805770584095707,-0.12807881773399016,-182,182,824,1844,0.44685466377440347,0.6176911544227887
uci697,all,dropout_vs_all_other,enrollment,logistic,c13_selected,targeted_gender_special_needs,full,uci697__all__dropout_vs_all_other__enrollment__targeted_gender_special_needs__logistic,uci697__all__dropout_vs_all_other__enrollment__full__logistic,0.05,0.9344978165938864,0.9170305676855895,0.017467248908296873,0.1505981703026038,0.1477832512315271,0.002814919071076699,4,-4,204,254,0.8031496062992126,0.8908296943231441
uci697,all,dropout_vs_all_other,enrollment,logistic,c13_selected,targeted_gender_special_needs,full,uci697__all__dropout_vs_all_other__enrollment__targeted_gender_special_needs__logistic,uci697__all__dropout_vs_all_other__enrollment__full__logistic,0.1,0.8488888888888889,0.8466666666666667,0.0022222222222222365,0.26882477128782545,0.2681210415200563,0.0007037297677691678,1,-1,412,488,0.8442622950819673,0.9155555555555556
uci697,all,dropout_vs_all_other,enrollment,logistic,c13_selected,targeted_gender_special_needs,full,uci697__all__dropout_vs_all_other__enrollment__targeted_gender_special_needs__logistic,uci697__all__dropout_vs_all_other__enrollment__full__logistic,0.2,0.7163677130044843,0.7219730941704036,-0.005605381165919243,0.44968332160450386,0.45320197044334976,-0.0035186488388458947,-5,5,826,958,0.8622129436325678,0.9260089686098655
uci697,all,dropout_vs_all_other,enrollment,logistic,c13_selected,targeted_gender_special_needs,full,uci697__all__dropout_vs_all_other__enrollment__targeted_gender_special_needs__logistic,uci697__all__dropout_vs_all_other__enrollment__full__logistic,0.3,0.6079460269865068,0.618440779610195,-0.010494752623688153,0.5707248416608023,0.5805770584095707,-0.009852216748768461,-14,14,1202,1466,0.819918144611187,0.9010494752623688
uci697,all,dropout_vs_all_other,semester1,histgb,c13_selected,legacy_operational,full,uci697__all__dropout_vs_all_other__semester1__legacy_operational__histgb,uci697__all__dropout_vs_all_other__semester1__full__histgb,0.05,0.9475982532751092,0.9694323144104804,-0.02183406113537123,0.15270935960591134,0.1562280084447572,-0.003518648838845867,-5,5,113,345,0.32753623188405795,0.49344978165938863
uci697,all,dropout_vs_all_other,semester1,histgb,c13_selected,legacy_operational,full,uci697__all__dropout_vs_all_other__semester1__legacy_operational__histgb,uci697__all__dropout_vs_all_other__semester1__full__histgb,0.1,0.8888888888888888,0.9488888888888889,-0.06000000000000005,0.28149190710767064,0.30049261083743845,-0.01900070372976781,-27,27,290,610,0.47540983606557374,0.6444444444444445
uci697,all,dropout_vs_all_other,semester1,histgb,c13_selected,legacy_operational,full,uci697__all__dropout_vs_all_other__semester1__legacy_operational__histgb,uci697__all__dropout_vs_all_other__semester1__full__histgb,0.2,0.7645739910313901,0.8329596412556054,-0.06838565022421528,0.47994370161857847,0.5228712174524982,-0.04292751583391974,-61,61,638,1146,0.5567190226876091,0.7152466367713004
uci697,all,dropout_vs_all_other,semester1,histgb,c13_selected,legacy_operational,full,uci697__all__dropout_vs_all_other__semester1__legacy_operational__histgb,uci697__all__dropout_vs_all_other__semester1__full__histgb,0.3,0.6664167916041979,0.7233883058470765,-0.05697151424287861,0.625615763546798,0.6790992258972555,-0.05348346235045742,-76,76,1040,1628,0.6388206388206388,0.7796101949025487
uci697,all,dropout_vs_all_other,semester1,histgb,c13_selected,no_direct_personal,full,uci697__all__dropout_vs_all_other__semester1__no_direct_personal__histgb,uci697__all__dropout_vs_all_other__semester1__full__histgb,0.05,0.9737991266375546,0.9694323144104804,0.004366812227074246,0.1569317382125264,0.1562280084447572,0.0007037297677691956,1,-1,185,273,0.6776556776556777,0.8078602620087336
uci697,all,dropout_vs_all_other,semester1,histgb,c13_selected,no_direct_personal,full,uci697__all__dropout_vs_all_other__semester1__no_direct_personal__histgb,uci697__all__dropout_vs_all_other__semester1__full__histgb,0.1,0.9488888888888889,0.9488888888888889,0.0,0.30049261083743845,0.30049261083743845,0.0,0,0,401,499,0.8036072144288577,0.8911111111111111
uci697,all,dropout_vs_all_other,semester1,histgb,c13_selected,no_direct_personal,full,uci697__all__dropout_vs_all_other__semester1__no_direct_personal__histgb,uci697__all__dropout_vs_all_other__semester1__full__histgb,0.2,0.827354260089686,0.8329596412556054,-0.005605381165919354,0.5193525686136523,0.5228712174524982,-0.0035186488388458947,-5,5,815,969,0.8410732714138287,0.9136771300448431
uci697,all,dropout_vs_all_other,semester1,histgb,c13_selected,no_direct_personal,full,uci697__all__dropout_vs_all_other__semester1__no_direct_personal__histgb,uci697__all__dropout_vs_all_other__semester1__full__histgb,0.3,0.7166416791604198,0.7233883058470765,-0.006746626686656709,0.6727656579873329,0.6790992258972555,-0.006333567909922566,-9,9,1218,1450,0.84,0.9130434782608695
uci697,all,dropout_vs_all_other,semester1,histgb,c13_selected,no_family_financial,full,uci697__all__dropout_vs_all_other__semester1__no_family_financial__histgb,uci697__all__dropout_vs_all_other__semester1__full__histgb,0.05,0.9606986899563319,0.9694323144104804,-0.008733624454148492,0.15482054890921887,0.1562280084447572,-0.0014074595355383357,-2,2,118,340,0.34705882352941175,0.5152838427947598
uci697,all,dropout_vs_all_other,semester1,histgb,c13_selected,no_family_financial,full,uci697__all__dropout_vs_all_other__semester1__no_family_financial__histgb,uci697__all__dropout_vs_all_other__semester1__full__histgb,0.1,0.8955555555555555,0.9488888888888889,-0.053333333333333344,0.2836030964109782,0.30049261083743845,-0.01688951442646025,-24,24,301,599,0.5025041736227045,0.6688888888888889
uci697,all,dropout_vs_all_other,semester1,histgb,c13_selected,no_family_financial,full,uci697__all__dropout_vs_all_other__semester1__no_family_financial__histgb,uci697__all__dropout_vs_all_other__semester1__full__histgb,0.2,0.7802690582959642,0.8329596412556054,-0.05269058295964124,0.4897959183673469,0.5228712174524982,-0.03307529908515128,-47,47,665,1119,0.5942806076854334,0.7455156950672646
uci697,all,dropout_vs_all_other,semester1,histgb,c13_selected,no_family_financial,full,uci697__all__dropout_vs_all_other__semester1__no_family_financial__histgb,uci697__all__dropout_vs_all_other__semester1__full__histgb,0.3,0.6746626686656672,0.7233883058470765,-0.04872563718140932,0.633356790992259,0.6790992258972555,-0.04574243490499652,-65,65,1096,1572,0.6972010178117048,0.8215892053973014
uci697,all,dropout_vs_all_other,semester1,histgb,c13_selected,targeted_gender_special_needs,full,uci697__all__dropout_vs_all_other__semester1__targeted_gender_special_needs__histgb,uci697__all__dropout_vs_all_other__semester1__full__histgb,0.05,0.9737991266375546,0.9694323144104804,0.004366812227074246,0.1569317382125264,0.1562280084447572,0.0007037297677691956,1,-1,196,262,0.7480916030534351,0.8558951965065502
uci697,all,dropout_vs_all_other,semester1,histgb,c13_selected,targeted_gender_special_needs,full,uci697__all__dropout_vs_all_other__semester1__targeted_gender_special_needs__histgb,uci697__all__dropout_vs_all_other__semester1__full__histgb,0.1,0.9533333333333334,0.9488888888888889,0.004444444444444473,0.3019000703729768,0.30049261083743845,0.0014074595355383357,2,-2,421,479,0.8789144050104384,0.9355555555555556
uci697,all,dropout_vs_all_other,semester1,histgb,c13_selected,targeted_gender_special_needs,full,uci697__all__dropout_vs_all_other__semester1__targeted_gender_special_needs__histgb,uci697__all__dropout_vs_all_other__semester1__full__histgb,0.2,0.827354260089686,0.8329596412556054,-0.005605381165919354,0.5193525686136523,0.5228712174524982,-0.0035186488388458947,-5,5,839,945,0.8878306878306879,0.9405829596412556
uci697,all,dropout_vs_all_other,semester1,histgb,c13_selected,targeted_gender_special_needs,full,uci697__all__dropout_vs_all_other__semester1__targeted_gender_special_needs__histgb,uci697__all__dropout_vs_all_other__semester1__full__histgb,0.3,0.7181409295352323,0.7233883058470765,-0.005247376311844132,0.6741731175228712,0.6790992258972555,-0.0049261083743842304,-7,7,1254,1414,0.8868458274398868,0.9400299850074962
uci697,all,dropout_vs_all_other,semester1,logistic,c13_selected,legacy_operational,full,uci697__all__dropout_vs_all_other__semester1__legacy_operational__logistic,uci697__all__dropout_vs_all_other__semester1__full__logistic,0.05,0.9432314410480349,0.9737991266375546,-0.030567685589519722,0.15200562983814214,0.1569317382125264,-0.004926108374384258,-7,7,110,348,0.3160919540229885,0.48034934497816595
uci697,all,dropout_vs_all_other,semester1,logistic,c13_selected,legacy_operational,full,uci697__all__dropout_vs_all_other__semester1__legacy_operational__logistic,uci697__all__dropout_vs_all_other__semester1__full__logistic,0.1,0.8911111111111111,0.9511111111111111,-0.06000000000000005,0.2821956368754398,0.3011963406052076,-0.01900070372976781,-27,27,285,615,0.4634146341463415,0.6333333333333333
uci697,all,dropout_vs_all_other,semester1,logistic,c13_selected,legacy_operational,full,uci697__all__dropout_vs_all_other__semester1__legacy_operational__logistic,uci697__all__dropout_vs_all_other__semester1__full__logistic,0.2,0.773542600896861,0.8374439461883408,-0.06390134529147984,0.48557353976073186,0.525686136523575,-0.04011259676284312,-57,57,667,1117,0.5971351835273053,0.7477578475336323
uci697,all,dropout_vs_all_other,semester1,logistic,c13_selected,legacy_operational,full,uci697__all__dropout_vs_all_other__semester1__legacy_operational__logistic,uci697__all__dropout_vs_all_other__semester1__full__logistic,0.3,0.6671664167916042,0.7286356821589205,-0.06146926536731634,0.6263194933145672,0.6840253342716397,-0.05770584095707254,-82,82,1018,1650,0.616969696969697,0.7631184407796102
uci697,all,dropout_vs_all_other,semester1,logistic,c13_selected,no_direct_personal,full,uci697__all__dropout_vs_all_other__semester1__no_direct_personal__logistic,uci697__all__dropout_vs_all_other__semester1__full__logistic,0.05,0.9737991266375546,0.9737991266375546,0.0,0.1569317382125264,0.1569317382125264,0.0,0,0,209,249,0.8393574297188755,0.9126637554585153
uci697,all,dropout_vs_all_other,semester1,logistic,c13_selected,no_direct_personal,full,uci697__all__dropout_vs_all_other__semester1__no_direct_personal__logistic,uci697__all__dropout_vs_all_other__semester1__full__logistic,0.1,0.9466666666666667,0.9511111111111111,-0.004444444444444473,0.2997888810696692,0.3011963406052076,-0.0014074595355383912,-2,2,422,478,0.8828451882845189,0.9377777777777778
uci697,all,dropout_vs_all_other,semester1,logistic,c13_selected,no_direct_personal,full,uci697__all__dropout_vs_all_other__semester1__no_direct_personal__logistic,uci697__all__dropout_vs_all_other__semester1__full__logistic,0.2,0.8318385650224215,0.8374439461883408,-0.005605381165919354,0.5221674876847291,0.525686136523575,-0.0035186488388458947,-5,5,840,944,0.8898305084745762,0.9417040358744395
uci697,all,dropout_vs_all_other,semester1,logistic,c13_selected,no_direct_personal,full,uci697__all__dropout_vs_all_other__semester1__no_direct_personal__logistic,uci697__all__dropout_vs_all_other__semester1__full__logistic,0.3,0.7241379310344828,0.7286356821589205,-0.004497751124437732,0.6798029556650246,0.6840253342716397,-0.004222378606615118,-6,6,1259,1409,0.893541518807665,0.9437781109445277
uci697,all,dropout_vs_all_other,semester1,logistic,c13_selected,no_family_financial,full,uci697__all__dropout_vs_all_other__semester1__no_family_financial__logistic,uci697__all__dropout_vs_all_other__semester1__full__logistic,0.05,0.9388646288209607,0.9737991266375546,-0.03493449781659397,0.15130190007037297,0.1569317382125264,-0.005629838142153426,-8,8,120,338,0.35502958579881655,0.5240174672489083
uci697,all,dropout_vs_all_other,semester1,logistic,c13_selected,no_family_financial,full,uci697__all__dropout_vs_all_other__semester1__no_family_financial__logistic,uci697__all__dropout_vs_all_other__semester1__full__logistic,0.1,0.9088888888888889,0.9511111111111111,-0.04222222222222227,0.28782547501759326,0.3011963406052076,-0.013370865587614356,-19,19,311,589,0.5280135823429541,0.6911111111111111
uci697,all,dropout_vs_all_other,semester1,logistic,c13_selected,no_family_financial,full,uci697__all__dropout_vs_all_other__semester1__no_family_financial__logistic,uci697__all__dropout_vs_all_other__semester1__full__logistic,0.2,0.7959641255605381,0.8374439461883408,-0.041479820627802755,0.4996481351161154,0.525686136523575,-0.0260380014074596,-37,37,700,1084,0.6457564575645757,0.7847533632286996
uci697,all,dropout_vs_all_other,semester1,logistic,c13_selected,no_family_financial,full,uci697__all__dropout_vs_all_other__semester1__no_family_financial__logistic,uci697__all__dropout_vs_all_other__semester1__full__logistic,0.3,0.671664167916042,0.7286356821589205,-0.056971514242878496,0.6305418719211823,0.6840253342716397,-0.05348346235045742,-76,76,1066,1602,0.66541822721598,0.7991004497751124
uci697,all,dropout_vs_all_other,semester1,logistic,c13_selected,targeted_gender_special_needs,full,uci697__all__dropout_vs_all_other__semester1__targeted_gender_special_needs__logistic,uci697__all__dropout_vs_all_other__semester1__full__logistic,0.05,0.9694323144104804,0.9737991266375546,-0.004366812227074246,0.1562280084447572,0.1569317382125264,-0.0007037297677691956,-1,1,214,244,0.8770491803278688,0.9344978165938864
uci697,all,dropout_vs_all_other,semester1,logistic,c13_selected,targeted_gender_special_needs,full,uci697__all__dropout_vs_all_other__semester1__targeted_gender_special_needs__logistic,uci697__all__dropout_vs_all_other__semester1__full__logistic,0.1,0.9511111111111111,0.9511111111111111,0.0,0.3011963406052076,0.3011963406052076,0.0,0,0,429,471,0.910828025477707,0.9533333333333334
uci697,all,dropout_vs_all_other,semester1,logistic,c13_selected,targeted_gender_special_needs,full,uci697__all__dropout_vs_all_other__semester1__targeted_gender_special_needs__logistic,uci697__all__dropout_vs_all_other__semester1__full__logistic,0.2,0.8363228699551569,0.8374439461883408,-0.0011210762331839152,0.5249824067558058,0.525686136523575,-0.0007037297677692234,-1,1,852,932,0.9141630901287554,0.9551569506726457
uci697,all,dropout_vs_all_other,semester1,logistic,c13_selected,targeted_gender_special_needs,full,uci697__all__dropout_vs_all_other__semester1__targeted_gender_special_needs__logistic,uci697__all__dropout_vs_all_other__semester1__full__logistic,0.3,0.7256371814092953,0.7286356821589205,-0.0029985007496251548,0.681210415200563,0.6840253342716397,-0.0028149190710766714,-4,4,1275,1393,0.9152907394113424,0.9557721139430285
uci697,all,dropout_vs_graduate,enrollment,histgb,c13_selected,legacy_operational,full,uci697__all__dropout_vs_graduate__enrollment__legacy_operational__histgb,uci697__all__dropout_vs_graduate__enrollment__full__histgb,0.05,0.6243386243386243,0.9735449735449735,-0.3492063492063492,0.08304011259676285,0.1294862772695285,-0.04644616467276565,-66,66,43,335,0.12835820895522387,0.2275132275132275
uci697,all,dropout_vs_graduate,enrollment,histgb,c13_selected,legacy_operational,full,uci697__all__dropout_vs_graduate__enrollment__legacy_operational__histgb,uci697__all__dropout_vs_graduate__enrollment__full__histgb,0.1,0.5849056603773585,0.9110512129380054,-0.3261455525606469,0.15270935960591134,0.2378606615059817,-0.08515130190007036,-121,121,112,630,0.17777777777777778,0.3018867924528302
uci697,all,dropout_vs_graduate,enrollment,histgb,c13_selected,legacy_operational,full,uci697__all__dropout_vs_graduate__enrollment__legacy_operational__histgb,uci697__all__dropout_vs_graduate__enrollment__full__histgb,0.2,0.557980900409277,0.781718963165075,-0.2237380627557981,0.28782547501759326,0.4032371569317382,-0.11541168191414497,-164,164,318,1148,0.2770034843205575,0.43383356070941337
uci697,all,dropout_vs_graduate,enrollment,histgb,c13_selected,legacy_operational,full,uci697__all__dropout_vs_graduate__enrollment__legacy_operational__histgb,uci697__all__dropout_vs_graduate__enrollment__full__histgb,0.3,0.5191605839416058,0.698905109489051,-0.17974452554744524,0.4004222378606615,0.5390570021111893,-0.13863476425052784,-197,197,590,1602,0.3682896379525593,0.5383211678832117
uci697,all,dropout_vs_graduate,enrollment,histgb,c13_selected,loo__age_at_enrollment,full,uci697__all__dropout_vs_graduate__enrollment__loo__age_at_enrollment__histgb,uci697__all__dropout_vs_graduate__enrollment__full__histgb,0.05,0.9682539682539683,0.9735449735449735,-0.005291005291005235,0.12878254750175933,0.1294862772695285,-0.0007037297677691678,-1,1,160,218,0.7339449541284404,0.8465608465608465
uci697,all,dropout_vs_graduate,enrollment,histgb,c13_selected,loo__age_at_enrollment,full,uci697__all__dropout_vs_graduate__enrollment__loo__age_at_enrollment__histgb,uci697__all__dropout_vs_graduate__enrollment__full__histgb,0.1,0.9110512129380054,0.9110512129380054,0.0,0.2378606615059817,0.2378606615059817,0.0,0,0,325,417,0.7793764988009593,0.876010781671159
uci697,all,dropout_vs_graduate,enrollment,histgb,c13_selected,loo__age_at_enrollment,full,uci697__all__dropout_vs_graduate__enrollment__loo__age_at_enrollment__histgb,uci697__all__dropout_vs_graduate__enrollment__full__histgb,0.2,0.7830832196452933,0.781718963165075,0.0013642564802182067,0.4039408866995074,0.4032371569317382,0.0007037297677691678,1,-1,658,808,0.8143564356435643,0.897680763983629
uci697,all,dropout_vs_graduate,enrollment,histgb,c13_selected,loo__age_at_enrollment,full,uci697__all__dropout_vs_graduate__enrollment__loo__age_at_enrollment__histgb,uci697__all__dropout_vs_graduate__enrollment__full__histgb,0.3,0.6943430656934306,0.698905109489051,-0.0045620437956204185,0.5355383532723434,0.5390570021111893,-0.0035186488388458947,-5,5,984,1208,0.8145695364238411,0.8978102189781022
uci697,all,dropout_vs_graduate,enrollment,histgb,c13_selected,loo__displaced,full,uci697__all__dropout_vs_graduate__enrollment__loo__displaced__histgb,uci697__all__dropout_vs_graduate__enrollment__full__histgb,0.05,0.9735449735449735,0.9735449735449735,0.0,0.1294862772695285,0.1294862772695285,0.0,0,0,172,206,0.8349514563106796,0.91005291005291
uci697,all,dropout_vs_graduate,enrollment,histgb,c13_selected,loo__displaced,full,uci697__all__dropout_vs_graduate__enrollment__loo__displaced__histgb,uci697__all__dropout_vs_graduate__enrollment__full__histgb,0.1,0.9164420485175202,0.9110512129380054,0.005390835579514808,0.23926812104152007,0.2378606615059817,0.0014074595355383634,2,-2,349,393,0.8880407124681934,0.9407008086253369
uci697,all,dropout_vs_graduate,enrollment,histgb,c13_selected,loo__displaced,full,uci697__all__dropout_vs_graduate__enrollment__loo__displaced__histgb,uci697__all__dropout_vs_graduate__enrollment__full__histgb,0.2,0.7885402455661664,0.781718963165075,0.006821282401091366,0.4067558057705841,0.4032371569317382,0.0035186488388458947,5,-5,699,767,0.9113428943937418,0.9536152796725784
uci697,all,dropout_vs_graduate,enrollment,histgb,c13_selected,loo__displaced,full,uci697__all__dropout_vs_graduate__enrollment__loo__displaced__histgb,uci697__all__dropout_vs_graduate__enrollment__full__histgb,0.3,0.6943430656934306,0.698905109489051,-0.0045620437956204185,0.5355383532723434,0.5390570021111893,-0.0035186488388458947,-5,5,1048,1144,0.916083916083916,0.9562043795620438
uci697,all,dropout_vs_graduate,enrollment,histgb,c13_selected,loo__educational_special_needs,full,uci697__all__dropout_vs_graduate__enrollment__loo__educational_special_needs__histgb,uci697__all__dropout_vs_graduate__enrollment__full__histgb,0.05,0.9735449735449735,0.9735449735449735,0.0,0.1294862772695285,0.1294862772695285,0.0,0,0,183,195,0.9384615384615385,0.9682539682539683
uci697,all,dropout_vs_graduate,enrollment,histgb,c13_selected,loo__educational_special_needs,full,uci697__all__dropout_vs_graduate__enrollment__loo__educational_special_needs__histgb,uci697__all__dropout_vs_graduate__enrollment__full__histgb,0.1,0.9137466307277629,0.9110512129380054,0.0026954177897574594,0.23856439127375087,0.2378606615059817,0.0007037297677691678,1,-1,364,378,0.9629629629629629,0.9811320754716981
uci697,all,dropout_vs_graduate,enrollment,histgb,c13_selected,loo__educational_special_needs,full,uci697__all__dropout_vs_graduate__enrollment__loo__educational_special_needs__histgb,uci697__all__dropout_vs_graduate__enrollment__full__histgb,0.2,0.7803547066848567,0.781718963165075,-0.0013642564802183177,0.40253342716396906,0.4032371569317382,-0.0007037297677691678,-1,1,726,740,0.981081081081081,0.990450204638472
uci697,all,dropout_vs_graduate,enrollment,histgb,c13_selected,loo__educational_special_needs,full,uci697__all__dropout_vs_graduate__enrollment__loo__educational_special_needs__histgb,uci697__all__dropout_vs_graduate__enrollment__full__histgb,0.3,0.6970802919708029,0.698905109489051,-0.0018248175182481452,0.5376495425756509,0.5390570021111893,-0.0014074595355384467,-2,2,1080,1112,0.9712230215827338,0.9854014598540146
uci697,all,dropout_vs_graduate,enrollment,histgb,c13_selected,loo__gender,full,uci697__all__dropout_vs_graduate__enrollment__loo__gender__histgb,uci697__all__dropout_vs_graduate__enrollment__full__histgb,0.05,0.9682539682539683,0.9735449735449735,-0.005291005291005235,0.12878254750175933,0.1294862772695285,-0.0007037297677691678,-1,1,158,220,0.7181818181818181,0.8359788359788359
uci697,all,dropout_vs_graduate,enrollment,histgb,c13_selected,loo__gender,full,uci697__all__dropout_vs_graduate__enrollment__loo__gender__histgb,uci697__all__dropout_vs_graduate__enrollment__full__histgb,0.1,0.9191374663072777,0.9110512129380054,0.008086253369272267,0.23997185080928923,0.2378606615059817,0.0021111893033075313,3,-3,335,407,0.8230958230958231,0.9029649595687331
uci697,all,dropout_vs_graduate,enrollment,histgb,c13_selected,loo__gender,full,uci697__all__dropout_vs_graduate__enrollment__loo__gender__histgb,uci697__all__dropout_vs_graduate__enrollment__full__histgb,0.2,0.781718963165075,0.781718963165075,0.0,0.4032371569317382,0.4032371569317382,0.0,0,0,678,788,0.8604060913705583,0.9249658935879945
uci697,all,dropout_vs_graduate,enrollment,histgb,c13_selected,loo__gender,full,uci697__all__dropout_vs_graduate__enrollment__loo__gender__histgb,uci697__all__dropout_vs_graduate__enrollment__full__histgb,0.3,0.6879562043795621,0.698905109489051,-0.010948905109488982,0.5306122448979592,0.5390570021111893,-0.008444757213230125,-12,12,979,1213,0.8070898598516076,0.8932481751824818
uci697,all,dropout_vs_graduate,enrollment,histgb,c13_selected,loo__international,full,uci697__all__dropout_vs_graduate__enrollment__loo__international__histgb,uci697__all__dropout_vs_graduate__enrollment__full__histgb,0.05,0.9735449735449735,0.9735449735449735,0.0,0.1294862772695285,0.1294862772695285,0.0,0,0,189,189,1.0,1.0
uci697,all,dropout_vs_graduate,enrollment,histgb,c13_selected,loo__international,full,uci697__all__dropout_vs_graduate__enrollment__loo__international__histgb,uci697__all__dropout_vs_graduate__enrollment__full__histgb,0.1,0.9110512129380054,0.9110512129380054,0.0,0.2378606615059817,0.2378606615059817,0.0,0,0,371,371,1.0,1.0
uci697,all,dropout_vs_graduate,enrollment,histgb,c13_selected,loo__international,full,uci697__all__dropout_vs_graduate__enrollment__loo__international__histgb,uci697__all__dropout_vs_graduate__enrollment__full__histgb,0.2,0.781718963165075,0.781718963165075,0.0,0.4032371569317382,0.4032371569317382,0.0,0,0,733,733,1.0,1.0
uci697,all,dropout_vs_graduate,enrollment,histgb,c13_selected,loo__international,full,uci697__all__dropout_vs_graduate__enrollment__loo__international__histgb,uci697__all__dropout_vs_graduate__enrollment__full__histgb,0.3,0.698905109489051,0.698905109489051,0.0,0.5390570021111893,0.5390570021111893,0.0,0,0,1096,1096,1.0,1.0
uci697,all,dropout_vs_graduate,enrollment,histgb,c13_selected,loo__marital_status,full,uci697__all__dropout_vs_graduate__enrollment__loo__marital_status__histgb,uci697__all__dropout_vs_graduate__enrollment__full__histgb,0.05,0.9788359788359788,0.9735449735449735,0.005291005291005346,0.1301900070372977,0.1294862772695285,0.0007037297677691956,1,-1,169,209,0.8086124401913876,0.8941798941798942
uci697,all,dropout_vs_graduate,enrollment,histgb,c13_selected,loo__marital_status,full,uci697__all__dropout_vs_graduate__enrollment__loo__marital_status__histgb,uci697__all__dropout_vs_graduate__enrollment__full__histgb,0.1,0.9110512129380054,0.9110512129380054,0.0,0.2378606615059817,0.2378606615059817,0.0,0,0,340,402,0.845771144278607,0.9164420485175202
uci697,all,dropout_vs_graduate,enrollment,histgb,c13_selected,loo__marital_status,full,uci697__all__dropout_vs_graduate__enrollment__loo__marital_status__histgb,uci697__all__dropout_vs_graduate__enrollment__full__histgb,0.2,0.791268758526603,0.781718963165075,0.009549795361528002,0.40816326530612246,0.4032371569317382,0.0049261083743842304,7,-7,697,769,0.9063719115734721,0.9508867667121419
uci697,all,dropout_vs_graduate,enrollment,histgb,c13_selected,loo__marital_status,full,uci697__all__dropout_vs_graduate__enrollment__loo__marital_status__histgb,uci697__all__dropout_vs_graduate__enrollment__full__histgb,0.3,0.6934306569343066,0.698905109489051,-0.005474452554744436,0.5348346235045742,0.5390570021111893,-0.004222378606615118,-6,6,1038,1154,0.8994800693240901,0.9470802919708029
uci697,all,dropout_vs_graduate,enrollment,histgb,c13_selected,loo__nacionality,full,uci697__all__dropout_vs_graduate__enrollment__loo__nacionality__histgb,uci697__all__dropout_vs_graduate__enrollment__full__histgb,0.05,0.9735449735449735,0.9735449735449735,0.0,0.1294862772695285,0.1294862772695285,0.0,0,0,189,189,1.0,1.0
uci697,all,dropout_vs_graduate,enrollment,histgb,c13_selected,loo__nacionality,full,uci697__all__dropout_vs_graduate__enrollment__loo__nacionality__histgb,uci697__all__dropout_vs_graduate__enrollment__full__histgb,0.1,0.9110512129380054,0.9110512129380054,0.0,0.2378606615059817,0.2378606615059817,0.0,0,0,371,371,1.0,1.0
uci697,all,dropout_vs_graduate,enrollment,histgb,c13_selected,loo__nacionality,full,uci697__all__dropout_vs_graduate__enrollment__loo__nacionality__histgb,uci697__all__dropout_vs_graduate__enrollment__full__histgb,0.2,0.781718963165075,0.781718963165075,0.0,0.4032371569317382,0.4032371569317382,0.0,0,0,733,733,1.0,1.0
uci697,all,dropout_vs_graduate,enrollment,histgb,c13_selected,loo__nacionality,full,uci697__all__dropout_vs_graduate__enrollment__loo__nacionality__histgb,uci697__all__dropout_vs_graduate__enrollment__full__histgb,0.3,0.698905109489051,0.698905109489051,0.0,0.5390570021111893,0.5390570021111893,0.0,0,0,1096,1096,1.0,1.0
uci697,all,dropout_vs_graduate,enrollment,histgb,c13_selected,no_direct_personal,full,uci697__all__dropout_vs_graduate__enrollment__no_direct_personal__histgb,uci697__all__dropout_vs_graduate__enrollment__full__histgb,0.05,0.9629629629629629,0.9735449735449735,-0.010582010582010581,0.12807881773399016,0.1294862772695285,-0.0014074595355383357,-2,2,148,230,0.6434782608695652,0.783068783068783
uci697,all,dropout_vs_graduate,enrollment,histgb,c13_selected,no_direct_personal,full,uci697__all__dropout_vs_graduate__enrollment__no_direct_personal__histgb,uci697__all__dropout_vs_graduate__enrollment__full__histgb,0.1,0.9056603773584906,0.9110512129380054,-0.005390835579514808,0.23645320197044334,0.2378606615059817,-0.0014074595355383634,-2,2,318,424,0.75,0.8571428571428571
uci697,all,dropout_vs_graduate,enrollment,histgb,c13_selected,no_direct_personal,full,uci697__all__dropout_vs_graduate__enrollment__no_direct_personal__histgb,uci697__all__dropout_vs_graduate__enrollment__full__histgb,0.2,0.7803547066848567,0.781718963165075,-0.0013642564802183177,0.40253342716396906,0.4032371569317382,-0.0007037297677691678,-1,1,639,827,0.7726723095525998,0.8717598908594816
uci697,all,dropout_vs_graduate,enrollment,histgb,c13_selected,no_direct_personal,full,uci697__all__dropout_vs_graduate__enrollment__no_direct_personal__histgb,uci697__all__dropout_vs_graduate__enrollment__full__histgb,0.3,0.6888686131386861,0.698905109489051,-0.010036496350364965,0.5313159746657283,0.5390570021111893,-0.007741027445461013,-11,11,934,1258,0.7424483306836248,0.8521897810218978
uci697,all,dropout_vs_graduate,enrollment,histgb,c13_selected,no_family_financial,full,uci697__all__dropout_vs_graduate__enrollment__no_family_financial__histgb,uci697__all__dropout_vs_graduate__enrollment__full__histgb,0.05,0.7354497354497355,0.9735449735449735,-0.23809523809523803,0.09781843771991555,0.1294862772695285,-0.03166783954961294,-45,45,56,322,0.17391304347826086,0.2962962962962963
uci697,all,dropout_vs_graduate,enrollment,histgb,c13_selected,no_family_financial,full,uci697__all__dropout_vs_graduate__enrollment__no_family_financial__histgb,uci697__all__dropout_vs_graduate__enrollment__full__histgb,0.1,0.692722371967655,0.9110512129380054,-0.21832884097035044,0.18085855031667838,0.2378606615059817,-0.05700211118930332,-81,81,147,595,0.24705882352941178,0.39622641509433965
uci697,all,dropout_vs_graduate,enrollment,histgb,c13_selected,no_family_financial,full,uci697__all__dropout_vs_graduate__enrollment__no_family_financial__histgb,uci697__all__dropout_vs_graduate__enrollment__full__histgb,0.2,0.6207366984993179,0.781718963165075,-0.16098226466575716,0.32019704433497537,0.4032371569317382,-0.08304011259676286,-118,118,395,1071,0.36881419234360413,0.538881309686221
uci697,all,dropout_vs_graduate,enrollment,histgb,c13_selected,no_family_financial,full,uci697__all__dropout_vs_graduate__enrollment__no_family_financial__histgb,uci697__all__dropout_vs_graduate__enrollment__full__histgb,0.3,0.573905109489051,0.698905109489051,-0.125,0.4426460239268121,0.5390570021111893,-0.09641097818437722,-137,137,710,1482,0.47908232118758437,0.6478102189781022
uci697,all,dropout_vs_graduate,enrollment,histgb,c13_selected,targeted_gender_special_needs,full,uci697__all__dropout_vs_graduate__enrollment__targeted_gender_special_needs__histgb,uci697__all__dropout_vs_graduate__enrollment__full__histgb,0.05,0.9682539682539683,0.9735449735449735,-0.005291005291005235,0.12878254750175933,0.1294862772695285,-0.0007037297677691678,-1,1,157,221,0.7104072398190046,0.8306878306878307
uci697,all,dropout_vs_graduate,enrollment,histgb,c13_selected,targeted_gender_special_needs,full,uci697__all__dropout_vs_graduate__enrollment__targeted_gender_special_needs__histgb,uci697__all__dropout_vs_graduate__enrollment__full__histgb,0.1,0.9191374663072777,0.9110512129380054,0.008086253369272267,0.23997185080928923,0.2378606615059817,0.0021111893033075313,3,-3,337,405,0.8320987654320988,0.9083557951482479
uci697,all,dropout_vs_graduate,enrollment,histgb,c13_selected,targeted_gender_special_needs,full,uci697__all__dropout_vs_graduate__enrollment__targeted_gender_special_needs__histgb,uci697__all__dropout_vs_graduate__enrollment__full__histgb,0.2,0.7830832196452933,0.781718963165075,0.0013642564802182067,0.4039408866995074,0.4032371569317382,0.0007037297677691678,1,-1,679,787,0.8627700127064803,0.9263301500682128
uci697,all,dropout_vs_graduate,enrollment,histgb,c13_selected,targeted_gender_special_needs,full,uci697__all__dropout_vs_graduate__enrollment__targeted_gender_special_needs__histgb,uci697__all__dropout_vs_graduate__enrollment__full__histgb,0.3,0.6897810218978102,0.698905109489051,-0.009124087591240837,0.5320197044334976,0.5390570021111893,-0.0070372976776917895,-10,10,977,1215,0.8041152263374486,0.8914233576642335
uci697,all,dropout_vs_graduate,enrollment,logistic,c13_selected,legacy_operational,full,uci697__all__dropout_vs_graduate__enrollment__legacy_operational__logistic,uci697__all__dropout_vs_graduate__enrollment__full__logistic,0.05,0.6613756613756614,0.9629629629629629,-0.3015873015873015,0.08796622097114708,0.12807881773399016,-0.04011259676284308,-57,57,50,328,0.1524390243902439,0.26455026455026454
uci697,all,dropout_vs_graduate,enrollment,logistic,c13_selected,legacy_operational,full,uci697__all__dropout_vs_graduate__enrollment__legacy_operational__logistic,uci697__all__dropout_vs_graduate__enrollment__full__logistic,0.1,0.5849056603773585,0.9164420485175202,-0.33153638814016173,0.15270935960591134,0.23926812104152007,-0.08655876143560873,-123,123,107,635,0.16850393700787403,0.2884097035040431
uci697,all,dropout_vs_graduate,enrollment,logistic,c13_selected,legacy_operational,full,uci697__all__dropout_vs_graduate__enrollment__legacy_operational__logistic,uci697__all__dropout_vs_graduate__enrollment__full__logistic,0.2,0.519781718963165,0.7939972714870396,-0.27421555252387453,0.2681210415200563,0.4095707248416608,-0.1414496833216045,-201,201,294,1172,0.2508532423208191,0.40109140518417463
uci697,all,dropout_vs_graduate,enrollment,logistic,c13_selected,legacy_operational,full,uci697__all__dropout_vs_graduate__enrollment__legacy_operational__logistic,uci697__all__dropout_vs_graduate__enrollment__full__logistic,0.3,0.4927007299270073,0.7025547445255474,-0.20985401459854014,0.3800140745953554,0.541871921182266,-0.1618578465869106,-230,230,524,1668,0.31414868105515587,0.4781021897810219
uci697,all,dropout_vs_graduate,enrollment,logistic,c13_selected,no_direct_personal,full,uci697__all__dropout_vs_graduate__enrollment__no_direct_personal__logistic,uci697__all__dropout_vs_graduate__enrollment__full__logistic,0.05,0.9523809523809523,0.9629629629629629,-0.010582010582010581,0.1266713581984518,0.12807881773399016,-0.0014074595355383634,-2,2,160,218,0.7339449541284404,0.8465608465608465
uci697,all,dropout_vs_graduate,enrollment,logistic,c13_selected,no_direct_personal,full,uci697__all__dropout_vs_graduate__enrollment__no_direct_personal__logistic,uci697__all__dropout_vs_graduate__enrollment__full__logistic,0.1,0.9137466307277629,0.9164420485175202,-0.0026954177897573484,0.23856439127375087,0.23926812104152007,-0.0007037297677691956,-1,1,328,414,0.7922705314009661,0.8840970350404312
uci697,all,dropout_vs_graduate,enrollment,logistic,c13_selected,no_direct_personal,full,uci697__all__dropout_vs_graduate__enrollment__no_direct_personal__logistic,uci697__all__dropout_vs_graduate__enrollment__full__logistic,0.2,0.7939972714870396,0.7939972714870396,0.0,0.4095707248416608,0.4095707248416608,0.0,0,0,665,801,0.8302122347066168,0.9072305593451568
uci697,all,dropout_vs_graduate,enrollment,logistic,c13_selected,no_direct_personal,full,uci697__all__dropout_vs_graduate__enrollment__no_direct_personal__logistic,uci697__all__dropout_vs_graduate__enrollment__full__logistic,0.3,0.6943430656934306,0.7025547445255474,-0.00821167883211682,0.5355383532723434,0.541871921182266,-0.006333567909922566,-9,9,993,1199,0.8281901584653878,0.906021897810219
uci697,all,dropout_vs_graduate,enrollment,logistic,c13_selected,no_family_financial,full,uci697__all__dropout_vs_graduate__enrollment__no_family_financial__logistic,uci697__all__dropout_vs_graduate__enrollment__full__logistic,0.05,0.7195767195767195,0.9629629629629629,-0.24338624338624337,0.09570724841660802,0.12807881773399016,-0.03237156931738214,-46,46,65,313,0.20766773162939298,0.3439153439153439
uci697,all,dropout_vs_graduate,enrollment,logistic,c13_selected,no_family_financial,full,uci697__all__dropout_vs_graduate__enrollment__no_family_financial__logistic,uci697__all__dropout_vs_graduate__enrollment__full__logistic,0.1,0.6576819407008087,0.9164420485175202,-0.25876010781671155,0.1717100633356791,0.23926812104152007,-0.06755805770584097,-96,96,148,594,0.24915824915824916,0.39892183288409705
uci697,all,dropout_vs_graduate,enrollment,logistic,c13_selected,no_family_financial,full,uci697__all__dropout_vs_graduate__enrollment__no_family_financial__logistic,uci697__all__dropout_vs_graduate__enrollment__full__logistic,0.2,0.607094133697135,0.7939972714870396,-0.18690313778990453,0.3131597466572836,0.4095707248416608,-0.09641097818437722,-137,137,379,1087,0.3486660533578657,0.5170532060027285
uci697,all,dropout_vs_graduate,enrollment,logistic,c13_selected,no_family_financial,full,uci697__all__dropout_vs_graduate__enrollment__no_family_financial__logistic,uci697__all__dropout_vs_graduate__enrollment__full__logistic,0.3,0.5629562043795621,0.7025547445255474,-0.13959854014598538,0.434201266713582,0.541871921182266,-0.10767065446868401,-153,153,683,1509,0.4526176275679258,0.6231751824817519
uci697,all,dropout_vs_graduate,enrollment,logistic,c13_selected,targeted_gender_special_needs,full,uci697__all__dropout_vs_graduate__enrollment__targeted_gender_special_needs__logistic,uci697__all__dropout_vs_graduate__enrollment__full__logistic,0.05,0.9523809523809523,0.9629629629629629,-0.010582010582010581,0.1266713581984518,0.12807881773399016,-0.0014074595355383634,-2,2,166,212,0.7830188679245284,0.8783068783068783
uci697,all,dropout_vs_graduate,enrollment,logistic,c13_selected,targeted_gender_special_needs,full,uci697__all__dropout_vs_graduate__enrollment__targeted_gender_special_needs__logistic,uci697__all__dropout_vs_graduate__enrollment__full__logistic,0.1,0.9110512129380054,0.9164420485175202,-0.005390835579514808,0.2378606615059817,0.23926812104152007,-0.0014074595355383634,-2,2,340,402,0.845771144278607,0.9164420485175202
uci697,all,dropout_vs_graduate,enrollment,logistic,c13_selected,targeted_gender_special_needs,full,uci697__all__dropout_vs_graduate__enrollment__targeted_gender_special_needs__logistic,uci697__all__dropout_vs_graduate__enrollment__full__logistic,0.2,0.7953615279672579,0.7939972714870396,0.0013642564802183177,0.41027445460942996,0.4095707248416608,0.0007037297677691678,1,-1,671,795,0.8440251572327044,0.9154160982264665
uci697,all,dropout_vs_graduate,enrollment,logistic,c13_selected,targeted_gender_special_needs,full,uci697__all__dropout_vs_graduate__enrollment__targeted_gender_special_needs__logistic,uci697__all__dropout_vs_graduate__enrollment__full__logistic,0.3,0.6943430656934306,0.7025547445255474,-0.00821167883211682,0.5355383532723434,0.541871921182266,-0.006333567909922566,-9,9,996,1196,0.8327759197324415,0.9087591240875912
uci697,all,dropout_vs_graduate,semester1,histgb,c13_selected,legacy_operational,full,uci697__all__dropout_vs_graduate__semester1__legacy_operational__histgb,uci697__all__dropout_vs_graduate__semester1__full__histgb,0.05,0.9682539682539683,1.0,-0.031746031746031744,0.12878254750175933,0.1330049261083744,-0.004222378606615063,-6,6,92,286,0.32167832167832167,0.48677248677248675
uci697,all,dropout_vs_graduate,semester1,histgb,c13_selected,legacy_operational,full,uci697__all__dropout_vs_graduate__semester1__legacy_operational__histgb,uci697__all__dropout_vs_graduate__semester1__full__histgb,0.1,0.9730458221024259,0.9865229110512129,-0.013477088948787075,0.25404644616467276,0.25756509500351865,-0.0035186488388458947,-5,5,245,497,0.49295774647887325,0.660377358490566
uci697,all,dropout_vs_graduate,semester1,histgb,c13_selected,legacy_operational,full,uci697__all__dropout_vs_graduate__semester1__legacy_operational__histgb,uci697__all__dropout_vs_graduate__semester1__full__histgb,0.2,0.8703956343792633,0.9058663028649386,-0.03547066848567537,0.4489795918367347,0.4672765657987333,-0.018296973961998586,-26,26,552,914,0.6039387308533917,0.7530695770804912
uci697,all,dropout_vs_graduate,semester1,histgb,c13_selected,legacy_operational,full,uci697__all__dropout_vs_graduate__semester1__legacy_operational__histgb,uci697__all__dropout_vs_graduate__semester1__full__histgb,0.3,0.7764598540145985,0.8120437956204379,-0.03558394160583944,0.5988740323715693,0.6263194933145672,-0.027445460942997824,-39,39,893,1299,0.6874518860662048,0.8147810218978102
uci697,all,dropout_vs_graduate,semester1,histgb,c13_selected,loo__age_at_enrollment,full,uci697__all__dropout_vs_graduate__semester1__loo__age_at_enrollment__histgb,uci697__all__dropout_vs_graduate__semester1__full__histgb,0.05,0.9947089947089947,1.0,-0.005291005291005346,0.13230119634060522,0.1330049261083744,-0.0007037297677691678,-1,1,157,221,0.7104072398190046,0.8306878306878307
uci697,all,dropout_vs_graduate,semester1,histgb,c13_selected,loo__age_at_enrollment,full,uci697__all__dropout_vs_graduate__semester1__loo__age_at_enrollment__histgb,uci697__all__dropout_vs_graduate__semester1__full__histgb,0.1,0.9865229110512129,0.9865229110512129,0.0,0.25756509500351865,0.25756509500351865,0.0,0,0,332,410,0.8097560975609757,0.894878706199461
uci697,all,dropout_vs_graduate,semester1,histgb,c13_selected,loo__age_at_enrollment,full,uci697__all__dropout_vs_graduate__semester1__loo__age_at_enrollment__histgb,uci697__all__dropout_vs_graduate__semester1__full__histgb,0.2,0.9072305593451568,0.9058663028649386,0.0013642564802182067,0.46798029556650245,0.4672765657987333,0.0007037297677691678,1,-1,685,781,0.8770806658130602,0.9345156889495225
uci697,all,dropout_vs_graduate,semester1,histgb,c13_selected,loo__age_at_enrollment,full,uci697__all__dropout_vs_graduate__semester1__loo__age_at_enrollment__histgb,uci697__all__dropout_vs_graduate__semester1__full__histgb,0.3,0.8120437956204379,0.8120437956204379,0.0,0.6263194933145672,0.6263194933145672,0.0,0,0,1038,1154,0.8994800693240901,0.9470802919708029
uci697,all,dropout_vs_graduate,semester1,histgb,c13_selected,loo__displaced,full,uci697__all__dropout_vs_graduate__semester1__loo__displaced__histgb,uci697__all__dropout_vs_graduate__semester1__full__histgb,0.05,0.9947089947089947,1.0,-0.005291005291005346,0.13230119634060522,0.1330049261083744,-0.0007037297677691678,-1,1,169,209,0.8086124401913876,0.8941798941798942
uci697,all,dropout_vs_graduate,semester1,histgb,c13_selected,loo__displaced,full,uci697__all__dropout_vs_graduate__semester1__loo__displaced__histgb,uci697__all__dropout_vs_graduate__semester1__full__histgb,0.1,0.9838274932614556,0.9865229110512129,-0.0026954177897573484,0.2568613652357495,0.25756509500351865,-0.0007037297677691678,-1,1,342,400,0.855,0.921832884097035
uci697,all,dropout_vs_graduate,semester1,histgb,c13_selected,loo__displaced,full,uci697__all__dropout_vs_graduate__semester1__loo__displaced__histgb,uci697__all__dropout_vs_graduate__semester1__full__histgb,0.2,0.903137789904502,0.9058663028649386,-0.0027285129604366354,0.46586910626319494,0.4672765657987333,-0.0014074595355383357,-2,2,696,770,0.9038961038961039,0.9495225102319236
uci697,all,dropout_vs_graduate,semester1,histgb,c13_selected,loo__displaced,full,uci697__all__dropout_vs_graduate__semester1__loo__displaced__histgb,uci697__all__dropout_vs_graduate__semester1__full__histgb,0.3,0.8111313868613139,0.8120437956204379,-0.0009124087591240171,0.625615763546798,0.6263194933145672,-0.0007037297677691123,-1,1,1051,1141,0.9211218229623137,0.958941605839416
uci697,all,dropout_vs_graduate,semester1,histgb,c13_selected,loo__educational_special_needs,full,uci697__all__dropout_vs_graduate__semester1__loo__educational_special_needs__histgb,uci697__all__dropout_vs_graduate__semester1__full__histgb,0.05,1.0,1.0,0.0,0.1330049261083744,0.1330049261083744,0.0,0,0,189,189,1.0,1.0
uci697,all,dropout_vs_graduate,semester1,histgb,c13_selected,loo__educational_special_needs,full,uci697__all__dropout_vs_graduate__semester1__loo__educational_special_needs__histgb,uci697__all__dropout_vs_graduate__semester1__full__histgb,0.1,0.9865229110512129,0.9865229110512129,0.0,0.25756509500351865,0.25756509500351865,0.0,0,0,371,371,1.0,1.0
uci697,all,dropout_vs_graduate,semester1,histgb,c13_selected,loo__educational_special_needs,full,uci697__all__dropout_vs_graduate__semester1__loo__educational_special_needs__histgb,uci697__all__dropout_vs_graduate__semester1__full__histgb,0.2,0.9058663028649386,0.9058663028649386,0.0,0.4672765657987333,0.4672765657987333,0.0,0,0,733,733,1.0,1.0
uci697,all,dropout_vs_graduate,semester1,histgb,c13_selected,loo__educational_special_needs,full,uci697__all__dropout_vs_graduate__semester1__loo__educational_special_needs__histgb,uci697__all__dropout_vs_graduate__semester1__full__histgb,0.3,0.8120437956204379,0.8120437956204379,0.0,0.6263194933145672,0.6263194933145672,0.0,0,0,1096,1096,1.0,1.0
uci697,all,dropout_vs_graduate,semester1,histgb,c13_selected,loo__gender,full,uci697__all__dropout_vs_graduate__semester1__loo__gender__histgb,uci697__all__dropout_vs_graduate__semester1__full__histgb,0.05,1.0,1.0,0.0,0.1330049261083744,0.1330049261083744,0.0,0,0,167,211,0.7914691943127962,0.8835978835978836
uci697,all,dropout_vs_graduate,semester1,histgb,c13_selected,loo__gender,full,uci697__all__dropout_vs_graduate__semester1__loo__gender__histgb,uci697__all__dropout_vs_graduate__semester1__full__histgb,0.1,0.9865229110512129,0.9865229110512129,0.0,0.25756509500351865,0.25756509500351865,0.0,0,0,340,402,0.845771144278607,0.9164420485175202
uci697,all,dropout_vs_graduate,semester1,histgb,c13_selected,loo__gender,full,uci697__all__dropout_vs_graduate__semester1__loo__gender__histgb,uci697__all__dropout_vs_graduate__semester1__full__histgb,0.2,0.903137789904502,0.9058663028649386,-0.0027285129604366354,0.46586910626319494,0.4672765657987333,-0.0014074595355383357,-2,2,691,775,0.8916129032258064,0.9427012278308322
uci697,all,dropout_vs_graduate,semester1,histgb,c13_selected,loo__gender,full,uci697__all__dropout_vs_graduate__semester1__loo__gender__histgb,uci697__all__dropout_vs_graduate__semester1__full__histgb,0.3,0.8083941605839416,0.8120437956204379,-0.0036496350364962904,0.6235045742434905,0.6263194933145672,-0.0028149190710766714,-4,4,1040,1152,0.9027777777777778,0.948905109489051
uci697,all,dropout_vs_graduate,semester1,histgb,c13_selected,loo__international,full,uci697__all__dropout_vs_graduate__semester1__loo__international__histgb,uci697__all__dropout_vs_graduate__semester1__full__histgb,0.05,1.0,1.0,0.0,0.1330049261083744,0.1330049261083744,0.0,0,0,189,189,1.0,1.0
uci697,all,dropout_vs_graduate,semester1,histgb,c13_selected,loo__international,full,uci697__all__dropout_vs_graduate__semester1__loo__international__histgb,uci697__all__dropout_vs_graduate__semester1__full__histgb,0.1,0.9865229110512129,0.9865229110512129,0.0,0.25756509500351865,0.25756509500351865,0.0,0,0,371,371,1.0,1.0
uci697,all,dropout_vs_graduate,semester1,histgb,c13_selected,loo__international,full,uci697__all__dropout_vs_graduate__semester1__loo__international__histgb,uci697__all__dropout_vs_graduate__semester1__full__histgb,0.2,0.9058663028649386,0.9058663028649386,0.0,0.4672765657987333,0.4672765657987333,0.0,0,0,733,733,1.0,1.0
uci697,all,dropout_vs_graduate,semester1,histgb,c13_selected,loo__international,full,uci697__all__dropout_vs_graduate__semester1__loo__international__histgb,uci697__all__dropout_vs_graduate__semester1__full__histgb,0.3,0.8120437956204379,0.8120437956204379,0.0,0.6263194933145672,0.6263194933145672,0.0,0,0,1096,1096,1.0,1.0
uci697,all,dropout_vs_graduate,semester1,histgb,c13_selected,loo__marital_status,full,uci697__all__dropout_vs_graduate__semester1__loo__marital_status__histgb,uci697__all__dropout_vs_graduate__semester1__full__histgb,0.05,1.0,1.0,0.0,0.1330049261083744,0.1330049261083744,0.0,0,0,170,208,0.8173076923076923,0.8994708994708994
uci697,all,dropout_vs_graduate,semester1,histgb,c13_selected,loo__marital_status,full,uci697__all__dropout_vs_graduate__semester1__loo__marital_status__histgb,uci697__all__dropout_vs_graduate__semester1__full__histgb,0.1,0.9919137466307277,0.9865229110512129,0.005390835579514808,0.258972554539057,0.25756509500351865,0.0014074595355383357,2,-2,338,404,0.8366336633663366,0.9110512129380054
uci697,all,dropout_vs_graduate,semester1,histgb,c13_selected,loo__marital_status,full,uci697__all__dropout_vs_graduate__semester1__loo__marital_status__histgb,uci697__all__dropout_vs_graduate__semester1__full__histgb,0.2,0.903137789904502,0.9058663028649386,-0.0027285129604366354,0.46586910626319494,0.4672765657987333,-0.0014074595355383357,-2,2,696,770,0.9038961038961039,0.9495225102319236
uci697,all,dropout_vs_graduate,semester1,histgb,c13_selected,loo__marital_status,full,uci697__all__dropout_vs_graduate__semester1__loo__marital_status__histgb,uci697__all__dropout_vs_graduate__semester1__full__histgb,0.3,0.8111313868613139,0.8120437956204379,-0.0009124087591240171,0.625615763546798,0.6263194933145672,-0.0007037297677691123,-1,1,1051,1141,0.9211218229623137,0.958941605839416
uci697,all,dropout_vs_graduate,semester1,histgb,c13_selected,loo__nacionality,full,uci697__all__dropout_vs_graduate__semester1__loo__nacionality__histgb,uci697__all__dropout_vs_graduate__semester1__full__histgb,0.05,1.0,1.0,0.0,0.1330049261083744,0.1330049261083744,0.0,0,0,189,189,1.0,1.0
uci697,all,dropout_vs_graduate,semester1,histgb,c13_selected,loo__nacionality,full,uci697__all__dropout_vs_graduate__semester1__loo__nacionality__histgb,uci697__all__dropout_vs_graduate__semester1__full__histgb,0.1,0.9865229110512129,0.9865229110512129,0.0,0.25756509500351865,0.25756509500351865,0.0,0,0,371,371,1.0,1.0
uci697,all,dropout_vs_graduate,semester1,histgb,c13_selected,loo__nacionality,full,uci697__all__dropout_vs_graduate__semester1__loo__nacionality__histgb,uci697__all__dropout_vs_graduate__semester1__full__histgb,0.2,0.9058663028649386,0.9058663028649386,0.0,0.4672765657987333,0.4672765657987333,0.0,0,0,733,733,1.0,1.0
uci697,all,dropout_vs_graduate,semester1,histgb,c13_selected,loo__nacionality,full,uci697__all__dropout_vs_graduate__semester1__loo__nacionality__histgb,uci697__all__dropout_vs_graduate__semester1__full__histgb,0.3,0.8120437956204379,0.8120437956204379,0.0,0.6263194933145672,0.6263194933145672,0.0,0,0,1096,1096,1.0,1.0
uci697,all,dropout_vs_graduate,semester1,histgb,c13_selected,no_direct_personal,full,uci697__all__dropout_vs_graduate__semester1__no_direct_personal__histgb,uci697__all__dropout_vs_graduate__semester1__full__histgb,0.05,0.9947089947089947,1.0,-0.005291005291005346,0.13230119634060522,0.1330049261083744,-0.0007037297677691678,-1,1,157,221,0.7104072398190046,0.8306878306878307
uci697,all,dropout_vs_graduate,semester1,histgb,c13_selected,no_direct_personal,full,uci697__all__dropout_vs_graduate__semester1__no_direct_personal__histgb,uci697__all__dropout_vs_graduate__semester1__full__histgb,0.1,0.9865229110512129,0.9865229110512129,0.0,0.25756509500351865,0.25756509500351865,0.0,0,0,326,416,0.7836538461538461,0.8787061994609164
uci697,all,dropout_vs_graduate,semester1,histgb,c13_selected,no_direct_personal,full,uci697__all__dropout_vs_graduate__semester1__no_direct_personal__histgb,uci697__all__dropout_vs_graduate__semester1__full__histgb,0.2,0.9058663028649386,0.9058663028649386,0.0,0.4672765657987333,0.4672765657987333,0.0,0,0,678,788,0.8604060913705583,0.9249658935879945
uci697,all,dropout_vs_graduate,semester1,histgb,c13_selected,no_direct_personal,full,uci697__all__dropout_vs_graduate__semester1__no_direct_personal__histgb,uci697__all__dropout_vs_graduate__semester1__full__histgb,0.3,0.8120437956204379,0.8120437956204379,0.0,0.6263194933145672,0.6263194933145672,0.0,0,0,1026,1166,0.8799313893653516,0.9361313868613139
uci697,all,dropout_vs_graduate,semester1,histgb,c13_selected,no_family_financial,full,uci697__all__dropout_vs_graduate__semester1__no_family_financial__histgb,uci697__all__dropout_vs_graduate__semester1__full__histgb,0.05,0.9735449735449735,1.0,-0.02645502645502651,0.1294862772695285,0.1330049261083744,-0.0035186488388458947,-5,5,108,270,0.4,0.5714285714285714
uci697,all,dropout_vs_graduate,semester1,histgb,c13_selected,no_family_financial,full,uci697__all__dropout_vs_graduate__semester1__no_family_financial__histgb,uci697__all__dropout_vs_graduate__semester1__full__histgb,0.1,0.9730458221024259,0.9865229110512129,-0.013477088948787075,0.25404644616467276,0.25756509500351865,-0.0035186488388458947,-5,5,259,483,0.5362318840579711,0.6981132075471698
uci697,all,dropout_vs_graduate,semester1,histgb,c13_selected,no_family_financial,full,uci697__all__dropout_vs_graduate__semester1__no_family_financial__histgb,uci697__all__dropout_vs_graduate__semester1__full__histgb,0.2,0.8799454297407913,0.9058663028649386,-0.02592087312414737,0.4539057002111189,0.4672765657987333,-0.013370865587614356,-19,19,582,884,0.6583710407239819,0.7939972714870396
uci697,all,dropout_vs_graduate,semester1,histgb,c13_selected,no_family_financial,full,uci697__all__dropout_vs_graduate__semester1__no_family_financial__histgb,uci697__all__dropout_vs_graduate__semester1__full__histgb,0.3,0.7883211678832117,0.8120437956204379,-0.02372262773722622,0.6080225193525686,0.6263194933145672,-0.018296973961998586,-26,26,942,1250,0.7536,0.8594890510948905
uci697,all,dropout_vs_graduate,semester1,histgb,c13_selected,targeted_gender_special_needs,full,uci697__all__dropout_vs_graduate__semester1__targeted_gender_special_needs__histgb,uci697__all__dropout_vs_graduate__semester1__full__histgb,0.05,1.0,1.0,0.0,0.1330049261083744,0.1330049261083744,0.0,0,0,166,212,0.7830188679245284,0.8783068783068783
uci697,all,dropout_vs_graduate,semester1,histgb,c13_selected,targeted_gender_special_needs,full,uci697__all__dropout_vs_graduate__semester1__targeted_gender_special_needs__histgb,uci697__all__dropout_vs_graduate__semester1__full__histgb,0.1,0.9865229110512129,0.9865229110512129,0.0,0.25756509500351865,0.25756509500351865,0.0,0,0,340,402,0.845771144278607,0.9164420485175202
uci697,all,dropout_vs_graduate,semester1,histgb,c13_selected,targeted_gender_special_needs,full,uci697__all__dropout_vs_graduate__semester1__targeted_gender_special_needs__histgb,uci697__all__dropout_vs_graduate__semester1__full__histgb,0.2,0.903137789904502,0.9058663028649386,-0.0027285129604366354,0.46586910626319494,0.4672765657987333,-0.0014074595355383357,-2,2,692,774,0.8940568475452196,0.9440654843110505
uci697,all,dropout_vs_graduate,semester1,histgb,c13_selected,targeted_gender_special_needs,full,uci697__all__dropout_vs_graduate__semester1__targeted_gender_special_needs__histgb,uci697__all__dropout_vs_graduate__semester1__full__histgb,0.3,0.8074817518248175,0.8120437956204379,-0.0045620437956204185,0.6228008444757214,0.6263194933145672,-0.0035186488388457837,-5,5,1040,1152,0.9027777777777778,0.948905109489051
uci697,all,dropout_vs_graduate,semester1,logistic,c13_selected,legacy_operational,full,uci697__all__dropout_vs_graduate__semester1__legacy_operational__logistic,uci697__all__dropout_vs_graduate__semester1__full__logistic,0.05,0.9735449735449735,0.9735449735449735,0.0,0.1294862772695285,0.1294862772695285,0.0,0,0,94,284,0.33098591549295775,0.4973544973544973
uci697,all,dropout_vs_graduate,semester1,logistic,c13_selected,legacy_operational,full,uci697__all__dropout_vs_graduate__semester1__legacy_operational__logistic,uci697__all__dropout_vs_graduate__semester1__full__logistic,0.1,0.9703504043126685,0.9865229110512129,-0.016172506738544423,0.2533427163969036,0.25756509500351865,-0.004222378606615063,-6,6,252,490,0.5142857142857142,0.6792452830188679
uci697,all,dropout_vs_graduate,semester1,logistic,c13_selected,legacy_operational,full,uci697__all__dropout_vs_graduate__semester1__legacy_operational__logistic,uci697__all__dropout_vs_graduate__semester1__full__logistic,0.2,0.8731241473396999,0.9140518417462483,-0.04092769440654842,0.45038705137227303,0.47149894440534834,-0.021111893033075313,-30,30,571,895,0.6379888268156425,0.7789904502046384
uci697,all,dropout_vs_graduate,semester1,logistic,c13_selected,legacy_operational,full,uci697__all__dropout_vs_graduate__semester1__legacy_operational__logistic,uci697__all__dropout_vs_graduate__semester1__full__logistic,0.3,0.7746350364963503,0.8193430656934306,-0.04470802919708028,0.597466572836031,0.6319493314567206,-0.03448275862068961,-49,49,882,1310,0.6732824427480916,0.8047445255474452
uci697,all,dropout_vs_graduate,semester1,logistic,c13_selected,no_direct_personal,full,uci697__all__dropout_vs_graduate__semester1__no_direct_personal__logistic,uci697__all__dropout_vs_graduate__semester1__full__logistic,0.05,0.9788359788359788,0.9735449735449735,0.005291005291005346,0.1301900070372977,0.1294862772695285,0.0007037297677691956,1,-1,171,207,0.8260869565217391,0.9047619047619048
uci697,all,dropout_vs_graduate,semester1,logistic,c13_selected,no_direct_personal,full,uci697__all__dropout_vs_graduate__semester1__no_direct_personal__logistic,uci697__all__dropout_vs_graduate__semester1__full__logistic,0.1,0.9838274932614556,0.9865229110512129,-0.0026954177897573484,0.2568613652357495,0.25756509500351865,-0.0007037297677691678,-1,1,351,391,0.8976982097186701,0.9460916442048517
uci697,all,dropout_vs_graduate,semester1,logistic,c13_selected,no_direct_personal,full,uci697__all__dropout_vs_graduate__semester1__no_direct_personal__logistic,uci697__all__dropout_vs_graduate__semester1__full__logistic,0.2,0.9113233287858117,0.9140518417462483,-0.0027285129604366354,0.47009148486981,0.47149894440534834,-0.0014074595355383357,-2,2,690,776,0.8891752577319587,0.9413369713506139
uci697,all,dropout_vs_graduate,semester1,logistic,c13_selected,no_direct_personal,full,uci697__all__dropout_vs_graduate__semester1__no_direct_personal__logistic,uci697__all__dropout_vs_graduate__semester1__full__logistic,0.3,0.8138686131386861,0.8193430656934306,-0.005474452554744547,0.6277269528501056,0.6319493314567206,-0.004222378606615007,-6,6,1040,1152,0.9027777777777778,0.948905109489051
uci697,all,dropout_vs_graduate,semester1,logistic,c13_selected,no_family_financial,full,uci697__all__dropout_vs_graduate__semester1__no_family_financial__logistic,uci697__all__dropout_vs_graduate__semester1__full__logistic,0.05,0.9788359788359788,0.9735449735449735,0.005291005291005346,0.1301900070372977,0.1294862772695285,0.0007037297677691956,1,-1,106,272,0.3897058823529412,0.5608465608465608
uci697,all,dropout_vs_graduate,semester1,logistic,c13_selected,no_family_financial,full,uci697__all__dropout_vs_graduate__semester1__no_family_financial__logistic,uci697__all__dropout_vs_graduate__semester1__full__logistic,0.1,0.9811320754716981,0.9865229110512129,-0.005390835579514808,0.2561576354679803,0.25756509500351865,-0.0014074595355383357,-2,2,261,481,0.5426195426195426,0.7035040431266847
uci697,all,dropout_vs_graduate,semester1,logistic,c13_selected,no_family_financial,full,uci697__all__dropout_vs_graduate__semester1__no_family_financial__logistic,uci697__all__dropout_vs_graduate__semester1__full__logistic,0.2,0.8799454297407913,0.9140518417462483,-0.034106412005457054,0.4539057002111189,0.47149894440534834,-0.017593244194229418,-25,25,574,892,0.6434977578475336,0.7830832196452933
uci697,all,dropout_vs_graduate,semester1,logistic,c13_selected,no_family_financial,full,uci697__all__dropout_vs_graduate__semester1__no_family_financial__logistic,uci697__all__dropout_vs_graduate__semester1__full__logistic,0.3,0.781021897810219,0.8193430656934306,-0.038321167883211604,0.6023926812104152,0.6319493314567206,-0.029556650246305383,-42,42,907,1285,0.7058365758754864,0.8275547445255474
uci697,all,dropout_vs_graduate,semester1,logistic,c13_selected,targeted_gender_special_needs,full,uci697__all__dropout_vs_graduate__semester1__targeted_gender_special_needs__logistic,uci697__all__dropout_vs_graduate__semester1__full__logistic,0.05,0.9735449735449735,0.9735449735449735,0.0,0.1294862772695285,0.1294862772695285,0.0,0,0,176,202,0.8712871287128713,0.9312169312169312
uci697,all,dropout_vs_graduate,semester1,logistic,c13_selected,targeted_gender_special_needs,full,uci697__all__dropout_vs_graduate__semester1__targeted_gender_special_needs__logistic,uci697__all__dropout_vs_graduate__semester1__full__logistic,0.1,0.9838274932614556,0.9865229110512129,-0.0026954177897573484,0.2568613652357495,0.25756509500351865,-0.0007037297677691678,-1,1,361,381,0.94750656167979,0.9730458221024259
uci697,all,dropout_vs_graduate,semester1,logistic,c13_selected,targeted_gender_special_needs,full,uci697__all__dropout_vs_graduate__semester1__targeted_gender_special_needs__logistic,uci697__all__dropout_vs_graduate__semester1__full__logistic,0.2,0.9113233287858117,0.9140518417462483,-0.0027285129604366354,0.47009148486981,0.47149894440534834,-0.0014074595355383357,-2,2,704,762,0.9238845144356955,0.9604365620736699
uci697,all,dropout_vs_graduate,semester1,logistic,c13_selected,targeted_gender_special_needs,full,uci697__all__dropout_vs_graduate__semester1__targeted_gender_special_needs__logistic,uci697__all__dropout_vs_graduate__semester1__full__logistic,0.3,0.8166058394160584,0.8193430656934306,-0.0027372262773722733,0.629838142153413,0.6319493314567206,-0.002111189303307559,-3,3,1051,1141,0.9211218229623137,0.958941605839416
