dataset,subject,outcome,stage,policy,model,grid,analysis_group,config_id,source_prediction_sha256,budget_fraction,alerts,true_alerts,false_alerts,precision,recall,lift,exploratory
oulad,all,future_fail_or_withdrawn,day14,full,histgb,standard,main,day14__full__standard,bd6d040dd9b37418f4a44e3bd845ac1885f4131671e56e4898268457f580037d,0.05,469,376,93,0.8017057569296375,0.09678249678249679,1.9255383315084809,
oulad,all,future_fail_or_withdrawn,day14,full,histgb,standard,main,day14__full__standard,bd6d040dd9b37418f4a44e3bd845ac1885f4131671e56e4898268457f580037d,0.1,935,708,227,0.7572192513368984,0.18223938223938224,1.818690562219974,
oulad,all,future_fail_or_withdrawn,day14,full,histgb,standard,main,day14__full__standard,bd6d040dd9b37418f4a44e3bd845ac1885f4131671e56e4898268457f580037d,0.2,1869,1293,576,0.6918138041733547,0.3328185328185328,1.6615996413749223,
oulad,all,future_fail_or_withdrawn,day14,full,histgb,standard,main,day14__full__standard,bd6d040dd9b37418f4a44e3bd845ac1885f4131671e56e4898268457f580037d,0.3,2802,1803,999,0.6434689507494646,0.4640926640926641,1.5454848853135792,
oulad,all,future_fail_or_withdrawn,day14,loo_no_age_band,histgb,standard,leave_one_out,day14__loo_no_age_band__standard,1dec2feb1da66aec9524b8e9087e304c0c2c4e1e937c3b291204bdaa92cb4167,0.05,469,376,93,0.8017057569296375,0.09678249678249679,1.9255383315084809,
oulad,all,future_fail_or_withdrawn,day14,loo_no_age_band,histgb,standard,leave_one_out,day14__loo_no_age_band__standard,1dec2feb1da66aec9524b8e9087e304c0c2c4e1e937c3b291204bdaa92cb4167,0.1,935,709,226,0.758288770053476,0.1824967824967825,1.8212593342005108,
oulad,all,future_fail_or_withdrawn,day14,loo_no_age_band,histgb,standard,leave_one_out,day14__loo_no_age_band__standard,1dec2feb1da66aec9524b8e9087e304c0c2c4e1e937c3b291204bdaa92cb4167,0.2,1869,1298,571,0.6944890315676833,0.3341055341055341,1.6680250073508502,
oulad,all,future_fail_or_withdrawn,day14,loo_no_age_band,histgb,standard,leave_one_out,day14__loo_no_age_band__standard,1dec2feb1da66aec9524b8e9087e304c0c2c4e1e937c3b291204bdaa92cb4167,0.3,2802,1809,993,0.645610278372591,0.46563706563706564,1.550627929857052,
oulad,all,future_fail_or_withdrawn,day14,loo_no_disability,histgb,standard,leave_one_out,day14__loo_no_disability__standard,ac0ff76eccffdfff15865f7cc29be50e73a688bc4a6c3bfb9c1553bfc1b03ece,0.05,469,384,85,0.8187633262260128,0.09884169884169884,1.966507232178874,
oulad,all,future_fail_or_withdrawn,day14,loo_no_disability,histgb,standard,leave_one_out,day14__loo_no_disability__standard,ac0ff76eccffdfff15865f7cc29be50e73a688bc4a6c3bfb9c1553bfc1b03ece,0.1,935,710,225,0.7593582887700535,0.18275418275418276,1.8238281061810475,
oulad,all,future_fail_or_withdrawn,day14,loo_no_disability,histgb,standard,leave_one_out,day14__loo_no_disability__standard,ac0ff76eccffdfff15865f7cc29be50e73a688bc4a6c3bfb9c1553bfc1b03ece,0.2,1869,1299,570,0.695024077046549,0.33436293436293435,1.6693100805460357,
oulad,all,future_fail_or_withdrawn,day14,loo_no_disability,histgb,standard,leave_one_out,day14__loo_no_disability__standard,ac0ff76eccffdfff15865f7cc29be50e73a688bc4a6c3bfb9c1553bfc1b03ece,0.3,2802,1796,1006,0.6409707351891506,0.4622908622908623,1.5394846666795274,
oulad,all,future_fail_or_withdrawn,day14,loo_no_gender,histgb,standard,leave_one_out,day14__loo_no_gender__standard,3610fc6f08799eb3fdf5ff710ec43f31512f9ddfb9bcd24385fe4eb401002dcc,0.05,469,375,94,0.7995735607675906,0.09652509652509653,1.9204172189246815,
oulad,all,future_fail_or_withdrawn,day14,loo_no_gender,histgb,standard,leave_one_out,day14__loo_no_gender__standard,3610fc6f08799eb3fdf5ff710ec43f31512f9ddfb9bcd24385fe4eb401002dcc,0.1,935,708,227,0.7572192513368984,0.18223938223938224,1.818690562219974,
oulad,all,future_fail_or_withdrawn,day14,loo_no_gender,histgb,standard,leave_one_out,day14__loo_no_gender__standard,3610fc6f08799eb3fdf5ff710ec43f31512f9ddfb9bcd24385fe4eb401002dcc,0.2,1869,1290,579,0.6902086677367576,0.33204633204633205,1.6577444217893655,
oulad,all,future_fail_or_withdrawn,day14,loo_no_gender,histgb,standard,leave_one_out,day14__loo_no_gender__standard,3610fc6f08799eb3fdf5ff710ec43f31512f9ddfb9bcd24385fe4eb401002dcc,0.3,2802,1807,995,0.6448965024982155,0.4651222651222651,1.5489135816758943,
oulad,all,future_fail_or_withdrawn,day14,loo_no_highest_education,histgb,standard,leave_one_out,day14__loo_no_highest_education__standard,c494ce1740221d6e69e090dca71f049540a169d6b30631fcc47f806d3379cb73,0.05,469,364,105,0.7761194029850746,0.0936936936936937,1.8640849805028912,
oulad,all,future_fail_or_withdrawn,day14,loo_no_highest_education,histgb,standard,leave_one_out,day14__loo_no_highest_education__standard,c494ce1740221d6e69e090dca71f049540a169d6b30631fcc47f806d3379cb73,0.1,935,676,259,0.7229946524064171,0.174002574002574,1.7364898588428002,
oulad,all,future_fail_or_withdrawn,day14,loo_no_highest_education,histgb,standard,leave_one_out,day14__loo_no_highest_education__standard,c494ce1740221d6e69e090dca71f049540a169d6b30631fcc47f806d3379cb73,0.2,1869,1255,614,0.671482075976458,0.323037323037323,1.6127668599578713,
oulad,all,future_fail_or_withdrawn,day14,loo_no_highest_education,histgb,standard,leave_one_out,day14__loo_no_highest_education__standard,c494ce1740221d6e69e090dca71f049540a169d6b30631fcc47f806d3379cb73,0.3,2802,1772,1030,0.6324054246966453,0.4561132561132561,1.5189124885056364,
oulad,all,future_fail_or_withdrawn,day14,loo_no_imd_band,histgb,standard,leave_one_out,day14__loo_no_imd_band__standard,cb79c8b00b681a3ccc44e86f0cf6d0eb01990c840bf58c70788bbf0bcafd6f08,0.05,469,366,103,0.7803837953091685,0.09420849420849421,1.8743272056704894,
oulad,all,future_fail_or_withdrawn,day14,loo_no_imd_band,histgb,standard,leave_one_out,day14__loo_no_imd_band__standard,cb79c8b00b681a3ccc44e86f0cf6d0eb01990c840bf58c70788bbf0bcafd6f08,0.1,935,704,231,0.7529411764705882,0.1812097812097812,1.8084154742978273,
oulad,all,future_fail_or_withdrawn,day14,loo_no_imd_band,histgb,standard,leave_one_out,day14__loo_no_imd_band__standard,cb79c8b00b681a3ccc44e86f0cf6d0eb01990c840bf58c70788bbf0bcafd6f08,0.2,1869,1290,579,0.6902086677367576,0.33204633204633205,1.6577444217893655,
oulad,all,future_fail_or_withdrawn,day14,loo_no_imd_band,histgb,standard,leave_one_out,day14__loo_no_imd_band__standard,cb79c8b00b681a3ccc44e86f0cf6d0eb01990c840bf58c70788bbf0bcafd6f08,0.3,2802,1787,1015,0.6377587437544611,0.45997425997425995,1.5317700998643182,
oulad,all,future_fail_or_withdrawn,day14,loo_no_region,histgb,standard,leave_one_out,day14__loo_no_region__standard,0fb37ab927c18d12a5be8e2a378511c4b2ce8ff92f97b06bc953ed3d6de1debd,0.05,469,374,95,0.7974413646055437,0.09626769626769627,1.9152961063408824,
oulad,all,future_fail_or_withdrawn,day14,loo_no_region,histgb,standard,leave_one_out,day14__loo_no_region__standard,0fb37ab927c18d12a5be8e2a378511c4b2ce8ff92f97b06bc953ed3d6de1debd,0.1,935,704,231,0.7529411764705882,0.1812097812097812,1.8084154742978273,
oulad,all,future_fail_or_withdrawn,day14,loo_no_region,histgb,standard,leave_one_out,day14__loo_no_region__standard,0fb37ab927c18d12a5be8e2a378511c4b2ce8ff92f97b06bc953ed3d6de1debd,0.2,1869,1303,566,0.6971642589620117,0.3353925353925354,1.6744503733267777,
oulad,all,future_fail_or_withdrawn,day14,loo_no_region,histgb,standard,leave_one_out,day14__loo_no_region__standard,0fb37ab927c18d12a5be8e2a378511c4b2ce8ff92f97b06bc953ed3d6de1debd,0.3,2802,1797,1005,0.6413276231263383,0.46254826254826253,1.5403418407701062,
oulad,all,future_fail_or_withdrawn,day14,minimized,histgb,standard,main,day14__minimized__standard,d7715d6f7eb834363af42df6ae734468e0d237907cf519f46828e7c9719f7e92,0.05,469,359,110,0.7654584221748401,0.0924066924066924,1.8384794175838952,
oulad,all,future_fail_or_withdrawn,day14,minimized,histgb,standard,main,day14__minimized__standard,d7715d6f7eb834363af42df6ae734468e0d237907cf519f46828e7c9719f7e92,0.1,935,670,265,0.7165775401069518,0.17245817245817247,1.72107722695958,
oulad,all,future_fail_or_withdrawn,day14,minimized,histgb,standard,main,day14__minimized__standard,d7715d6f7eb834363af42df6ae734468e0d237907cf519f46828e7c9719f7e92,0.2,1869,1252,617,0.6698769395398609,0.3222651222651223,1.6089116403723147,
oulad,all,future_fail_or_withdrawn,day14,minimized,histgb,standard,main,day14__minimized__standard,d7715d6f7eb834363af42df6ae734468e0d237907cf519f46828e7c9719f7e92,0.3,2802,1745,1057,0.6227694503925767,0.4491634491634492,1.4957687880600086,
oulad,all,future_fail_or_withdrawn,day14,partial_gender_disability,histgb,standard,main,day14__partial_gender_disability__standard,59b201f58f515191a35ca2726f5fbd160f9d2a5e735395fc1aca054c314271f8,0.05,469,376,93,0.8017057569296375,0.09678249678249679,1.9255383315084809,
oulad,all,future_fail_or_withdrawn,day14,partial_gender_disability,histgb,standard,main,day14__partial_gender_disability__standard,59b201f58f515191a35ca2726f5fbd160f9d2a5e735395fc1aca054c314271f8,0.1,935,709,226,0.758288770053476,0.1824967824967825,1.8212593342005108,
oulad,all,future_fail_or_withdrawn,day14,partial_gender_disability,histgb,standard,main,day14__partial_gender_disability__standard,59b201f58f515191a35ca2726f5fbd160f9d2a5e735395fc1aca054c314271f8,0.2,1869,1303,566,0.6971642589620117,0.3353925353925354,1.6744503733267777,
oulad,all,future_fail_or_withdrawn,day14,partial_gender_disability,histgb,standard,main,day14__partial_gender_disability__standard,59b201f58f515191a35ca2726f5fbd160f9d2a5e735395fc1aca054c314271f8,0.3,2802,1791,1011,0.639186295503212,0.461003861003861,1.5351987962266336,
oulad,all,future_fail_or_withdrawn,day28,full,histgb,standard,main,day28__full__standard,3c5034d7ca2ae6d6d9d9a6db40147e3e894241db1aef2efae2c789d2db808fa7,0.05,463,411,52,0.8876889848812095,0.10945406125166444,2.1774975338857043,
oulad,all,future_fail_or_withdrawn,day28,full,histgb,standard,main,day28__full__standard,3c5034d7ca2ae6d6d9d9a6db40147e3e894241db1aef2efae2c789d2db808fa7,0.1,923,764,159,0.8277356446370531,0.20346205059920106,2.0304322297608244,
oulad,all,future_fail_or_withdrawn,day28,full,histgb,standard,main,day28__full__standard,3c5034d7ca2ae6d6d9d9a6db40147e3e894241db1aef2efae2c789d2db808fa7,0.2,1845,1327,518,0.7192411924119241,0.3533954727030626,1.7642957718525254,
oulad,all,future_fail_or_withdrawn,day28,full,histgb,standard,main,day28__full__standard,3c5034d7ca2ae6d6d9d9a6db40147e3e894241db1aef2efae2c789d2db808fa7,0.3,2766,1821,945,0.658351409978308,0.48495339547270305,1.6149333787776816,
oulad,all,future_fail_or_withdrawn,day28,minimized,histgb,standard,main,day28__minimized__standard,c6772637afa7c5d3d320d5790ebbbe1ecd2ed908840eeb278de6316e85854b9c,0.05,463,412,51,0.8898488120950324,0.10972037283621837,2.182795581413407,
oulad,all,future_fail_or_withdrawn,day28,minimized,histgb,standard,main,day28__minimized__standard,c6772637afa7c5d3d320d5790ebbbe1ecd2ed908840eeb278de6316e85854b9c,0.1,923,762,161,0.8255687973997833,0.2029294274300932,2.0251169621436493,
oulad,all,future_fail_or_withdrawn,day28,minimized,histgb,standard,main,day28__minimized__standard,c6772637afa7c5d3d320d5790ebbbe1ecd2ed908840eeb278de6316e85854b9c,0.2,1845,1299,546,0.7040650406504065,0.3459387483355526,1.727068732205298,
oulad,all,future_fail_or_withdrawn,day28,minimized,histgb,standard,main,day28__minimized__standard,c6772637afa7c5d3d320d5790ebbbe1ecd2ed908840eeb278de6316e85854b9c,0.3,2766,1766,1000,0.6384671005061461,0.470306258322237,1.5661572470737979,
oulad,all,future_fail_or_withdrawn,day28,partial_gender_disability,histgb,standard,main,day28__partial_gender_disability__standard,0a35ac21ccbc61cc2b0f2bbdb924dc9b5600f4850a8c1027e940477e05496e38,0.05,463,412,51,0.8898488120950324,0.10972037283621837,2.182795581413407,
oulad,all,future_fail_or_withdrawn,day28,partial_gender_disability,histgb,standard,main,day28__partial_gender_disability__standard,0a35ac21ccbc61cc2b0f2bbdb924dc9b5600f4850a8c1027e940477e05496e38,0.1,923,763,160,0.8266522210184182,0.20319573901464713,2.027774595952237,
oulad,all,future_fail_or_withdrawn,day28,partial_gender_disability,histgb,standard,main,day28__partial_gender_disability__standard,0a35ac21ccbc61cc2b0f2bbdb924dc9b5600f4850a8c1027e940477e05496e38,0.2,1845,1335,510,0.7235772357723578,0.355525965379494,1.7749320688945904,
oulad,all,future_fail_or_withdrawn,day28,partial_gender_disability,histgb,standard,main,day28__partial_gender_disability__standard,0a35ac21ccbc61cc2b0f2bbdb924dc9b5600f4850a8c1027e940477e05496e38,0.3,2766,1806,960,0.6529284164859002,0.48095872170439413,1.601630797403895,
oulad,all,future_fail_or_withdrawn,day42,full,histgb,standard,main,day42__full__standard,d228aad69a6059165b275e6dd90e09daa076a3a4ec3452d433c70e760639927e,0.05,456,412,44,0.9035087719298246,0.11495535714285714,2.2789395363408524,
oulad,all,future_fail_or_withdrawn,day42,full,histgb,standard,main,day42__full__standard,d228aad69a6059165b275e6dd90e09daa076a3a4ec3452d433c70e760639927e,0.1,908,769,139,0.8469162995594713,0.21456473214285715,2.1361951305852735,
oulad,all,future_fail_or_withdrawn,day42,full,histgb,standard,main,day42__full__standard,d228aad69a6059165b275e6dd90e09daa076a3a4ec3452d433c70e760639927e,0.2,1811,1341,470,0.7404748757592491,0.37416294642857145,1.8677156464463203,
oulad,all,future_fail_or_withdrawn,day42,full,histgb,standard,main,day42__full__standard,d228aad69a6059165b275e6dd90e09daa076a3a4ec3452d433c70e760639927e,0.3,2716,1829,887,0.6734167893961709,0.5103236607142857,1.6985735982537347,
oulad,all,future_fail_or_withdrawn,day42,loo_no_age_band,histgb,standard,leave_one_out,day42__loo_no_age_band__standard,1c6f0e0d03ad4a00398fa0b148d60d4de331d714614bc047bb15c4fc96704306,0.05,456,417,39,0.9144736842105263,0.11635044642857142,2.3065965695488724,
oulad,all,future_fail_or_withdrawn,day42,loo_no_age_band,histgb,standard,leave_one_out,day42__loo_no_age_band__standard,1c6f0e0d03ad4a00398fa0b148d60d4de331d714614bc047bb15c4fc96704306,0.1,908,776,132,0.8546255506607929,0.21651785714285715,2.155640339836375,
oulad,all,future_fail_or_withdrawn,day42,loo_no_age_band,histgb,standard,leave_one_out,day42__loo_no_age_band__standard,1c6f0e0d03ad4a00398fa0b148d60d4de331d714614bc047bb15c4fc96704306,0.2,1811,1342,469,0.7410270568746549,0.3744419642857143,1.8691084247061607,
oulad,all,future_fail_or_withdrawn,day42,loo_no_age_band,histgb,standard,leave_one_out,day42__loo_no_age_band__standard,1c6f0e0d03ad4a00398fa0b148d60d4de331d714614bc047bb15c4fc96704306,0.3,2716,1830,886,0.6737849779086893,0.5106026785714286,1.6995022880286137,
oulad,all,future_fail_or_withdrawn,day42,loo_no_disability,histgb,standard,leave_one_out,day42__loo_no_disability__standard,4a710bd72575f5fc119b95c72896557dc5e9e758d3a234d6d7f483603cc26027,0.05,456,413,43,0.9057017543859649,0.115234375,2.2844709429824563,
oulad,all,future_fail_or_withdrawn,day42,loo_no_disability,histgb,standard,leave_one_out,day42__loo_no_disability__standard,4a710bd72575f5fc119b95c72896557dc5e9e758d3a234d6d7f483603cc26027,0.1,908,770,138,0.8480176211453745,0.21484375,2.1389730176211454,
oulad,all,future_fail_or_withdrawn,day42,loo_no_disability,histgb,standard,leave_one_out,day42__loo_no_disability__standard,4a710bd72575f5fc119b95c72896557dc5e9e758d3a234d6d7f483603cc26027,0.2,1811,1335,476,0.737161789066814,0.3724888392857143,1.8593589768872762,
oulad,all,future_fail_or_withdrawn,day42,loo_no_disability,histgb,standard,leave_one_out,day42__loo_no_disability__standard,4a710bd72575f5fc119b95c72896557dc5e9e758d3a234d6d7f483603cc26027,0.3,2716,1824,892,0.6715758468335787,0.5089285714285714,1.6939301493793393,
oulad,all,future_fail_or_withdrawn,day42,loo_no_gender,histgb,standard,leave_one_out,day42__loo_no_gender__standard,acebf1ffc528d51dd76c3cc5384396cb0ab0c6495132de5daf37a9b451a7b627,0.05,456,419,37,0.918859649122807,0.11690848214285714,2.31765938283208,
oulad,all,future_fail_or_withdrawn,day42,loo_no_gender,histgb,standard,leave_one_out,day42__loo_no_gender__standard,acebf1ffc528d51dd76c3cc5384396cb0ab0c6495132de5daf37a9b451a7b627,0.1,908,774,134,0.8524229074889867,0.21595982142857142,2.1500845657646317,
oulad,all,future_fail_or_withdrawn,day42,loo_no_gender,histgb,standard,leave_one_out,day42__loo_no_gender__standard,acebf1ffc528d51dd76c3cc5384396cb0ab0c6495132de5daf37a9b451a7b627,0.2,1811,1344,467,0.7421314191054665,0.375,1.871893981225842,
oulad,all,future_fail_or_withdrawn,day42,loo_no_gender,histgb,standard,leave_one_out,day42__loo_no_gender__standard,acebf1ffc528d51dd76c3cc5384396cb0ab0c6495132de5daf37a9b451a7b627,0.3,2716,1828,888,0.6730486008836525,0.5100446428571429,1.6976449084788556,
oulad,all,future_fail_or_withdrawn,day42,loo_no_highest_education,histgb,standard,leave_one_out,day42__loo_no_highest_education__standard,d1cc38f387222abcf1e24d71642f362a2e91e3770566c36d17811ea6739e3e83,0.05,456,418,38,0.9166666666666666,0.11662946428571429,2.3121279761904763,
oulad,all,future_fail_or_withdrawn,day42,loo_no_highest_education,histgb,standard,leave_one_out,day42__loo_no_highest_education__standard,d1cc38f387222abcf1e24d71642f362a2e91e3770566c36d17811ea6739e3e83,0.1,908,763,145,0.8403083700440529,0.212890625,2.119527808370044,
oulad,all,future_fail_or_withdrawn,day42,loo_no_highest_education,histgb,standard,leave_one_out,day42__loo_no_highest_education__standard,d1cc38f387222abcf1e24d71642f362a2e91e3770566c36d17811ea6739e3e83,0.2,1811,1342,469,0.7410270568746549,0.3744419642857143,1.8691084247061607,
oulad,all,future_fail_or_withdrawn,day42,loo_no_highest_education,histgb,standard,leave_one_out,day42__loo_no_highest_education__standard,d1cc38f387222abcf1e24d71642f362a2e91e3770566c36d17811ea6739e3e83,0.3,2716,1799,917,0.6623711340206185,0.501953125,1.6707129050073637,
oulad,all,future_fail_or_withdrawn,day42,loo_no_imd_band,histgb,standard,leave_one_out,day42__loo_no_imd_band__standard,ac7c6693119239cf8a95261d21ee60f7ad152f31bf63aec6a23f1fd935dcced7,0.05,456,418,38,0.9166666666666666,0.11662946428571429,2.3121279761904763,
oulad,all,future_fail_or_withdrawn,day42,loo_no_imd_band,histgb,standard,leave_one_out,day42__loo_no_imd_band__standard,ac7c6693119239cf8a95261d21ee60f7ad152f31bf63aec6a23f1fd935dcced7,0.1,908,770,138,0.8480176211453745,0.21484375,2.1389730176211454,
oulad,all,future_fail_or_withdrawn,day42,loo_no_imd_band,histgb,standard,leave_one_out,day42__loo_no_imd_band__standard,ac7c6693119239cf8a95261d21ee60f7ad152f31bf63aec6a23f1fd935dcced7,0.2,1811,1330,481,0.7344008834897846,0.37109375,1.8523950855880729,
oulad,all,future_fail_or_withdrawn,day42,loo_no_imd_band,histgb,standard,leave_one_out,day42__loo_no_imd_band__standard,ac7c6693119239cf8a95261d21ee60f7ad152f31bf63aec6a23f1fd935dcced7,0.3,2716,1808,908,0.6656848306332842,0.5044642857142857,1.679071112981275,
oulad,all,future_fail_or_withdrawn,day42,loo_no_region,histgb,standard,leave_one_out,day42__loo_no_region__standard,5ed9d7907ed8cdc7b8426968735551309efc2678617bb3532b8620d2ca8e4d6b,0.05,456,419,37,0.918859649122807,0.11690848214285714,2.31765938283208,
oulad,all,future_fail_or_withdrawn,day42,loo_no_region,histgb,standard,leave_one_out,day42__loo_no_region__standard,5ed9d7907ed8cdc7b8426968735551309efc2678617bb3532b8620d2ca8e4d6b,0.1,908,766,142,0.8436123348017621,0.21372767857142858,2.1278614694776588,
oulad,all,future_fail_or_withdrawn,day42,loo_no_region,histgb,standard,leave_one_out,day42__loo_no_region__standard,5ed9d7907ed8cdc7b8426968735551309efc2678617bb3532b8620d2ca8e4d6b,0.2,1811,1338,473,0.7388183324130315,0.37332589285714285,1.8635373116667984,
oulad,all,future_fail_or_withdrawn,day42,loo_no_region,histgb,standard,leave_one_out,day42__loo_no_region__standard,5ed9d7907ed8cdc7b8426968735551309efc2678617bb3532b8620d2ca8e4d6b,0.3,2716,1834,882,0.6752577319587629,0.51171875,1.7032170471281298,
oulad,all,future_fail_or_withdrawn,day42,minimized,histgb,standard,main,day42__minimized__standard,0e0c26dd2c8b6a7d272a6c3e1d4fc9ac17f4eb60e104910c114b4a530bb47255,0.05,456,420,36,0.9210526315789473,0.1171875,2.323190789473684,
oulad,all,future_fail_or_withdrawn,day42,minimized,histgb,standard,main,day42__minimized__standard,0e0c26dd2c8b6a7d272a6c3e1d4fc9ac17f4eb60e104910c114b4a530bb47255,0.1,908,762,146,0.8392070484581498,0.21261160714285715,2.1167499213341725,
oulad,all,future_fail_or_withdrawn,day42,minimized,histgb,standard,main,day42__minimized__standard,0e0c26dd2c8b6a7d272a6c3e1d4fc9ac17f4eb60e104910c114b4a530bb47255,0.2,1811,1332,479,0.7355052457205964,0.3716517857142857,1.8551806421077544,
oulad,all,future_fail_or_withdrawn,day42,minimized,histgb,standard,main,day42__minimized__standard,0e0c26dd2c8b6a7d272a6c3e1d4fc9ac17f4eb60e104910c114b4a530bb47255,0.3,2716,1788,928,0.658321060382916,0.49888392857142855,1.6604973174836946,
oulad,all,future_fail_or_withdrawn,day42,partial_gender_disability,histgb,standard,main,day42__partial_gender_disability__standard,df5582fbee189c267d52e210c40b64d43ce871f7cf5e4b4877b30a823dd372df,0.05,456,413,43,0.9057017543859649,0.115234375,2.2844709429824563,
oulad,all,future_fail_or_withdrawn,day42,partial_gender_disability,histgb,standard,main,day42__partial_gender_disability__standard,df5582fbee189c267d52e210c40b64d43ce871f7cf5e4b4877b30a823dd372df,0.1,908,765,143,0.8425110132158591,0.21344866071428573,2.1250835824417873,
oulad,all,future_fail_or_withdrawn,day42,partial_gender_disability,histgb,standard,main,day42__partial_gender_disability__standard,df5582fbee189c267d52e210c40b64d43ce871f7cf5e4b4877b30a823dd372df,0.2,1811,1343,468,0.7415792379900608,0.37472098214285715,1.8705012029660015,
oulad,all,future_fail_or_withdrawn,day42,partial_gender_disability,histgb,standard,main,day42__partial_gender_disability__standard,df5582fbee189c267d52e210c40b64d43ce871f7cf5e4b4877b30a823dd372df,0.3,2716,1823,893,0.6712076583210603,0.5086495535714286,1.6930014596044602,
oulad,all,future_fail_or_withdrawn,day42,strict_enriched_due_process,histgb,expanded,strict,day42__strict_enriched_due_process__expanded,aa152a9dff81ea143865da8f07d3513dfb018f574413a202ed827a116155f660,0.05,456,381,75,0.8355263157894737,0.10630580357142858,2.1074659304511276,
oulad,all,future_fail_or_withdrawn,day42,strict_enriched_due_process,histgb,expanded,strict,day42__strict_enriched_due_process__expanded,aa152a9dff81ea143865da8f07d3513dfb018f574413a202ed827a116155f660,0.1,908,674,234,0.7422907488986784,0.18805803571428573,1.8722958621774701,
oulad,all,future_fail_or_withdrawn,day42,strict_enriched_due_process,histgb,expanded,strict,day42__strict_enriched_due_process__expanded,aa152a9dff81ea143865da8f07d3513dfb018f574413a202ed827a116155f660,0.2,1811,1191,620,0.6576477084483711,0.33231026785714285,1.6587989074702216,
oulad,all,future_fail_or_withdrawn,day42,strict_enriched_due_process,histgb,expanded,strict,day42__strict_enriched_due_process__expanded,aa152a9dff81ea143865da8f07d3513dfb018f574413a202ed827a116155f660,0.3,2716,1629,1087,0.5997790868924889,0.4545200892857143,1.5128356432779297,
oulad,all,future_fail_or_withdrawn,day42,strict_enriched_due_process,histgb,standard,strict,day42__strict_enriched_due_process__standard,6a0cc6080cc10d3ad6bc95d6b1d6c0fb89581e185081ce84cc728c88250bc312,0.05,456,381,75,0.8355263157894737,0.10630580357142858,2.1074659304511276,
oulad,all,future_fail_or_withdrawn,day42,strict_enriched_due_process,histgb,standard,strict,day42__strict_enriched_due_process__standard,6a0cc6080cc10d3ad6bc95d6b1d6c0fb89581e185081ce84cc728c88250bc312,0.1,908,674,234,0.7422907488986784,0.18805803571428573,1.8722958621774701,
oulad,all,future_fail_or_withdrawn,day42,strict_enriched_due_process,histgb,standard,strict,day42__strict_enriched_due_process__standard,6a0cc6080cc10d3ad6bc95d6b1d6c0fb89581e185081ce84cc728c88250bc312,0.2,1811,1191,620,0.6576477084483711,0.33231026785714285,1.6587989074702216,
oulad,all,future_fail_or_withdrawn,day42,strict_enriched_due_process,histgb,standard,strict,day42__strict_enriched_due_process__standard,6a0cc6080cc10d3ad6bc95d6b1d6c0fb89581e185081ce84cc728c88250bc312,0.3,2716,1629,1087,0.5997790868924889,0.4545200892857143,1.5128356432779297,
oulad,all,future_fail_or_withdrawn,day42,strict_original,histgb,expanded,strict,day42__strict_original__expanded,a705a18c6ec3c266ed5b5d23ba8adf3c35290549548ccb845cc91a5658fea140,0.05,456,358,98,0.7850877192982456,0.09988839285714286,1.9802435776942355,
oulad,all,future_fail_or_withdrawn,day42,strict_original,histgb,expanded,strict,day42__strict_original__expanded,a705a18c6ec3c266ed5b5d23ba8adf3c35290549548ccb845cc91a5658fea140,0.1,908,669,239,0.736784140969163,0.18666294642857142,1.858406426998112,
oulad,all,future_fail_or_withdrawn,day42,strict_original,histgb,expanded,strict,day42__strict_original__expanded,a705a18c6ec3c266ed5b5d23ba8adf3c35290549548ccb845cc91a5658fea140,0.2,1811,1164,647,0.6427388183324131,0.3247767857142857,1.621193894454524,
oulad,all,future_fail_or_withdrawn,day42,strict_original,histgb,expanded,strict,day42__strict_original__expanded,a705a18c6ec3c266ed5b5d23ba8adf3c35290549548ccb845cc91a5658fea140,0.3,2716,1579,1137,0.5813696612665685,0.44056919642857145,1.4664011545339786,
oulad,all,future_fail_or_withdrawn,day42,strict_original,histgb,standard,strict,day42__strict_original__standard,ee474465168612d97695378577a984f4754921e25dd80c1be2bb30ca4de30c39,0.05,456,358,98,0.7850877192982456,0.09988839285714286,1.9802435776942355,
oulad,all,future_fail_or_withdrawn,day42,strict_original,histgb,standard,strict,day42__strict_original__standard,ee474465168612d97695378577a984f4754921e25dd80c1be2bb30ca4de30c39,0.1,908,669,239,0.736784140969163,0.18666294642857142,1.858406426998112,
oulad,all,future_fail_or_withdrawn,day42,strict_original,histgb,standard,strict,day42__strict_original__standard,ee474465168612d97695378577a984f4754921e25dd80c1be2bb30ca4de30c39,0.2,1811,1164,647,0.6427388183324131,0.3247767857142857,1.621193894454524,
oulad,all,future_fail_or_withdrawn,day42,strict_original,histgb,standard,strict,day42__strict_original__standard,ee474465168612d97695378577a984f4754921e25dd80c1be2bb30ca4de30c39,0.3,2716,1579,1137,0.5813696612665685,0.44056919642857145,1.4664011545339786,
oulad,all,future_fail_or_withdrawn,day42,strict_typed_alternative,histgb,expanded,strict,day42__strict_typed_alternative__expanded,afec5594c81992ee1da272bb4ba0a2c17aa78a536002fbd831949f8a6a4c784c,0.05,456,374,82,0.8201754385964912,0.10435267857142858,2.0687460839599,
oulad,all,future_fail_or_withdrawn,day42,strict_typed_alternative,histgb,expanded,strict,day42__strict_typed_alternative__expanded,afec5594c81992ee1da272bb4ba0a2c17aa78a536002fbd831949f8a6a4c784c,0.1,908,670,238,0.737885462555066,0.18694196428571427,1.8611843140339837,
oulad,all,future_fail_or_withdrawn,day42,strict_typed_alternative,histgb,expanded,strict,day42__strict_typed_alternative__expanded,afec5594c81992ee1da272bb4ba0a2c17aa78a536002fbd831949f8a6a4c784c,0.2,1811,1184,627,0.6537824406405301,0.33035714285714285,1.6490494596513372,
oulad,all,future_fail_or_withdrawn,day42,strict_typed_alternative,histgb,expanded,strict,day42__strict_typed_alternative__expanded,afec5594c81992ee1da272bb4ba0a2c17aa78a536002fbd831949f8a6a4c784c,0.3,2716,1600,1116,0.5891016200294551,0.44642857142857145,1.485903639806438,
oulad,all,future_fail_or_withdrawn,day42,strict_typed_alternative,histgb,standard,strict,day42__strict_typed_alternative__standard,39f0cdb48c4f7a2bba2d83542fb1ac59a05f66f7945c3a71deda2631b30513fa,0.05,456,374,82,0.8201754385964912,0.10435267857142858,2.0687460839599,
oulad,all,future_fail_or_withdrawn,day42,strict_typed_alternative,histgb,standard,strict,day42__strict_typed_alternative__standard,39f0cdb48c4f7a2bba2d83542fb1ac59a05f66f7945c3a71deda2631b30513fa,0.1,908,670,238,0.737885462555066,0.18694196428571427,1.8611843140339837,
oulad,all,future_fail_or_withdrawn,day42,strict_typed_alternative,histgb,standard,strict,day42__strict_typed_alternative__standard,39f0cdb48c4f7a2bba2d83542fb1ac59a05f66f7945c3a71deda2631b30513fa,0.2,1811,1184,627,0.6537824406405301,0.33035714285714285,1.6490494596513372,
oulad,all,future_fail_or_withdrawn,day42,strict_typed_alternative,histgb,standard,strict,day42__strict_typed_alternative__standard,39f0cdb48c4f7a2bba2d83542fb1ac59a05f66f7945c3a71deda2631b30513fa,0.3,2716,1600,1116,0.5891016200294551,0.44642857142857145,1.485903639806438,
oulad,all,future_fail_or_withdrawn,day56,full,histgb,standard,main,day56__full__standard,f52dc31c8bed8da27982c6dd0a95518340b1fe1e212605e805f3f6974d779289,0.05,446,424,22,0.9506726457399103,0.1239766081871345,2.4675792620564865,
oulad,all,future_fail_or_withdrawn,day56,full,histgb,standard,main,day56__full__standard,f52dc31c8bed8da27982c6dd0a95518340b1fe1e212605e805f3f6974d779289,0.1,890,801,89,0.9,0.23421052631578948,2.3360526315789474,
oulad,all,future_fail_or_withdrawn,day56,full,histgb,standard,main,day56__full__standard,f52dc31c8bed8da27982c6dd0a95518340b1fe1e212605e805f3f6974d779289,0.2,1778,1404,374,0.7896512935883014,0.4105263157894737,2.0496299804629685,
oulad,all,future_fail_or_withdrawn,day56,full,histgb,standard,main,day56__full__standard,f52dc31c8bed8da27982c6dd0a95518340b1fe1e212605e805f3f6974d779289,0.3,2666,1822,844,0.6834208552138035,0.5327485380116959,1.7738967636646006,
oulad,all,future_fail_or_withdrawn,day56,minimized,histgb,standard,main,day56__minimized__standard,2cd6e084a9873d0d9d22a93a5a51a642742e54839fbcac0b22d211c33451c674,0.05,446,423,23,0.9484304932735426,0.12368421052631579,2.461759499645976,
oulad,all,future_fail_or_withdrawn,day56,minimized,histgb,standard,main,day56__minimized__standard,2cd6e084a9873d0d9d22a93a5a51a642742e54839fbcac0b22d211c33451c674,0.1,890,804,86,0.903370786516854,0.23508771929824562,2.344801892371378,
oulad,all,future_fail_or_withdrawn,day56,minimized,histgb,standard,main,day56__minimized__standard,2cd6e084a9873d0d9d22a93a5a51a642742e54839fbcac0b22d211c33451c674,0.2,1778,1387,391,0.7800899887514061,0.40555555555555556,2.024812523434571,
oulad,all,future_fail_or_withdrawn,day56,minimized,histgb,standard,main,day56__minimized__standard,2cd6e084a9873d0d9d22a93a5a51a642742e54839fbcac0b22d211c33451c674,0.3,2666,1769,897,0.6635408852213053,0.5172514619883041,1.7222960345349496,
oulad,all,future_fail_or_withdrawn,day56,partial_gender_disability,histgb,standard,main,day56__partial_gender_disability__standard,8ed40bd6864f7037c6961e573ae032d142b0d6cb4a3c350c1c16d49c28e1e9b2,0.05,446,423,23,0.9484304932735426,0.12368421052631579,2.461759499645976,
oulad,all,future_fail_or_withdrawn,day56,partial_gender_disability,histgb,standard,main,day56__partial_gender_disability__standard,8ed40bd6864f7037c6961e573ae032d142b0d6cb4a3c350c1c16d49c28e1e9b2,0.1,890,803,87,0.902247191011236,0.2347953216374269,2.3418854721072346,
oulad,all,future_fail_or_withdrawn,day56,partial_gender_disability,histgb,standard,main,day56__partial_gender_disability__standard,8ed40bd6864f7037c6961e573ae032d142b0d6cb4a3c350c1c16d49c28e1e9b2,0.2,1778,1398,380,0.7862767154105736,0.4087719298245614,2.0408708779823574,
oulad,all,future_fail_or_withdrawn,day56,partial_gender_disability,histgb,standard,main,day56__partial_gender_disability__standard,8ed40bd6864f7037c6961e573ae032d142b0d6cb4a3c350c1c16d49c28e1e9b2,0.3,2666,1814,852,0.6804201050262566,0.5304093567251462,1.7661079743620118,
oulad,all,future_fail_or_withdrawn,day70,full,histgb,standard,main,day70__full__standard,ab7483b0b2298ae14ae4d5981703c00df2b4b2ebf16bb4ff1065fcf21b36e47f,0.05,438,425,13,0.9703196347031964,0.13129440840284215,2.606104079119428,
oulad,all,future_fail_or_withdrawn,day70,full,histgb,standard,main,day70__full__standard,ab7483b0b2298ae14ae4d5981703c00df2b4b2ebf16bb4ff1065fcf21b36e47f,0.1,873,815,58,0.9335624284077892,0.2517763361136855,2.507380831812579,
oulad,all,future_fail_or_withdrawn,day70,full,histgb,standard,main,day70__full__standard,ab7483b0b2298ae14ae4d5981703c00df2b4b2ebf16bb4ff1065fcf21b36e47f,0.2,1743,1391,352,0.7980493402180149,0.42971887550200805,2.1434170416606184,
oulad,all,future_fail_or_withdrawn,day70,full,histgb,standard,main,day70__full__standard,ab7483b0b2298ae14ae4d5981703c00df2b4b2ebf16bb4ff1065fcf21b36e47f,0.3,2611,1790,821,0.6855610877058598,0.552981155390794,1.8412938203629114,
oulad,all,future_fail_or_withdrawn,day70,minimized,histgb,standard,main,day70__minimized__standard,929a835b95fed2655e1150c9f34f64cfedbc71fcdba0a9f8b645e135bcdb3d1f,0.05,438,428,10,0.9771689497716894,0.13222119246215633,2.624500107913212,
oulad,all,future_fail_or_withdrawn,day70,minimized,histgb,standard,main,day70__minimized__standard,929a835b95fed2655e1150c9f34f64cfedbc71fcdba0a9f8b645e135bcdb3d1f,0.1,873,811,62,0.9289805269186713,0.2505406240345999,2.495074668220861,
oulad,all,future_fail_or_withdrawn,day70,minimized,histgb,standard,main,day70__minimized__standard,929a835b95fed2655e1150c9f34f64cfedbc71fcdba0a9f8b645e135bcdb3d1f,0.2,1743,1379,364,0.7911646586345381,0.42601173926475133,2.1249260247663497,
oulad,all,future_fail_or_withdrawn,day70,minimized,histgb,standard,main,day70__minimized__standard,929a835b95fed2655e1150c9f34f64cfedbc71fcdba0a9f8b645e135bcdb3d1f,0.3,2611,1750,861,0.6702412868632708,0.5406240345999382,1.8001475897402768,
oulad,all,future_fail_or_withdrawn,day70,partial_gender_disability,histgb,standard,main,day70__partial_gender_disability__standard,673d7f4778c9bfedbb5de4288c4a57311a48344705452cd8d62edea8be9c5f60,0.05,438,426,12,0.9726027397260274,0.13160333642261354,2.6122360887173564,
oulad,all,future_fail_or_withdrawn,day70,partial_gender_disability,histgb,standard,main,day70__partial_gender_disability__standard,673d7f4778c9bfedbb5de4288c4a57311a48344705452cd8d62edea8be9c5f60,0.1,873,813,60,0.9312714776632303,0.2511584800741427,2.5012277500167204,
oulad,all,future_fail_or_withdrawn,day70,partial_gender_disability,histgb,standard,main,day70__partial_gender_disability__standard,673d7f4778c9bfedbb5de4288c4a57311a48344705452cd8d62edea8be9c5f60,0.2,1743,1390,353,0.7974756167527252,0.42940994748223665,2.141876123586096,
oulad,all,future_fail_or_withdrawn,day70,partial_gender_disability,histgb,standard,main,day70__partial_gender_disability__standard,673d7f4778c9bfedbb5de4288c4a57311a48344705452cd8d62edea8be9c5f60,0.3,2611,1779,832,0.6813481424741479,0.5495829471733086,1.8299786069416872,
oulad,all,future_fail_or_withdrawn,day90,full,histgb,standard,main,day90__full__standard,efa8d52e02e4bfa1186ea2b545a7087d2816e0d3104fc219294e113aa63e2889,0.05,429,425,4,0.9906759906759907,0.13821138211382114,2.7487634316902607,
oulad,all,future_fail_or_withdrawn,day90,full,histgb,standard,main,day90__full__standard,efa8d52e02e4bfa1186ea2b545a7087d2816e0d3104fc219294e113aa63e2889,0.1,855,801,54,0.9368421052631579,0.2604878048780488,2.5993940949935816,
oulad,all,future_fail_or_withdrawn,day90,full,histgb,standard,main,day90__full__standard,efa8d52e02e4bfa1186ea2b545a7087d2816e0d3104fc219294e113aa63e2889,0.2,1708,1343,365,0.7862997658079626,0.4367479674796748,2.181694179471069,
oulad,all,future_fail_or_withdrawn,day90,full,histgb,standard,main,day90__full__standard,efa8d52e02e4bfa1186ea2b545a7087d2816e0d3104fc219294e113aa63e2889,0.3,2562,1719,843,0.6709601873536299,0.5590243902439025,1.8616690466670474,
oulad,all,future_fail_or_withdrawn,day90,minimized,histgb,standard,main,day90__minimized__standard,191e88e56eacf2d9664f39c251a82fbe88899019f9a4948e4da88e70c6d3b939,0.05,429,424,5,0.9883449883449883,0.1378861788617886,2.74229575302746,
oulad,all,future_fail_or_withdrawn,day90,minimized,histgb,standard,main,day90__minimized__standard,191e88e56eacf2d9664f39c251a82fbe88899019f9a4948e4da88e70c6d3b939,0.1,855,809,46,0.9461988304093567,0.2630894308943089,2.6253555840821563,
oulad,all,future_fail_or_withdrawn,day90,minimized,histgb,standard,main,day90__minimized__standard,191e88e56eacf2d9664f39c251a82fbe88899019f9a4948e4da88e70c6d3b939,0.2,1708,1329,379,0.7781030444964872,0.4321951219512195,2.1589512766322043,
oulad,all,future_fail_or_withdrawn,day90,minimized,histgb,standard,main,day90__minimized__standard,191e88e56eacf2d9664f39c251a82fbe88899019f9a4948e4da88e70c6d3b939,0.3,2562,1708,854,0.6666666666666666,0.5554471544715447,1.8497560975609755,
oulad,all,future_fail_or_withdrawn,day90,partial_gender_disability,histgb,standard,main,day90__partial_gender_disability__standard,9e8dacd752a8c2d1fc878a2e24c998f36bd8f2840a525e7c54c711bcafd81dc6,0.05,429,424,5,0.9883449883449883,0.1378861788617886,2.74229575302746,
oulad,all,future_fail_or_withdrawn,day90,partial_gender_disability,histgb,standard,main,day90__partial_gender_disability__standard,9e8dacd752a8c2d1fc878a2e24c998f36bd8f2840a525e7c54c711bcafd81dc6,0.1,855,804,51,0.9403508771929825,0.26146341463414635,2.609129653401797,
oulad,all,future_fail_or_withdrawn,day90,partial_gender_disability,histgb,standard,main,day90__partial_gender_disability__standard,9e8dacd752a8c2d1fc878a2e24c998f36bd8f2840a525e7c54c711bcafd81dc6,0.2,1708,1345,363,0.7874707259953162,0.4373983739837398,2.1849431655909064,
oulad,all,future_fail_or_withdrawn,day90,partial_gender_disability,histgb,standard,main,day90__partial_gender_disability__standard,9e8dacd752a8c2d1fc878a2e24c998f36bd8f2840a525e7c54c711bcafd81dc6,0.3,2562,1723,839,0.6725214676034348,0.5603252032520325,1.8660010281601642,
uci320,mathematics,fail_g3_lt_10,baseline,full,histgb,c13_selected,uci,uci320__mathematics__fail_g3_lt_10__baseline__full__histgb,1e77b96a42008b27a548794a1d8b331be850bc712aef634e7263f7a7bd66262d,0.05,21,12,9,0.5714285714285714,0.09230769230769231,1.7362637362637363,False
uci320,mathematics,fail_g3_lt_10,baseline,full,histgb,c13_selected,uci,uci320__mathematics__fail_g3_lt_10__baseline__full__histgb,1e77b96a42008b27a548794a1d8b331be850bc712aef634e7263f7a7bd66262d,0.1,40,23,17,0.575,0.17692307692307693,1.7471153846153846,False
uci320,mathematics,fail_g3_lt_10,baseline,full,histgb,c13_selected,uci,uci320__mathematics__fail_g3_lt_10__baseline__full__histgb,1e77b96a42008b27a548794a1d8b331be850bc712aef634e7263f7a7bd66262d,0.2,80,38,42,0.475,0.2923076923076923,1.4432692307692307,False
uci320,mathematics,fail_g3_lt_10,baseline,full,histgb,c13_selected,uci,uci320__mathematics__fail_g3_lt_10__baseline__full__histgb,1e77b96a42008b27a548794a1d8b331be850bc712aef634e7263f7a7bd66262d,0.3,119,51,68,0.42857142857142855,0.3923076923076923,1.3021978021978022,False
uci320,mathematics,fail_g3_lt_10,baseline,full,logistic,c13_selected,uci,uci320__mathematics__fail_g3_lt_10__baseline__full__logistic,1e77b96a42008b27a548794a1d8b331be850bc712aef634e7263f7a7bd66262d,0.05,21,13,8,0.6190476190476191,0.1,1.8809523809523812,False
uci320,mathematics,fail_g3_lt_10,baseline,full,logistic,c13_selected,uci,uci320__mathematics__fail_g3_lt_10__baseline__full__logistic,1e77b96a42008b27a548794a1d8b331be850bc712aef634e7263f7a7bd66262d,0.1,40,23,17,0.575,0.17692307692307693,1.7471153846153846,False
uci320,mathematics,fail_g3_lt_10,baseline,full,logistic,c13_selected,uci,uci320__mathematics__fail_g3_lt_10__baseline__full__logistic,1e77b96a42008b27a548794a1d8b331be850bc712aef634e7263f7a7bd66262d,0.2,80,38,42,0.475,0.2923076923076923,1.4432692307692307,False
uci320,mathematics,fail_g3_lt_10,baseline,full,logistic,c13_selected,uci,uci320__mathematics__fail_g3_lt_10__baseline__full__logistic,1e77b96a42008b27a548794a1d8b331be850bc712aef634e7263f7a7bd66262d,0.3,119,52,67,0.4369747899159664,0.4,1.327731092436975,False
uci320,mathematics,fail_g3_lt_10,baseline,no_demographic_family,histgb,c13_selected,uci,uci320__mathematics__fail_g3_lt_10__baseline__no_demographic_family__histgb,1e77b96a42008b27a548794a1d8b331be850bc712aef634e7263f7a7bd66262d,0.05,21,8,13,0.38095238095238093,0.06153846153846154,1.1575091575091576,False
uci320,mathematics,fail_g3_lt_10,baseline,no_demographic_family,histgb,c13_selected,uci,uci320__mathematics__fail_g3_lt_10__baseline__no_demographic_family__histgb,1e77b96a42008b27a548794a1d8b331be850bc712aef634e7263f7a7bd66262d,0.1,40,20,20,0.5,0.15384615384615385,1.5192307692307694,False
uci320,mathematics,fail_g3_lt_10,baseline,no_demographic_family,histgb,c13_selected,uci,uci320__mathematics__fail_g3_lt_10__baseline__no_demographic_family__histgb,1e77b96a42008b27a548794a1d8b331be850bc712aef634e7263f7a7bd66262d,0.2,80,37,43,0.4625,0.2846153846153846,1.4052884615384618,False
uci320,mathematics,fail_g3_lt_10,baseline,no_demographic_family,histgb,c13_selected,uci,uci320__mathematics__fail_g3_lt_10__baseline__no_demographic_family__histgb,1e77b96a42008b27a548794a1d8b331be850bc712aef634e7263f7a7bd66262d,0.3,119,63,56,0.5294117647058824,0.4846153846153846,1.6085972850678734,False
uci320,mathematics,fail_g3_lt_10,baseline,no_demographic_family,logistic,c13_selected,uci,uci320__mathematics__fail_g3_lt_10__baseline__no_demographic_family__logistic,1e77b96a42008b27a548794a1d8b331be850bc712aef634e7263f7a7bd66262d,0.05,21,13,8,0.6190476190476191,0.1,1.8809523809523812,False
uci320,mathematics,fail_g3_lt_10,baseline,no_demographic_family,logistic,c13_selected,uci,uci320__mathematics__fail_g3_lt_10__baseline__no_demographic_family__logistic,1e77b96a42008b27a548794a1d8b331be850bc712aef634e7263f7a7bd66262d,0.1,40,21,19,0.525,0.16153846153846155,1.5951923076923078,False
uci320,mathematics,fail_g3_lt_10,baseline,no_demographic_family,logistic,c13_selected,uci,uci320__mathematics__fail_g3_lt_10__baseline__no_demographic_family__logistic,1e77b96a42008b27a548794a1d8b331be850bc712aef634e7263f7a7bd66262d,0.2,80,45,35,0.5625,0.34615384615384615,1.7091346153846154,False
uci320,mathematics,fail_g3_lt_10,baseline,no_demographic_family,logistic,c13_selected,uci,uci320__mathematics__fail_g3_lt_10__baseline__no_demographic_family__logistic,1e77b96a42008b27a548794a1d8b331be850bc712aef634e7263f7a7bd66262d,0.3,119,62,57,0.5210084033613446,0.47692307692307695,1.5830639948287009,False
uci320,mathematics,fail_g3_lt_10,baseline,no_sensitive_wellbeing,histgb,c13_selected,uci,uci320__mathematics__fail_g3_lt_10__baseline__no_sensitive_wellbeing__histgb,1e77b96a42008b27a548794a1d8b331be850bc712aef634e7263f7a7bd66262d,0.05,21,12,9,0.5714285714285714,0.09230769230769231,1.7362637362637363,False
uci320,mathematics,fail_g3_lt_10,baseline,no_sensitive_wellbeing,histgb,c13_selected,uci,uci320__mathematics__fail_g3_lt_10__baseline__no_sensitive_wellbeing__histgb,1e77b96a42008b27a548794a1d8b331be850bc712aef634e7263f7a7bd66262d,0.1,40,23,17,0.575,0.17692307692307693,1.7471153846153846,False
uci320,mathematics,fail_g3_lt_10,baseline,no_sensitive_wellbeing,histgb,c13_selected,uci,uci320__mathematics__fail_g3_lt_10__baseline__no_sensitive_wellbeing__histgb,1e77b96a42008b27a548794a1d8b331be850bc712aef634e7263f7a7bd66262d,0.2,80,41,39,0.5125,0.3153846153846154,1.5572115384615384,False
uci320,mathematics,fail_g3_lt_10,baseline,no_sensitive_wellbeing,histgb,c13_selected,uci,uci320__mathematics__fail_g3_lt_10__baseline__no_sensitive_wellbeing__histgb,1e77b96a42008b27a548794a1d8b331be850bc712aef634e7263f7a7bd66262d,0.3,119,53,66,0.44537815126050423,0.4076923076923077,1.3532643826761475,False
uci320,mathematics,fail_g3_lt_10,baseline,no_sensitive_wellbeing,logistic,c13_selected,uci,uci320__mathematics__fail_g3_lt_10__baseline__no_sensitive_wellbeing__logistic,1e77b96a42008b27a548794a1d8b331be850bc712aef634e7263f7a7bd66262d,0.05,21,13,8,0.6190476190476191,0.1,1.8809523809523812,False
uci320,mathematics,fail_g3_lt_10,baseline,no_sensitive_wellbeing,logistic,c13_selected,uci,uci320__mathematics__fail_g3_lt_10__baseline__no_sensitive_wellbeing__logistic,1e77b96a42008b27a548794a1d8b331be850bc712aef634e7263f7a7bd66262d,0.1,40,24,16,0.6,0.18461538461538463,1.823076923076923,False
uci320,mathematics,fail_g3_lt_10,baseline,no_sensitive_wellbeing,logistic,c13_selected,uci,uci320__mathematics__fail_g3_lt_10__baseline__no_sensitive_wellbeing__logistic,1e77b96a42008b27a548794a1d8b331be850bc712aef634e7263f7a7bd66262d,0.2,80,40,40,0.5,0.3076923076923077,1.5192307692307694,False
uci320,mathematics,fail_g3_lt_10,baseline,no_sensitive_wellbeing,logistic,c13_selected,uci,uci320__mathematics__fail_g3_lt_10__baseline__no_sensitive_wellbeing__logistic,1e77b96a42008b27a548794a1d8b331be850bc712aef634e7263f7a7bd66262d,0.3,119,58,61,0.48739495798319327,0.4461538461538462,1.4809308338720104,False
uci320,mathematics,fail_g3_lt_10,baseline,school_observable_only,histgb,c13_selected,uci,uci320__mathematics__fail_g3_lt_10__baseline__school_observable_only__histgb,1e77b96a42008b27a548794a1d8b331be850bc712aef634e7263f7a7bd66262d,0.05,21,11,10,0.5238095238095238,0.08461538461538462,1.5915750915750917,False
uci320,mathematics,fail_g3_lt_10,baseline,school_observable_only,histgb,c13_selected,uci,uci320__mathematics__fail_g3_lt_10__baseline__school_observable_only__histgb,1e77b96a42008b27a548794a1d8b331be850bc712aef634e7263f7a7bd66262d,0.1,40,23,17,0.575,0.17692307692307693,1.7471153846153846,False
uci320,mathematics,fail_g3_lt_10,baseline,school_observable_only,histgb,c13_selected,uci,uci320__mathematics__fail_g3_lt_10__baseline__school_observable_only__histgb,1e77b96a42008b27a548794a1d8b331be850bc712aef634e7263f7a7bd66262d,0.2,80,43,37,0.5375,0.33076923076923076,1.633173076923077,False
uci320,mathematics,fail_g3_lt_10,baseline,school_observable_only,histgb,c13_selected,uci,uci320__mathematics__fail_g3_lt_10__baseline__school_observable_only__histgb,1e77b96a42008b27a548794a1d8b331be850bc712aef634e7263f7a7bd66262d,0.3,119,63,56,0.5294117647058824,0.4846153846153846,1.6085972850678734,False
uci320,mathematics,fail_g3_lt_10,baseline,school_observable_only,logistic,c13_selected,uci,uci320__mathematics__fail_g3_lt_10__baseline__school_observable_only__logistic,1e77b96a42008b27a548794a1d8b331be850bc712aef634e7263f7a7bd66262d,0.05,21,14,7,0.6666666666666666,0.1076923076923077,2.0256410256410255,False
uci320,mathematics,fail_g3_lt_10,baseline,school_observable_only,logistic,c13_selected,uci,uci320__mathematics__fail_g3_lt_10__baseline__school_observable_only__logistic,1e77b96a42008b27a548794a1d8b331be850bc712aef634e7263f7a7bd66262d,0.1,40,23,17,0.575,0.17692307692307693,1.7471153846153846,False
uci320,mathematics,fail_g3_lt_10,baseline,school_observable_only,logistic,c13_selected,uci,uci320__mathematics__fail_g3_lt_10__baseline__school_observable_only__logistic,1e77b96a42008b27a548794a1d8b331be850bc712aef634e7263f7a7bd66262d,0.2,80,42,38,0.525,0.3230769230769231,1.5951923076923078,False
uci320,mathematics,fail_g3_lt_10,baseline,school_observable_only,logistic,c13_selected,uci,uci320__mathematics__fail_g3_lt_10__baseline__school_observable_only__logistic,1e77b96a42008b27a548794a1d8b331be850bc712aef634e7263f7a7bd66262d,0.3,119,60,59,0.5042016806722689,0.46153846153846156,1.5319974143503556,False
uci320,mathematics,fail_g3_lt_10,baseline,targeted_no_sex,histgb,c13_selected,uci,uci320__mathematics__fail_g3_lt_10__baseline__targeted_no_sex__histgb,1e77b96a42008b27a548794a1d8b331be850bc712aef634e7263f7a7bd66262d,0.05,21,11,10,0.5238095238095238,0.08461538461538462,1.5915750915750917,False
uci320,mathematics,fail_g3_lt_10,baseline,targeted_no_sex,histgb,c13_selected,uci,uci320__mathematics__fail_g3_lt_10__baseline__targeted_no_sex__histgb,1e77b96a42008b27a548794a1d8b331be850bc712aef634e7263f7a7bd66262d,0.1,40,21,19,0.525,0.16153846153846155,1.5951923076923078,False
uci320,mathematics,fail_g3_lt_10,baseline,targeted_no_sex,histgb,c13_selected,uci,uci320__mathematics__fail_g3_lt_10__baseline__targeted_no_sex__histgb,1e77b96a42008b27a548794a1d8b331be850bc712aef634e7263f7a7bd66262d,0.2,80,35,45,0.4375,0.2692307692307692,1.3293269230769231,False
uci320,mathematics,fail_g3_lt_10,baseline,targeted_no_sex,histgb,c13_selected,uci,uci320__mathematics__fail_g3_lt_10__baseline__targeted_no_sex__histgb,1e77b96a42008b27a548794a1d8b331be850bc712aef634e7263f7a7bd66262d,0.3,119,50,69,0.42016806722689076,0.38461538461538464,1.2766645119586297,False
uci320,mathematics,fail_g3_lt_10,baseline,targeted_no_sex,logistic,c13_selected,uci,uci320__mathematics__fail_g3_lt_10__baseline__targeted_no_sex__logistic,1e77b96a42008b27a548794a1d8b331be850bc712aef634e7263f7a7bd66262d,0.05,21,14,7,0.6666666666666666,0.1076923076923077,2.0256410256410255,False
uci320,mathematics,fail_g3_lt_10,baseline,targeted_no_sex,logistic,c13_selected,uci,uci320__mathematics__fail_g3_lt_10__baseline__targeted_no_sex__logistic,1e77b96a42008b27a548794a1d8b331be850bc712aef634e7263f7a7bd66262d,0.1,40,22,18,0.55,0.16923076923076924,1.6711538461538464,False
uci320,mathematics,fail_g3_lt_10,baseline,targeted_no_sex,logistic,c13_selected,uci,uci320__mathematics__fail_g3_lt_10__baseline__targeted_no_sex__logistic,1e77b96a42008b27a548794a1d8b331be850bc712aef634e7263f7a7bd66262d,0.2,80,36,44,0.45,0.27692307692307694,1.3673076923076923,False
uci320,mathematics,fail_g3_lt_10,baseline,targeted_no_sex,logistic,c13_selected,uci,uci320__mathematics__fail_g3_lt_10__baseline__targeted_no_sex__logistic,1e77b96a42008b27a548794a1d8b331be850bc712aef634e7263f7a7bd66262d,0.3,119,53,66,0.44537815126050423,0.4076923076923077,1.3532643826761475,False
uci320,mathematics,fail_g3_lt_10,period1,full,histgb,c13_selected,uci,uci320__mathematics__fail_g3_lt_10__period1__full__histgb,1e77b96a42008b27a548794a1d8b331be850bc712aef634e7263f7a7bd66262d,0.05,21,21,0,1.0,0.16153846153846155,3.0384615384615388,False
uci320,mathematics,fail_g3_lt_10,period1,full,histgb,c13_selected,uci,uci320__mathematics__fail_g3_lt_10__period1__full__histgb,1e77b96a42008b27a548794a1d8b331be850bc712aef634e7263f7a7bd66262d,0.1,40,37,3,0.925,0.2846153846153846,2.8105769230769235,False
uci320,mathematics,fail_g3_lt_10,period1,full,histgb,c13_selected,uci,uci320__mathematics__fail_g3_lt_10__period1__full__histgb,1e77b96a42008b27a548794a1d8b331be850bc712aef634e7263f7a7bd66262d,0.2,80,67,13,0.8375,0.5153846153846153,2.544711538461539,False
uci320,mathematics,fail_g3_lt_10,period1,full,histgb,c13_selected,uci,uci320__mathematics__fail_g3_lt_10__period1__full__histgb,1e77b96a42008b27a548794a1d8b331be850bc712aef634e7263f7a7bd66262d,0.3,119,86,33,0.7226890756302521,0.6615384615384615,2.195862960568843,False
uci320,mathematics,fail_g3_lt_10,period1,full,logistic,c13_selected,uci,uci320__mathematics__fail_g3_lt_10__period1__full__logistic,1e77b96a42008b27a548794a1d8b331be850bc712aef634e7263f7a7bd66262d,0.05,21,21,0,1.0,0.16153846153846155,3.0384615384615388,False
uci320,mathematics,fail_g3_lt_10,period1,full,logistic,c13_selected,uci,uci320__mathematics__fail_g3_lt_10__period1__full__logistic,1e77b96a42008b27a548794a1d8b331be850bc712aef634e7263f7a7bd66262d,0.1,40,37,3,0.925,0.2846153846153846,2.8105769230769235,False
uci320,mathematics,fail_g3_lt_10,period1,full,logistic,c13_selected,uci,uci320__mathematics__fail_g3_lt_10__period1__full__logistic,1e77b96a42008b27a548794a1d8b331be850bc712aef634e7263f7a7bd66262d,0.2,80,67,13,0.8375,0.5153846153846153,2.544711538461539,False
uci320,mathematics,fail_g3_lt_10,period1,full,logistic,c13_selected,uci,uci320__mathematics__fail_g3_lt_10__period1__full__logistic,1e77b96a42008b27a548794a1d8b331be850bc712aef634e7263f7a7bd66262d,0.3,119,88,31,0.7394957983193278,0.676923076923077,2.2469295410471886,False
uci320,mathematics,fail_g3_lt_10,period1,no_demographic_family,histgb,c13_selected,uci,uci320__mathematics__fail_g3_lt_10__period1__no_demographic_family__histgb,1e77b96a42008b27a548794a1d8b331be850bc712aef634e7263f7a7bd66262d,0.05,21,20,1,0.9523809523809523,0.15384615384615385,2.8937728937728937,False
uci320,mathematics,fail_g3_lt_10,period1,no_demographic_family,histgb,c13_selected,uci,uci320__mathematics__fail_g3_lt_10__period1__no_demographic_family__histgb,1e77b96a42008b27a548794a1d8b331be850bc712aef634e7263f7a7bd66262d,0.1,40,36,4,0.9,0.27692307692307694,2.7346153846153847,False
uci320,mathematics,fail_g3_lt_10,period1,no_demographic_family,histgb,c13_selected,uci,uci320__mathematics__fail_g3_lt_10__period1__no_demographic_family__histgb,1e77b96a42008b27a548794a1d8b331be850bc712aef634e7263f7a7bd66262d,0.2,80,65,15,0.8125,0.5,2.46875,False
uci320,mathematics,fail_g3_lt_10,period1,no_demographic_family,histgb,c13_selected,uci,uci320__mathematics__fail_g3_lt_10__period1__no_demographic_family__histgb,1e77b96a42008b27a548794a1d8b331be850bc712aef634e7263f7a7bd66262d,0.3,119,89,30,0.7478991596638656,0.6846153846153846,2.272462831286361,False
uci320,mathematics,fail_g3_lt_10,period1,no_demographic_family,logistic,c13_selected,uci,uci320__mathematics__fail_g3_lt_10__period1__no_demographic_family__logistic,1e77b96a42008b27a548794a1d8b331be850bc712aef634e7263f7a7bd66262d,0.05,21,20,1,0.9523809523809523,0.15384615384615385,2.8937728937728937,False
uci320,mathematics,fail_g3_lt_10,period1,no_demographic_family,logistic,c13_selected,uci,uci320__mathematics__fail_g3_lt_10__period1__no_demographic_family__logistic,1e77b96a42008b27a548794a1d8b331be850bc712aef634e7263f7a7bd66262d,0.1,40,37,3,0.925,0.2846153846153846,2.8105769230769235,False
uci320,mathematics,fail_g3_lt_10,period1,no_demographic_family,logistic,c13_selected,uci,uci320__mathematics__fail_g3_lt_10__period1__no_demographic_family__logistic,1e77b96a42008b27a548794a1d8b331be850bc712aef634e7263f7a7bd66262d,0.2,80,67,13,0.8375,0.5153846153846153,2.544711538461539,False
uci320,mathematics,fail_g3_lt_10,period1,no_demographic_family,logistic,c13_selected,uci,uci320__mathematics__fail_g3_lt_10__period1__no_demographic_family__logistic,1e77b96a42008b27a548794a1d8b331be850bc712aef634e7263f7a7bd66262d,0.3,119,91,28,0.7647058823529411,0.7,2.323529411764706,False
uci320,mathematics,fail_g3_lt_10,period1,no_sensitive_wellbeing,histgb,c13_selected,uci,uci320__mathematics__fail_g3_lt_10__period1__no_sensitive_wellbeing__histgb,1e77b96a42008b27a548794a1d8b331be850bc712aef634e7263f7a7bd66262d,0.05,21,20,1,0.9523809523809523,0.15384615384615385,2.8937728937728937,False
uci320,mathematics,fail_g3_lt_10,period1,no_sensitive_wellbeing,histgb,c13_selected,uci,uci320__mathematics__fail_g3_lt_10__period1__no_sensitive_wellbeing__histgb,1e77b96a42008b27a548794a1d8b331be850bc712aef634e7263f7a7bd66262d,0.1,40,39,1,0.975,0.3,2.9625000000000004,False
uci320,mathematics,fail_g3_lt_10,period1,no_sensitive_wellbeing,histgb,c13_selected,uci,uci320__mathematics__fail_g3_lt_10__period1__no_sensitive_wellbeing__histgb,1e77b96a42008b27a548794a1d8b331be850bc712aef634e7263f7a7bd66262d,0.2,80,65,15,0.8125,0.5,2.46875,False
uci320,mathematics,fail_g3_lt_10,period1,no_sensitive_wellbeing,histgb,c13_selected,uci,uci320__mathematics__fail_g3_lt_10__period1__no_sensitive_wellbeing__histgb,1e77b96a42008b27a548794a1d8b331be850bc712aef634e7263f7a7bd66262d,0.3,119,92,27,0.773109243697479,0.7076923076923077,2.3490627020038786,False
uci320,mathematics,fail_g3_lt_10,period1,no_sensitive_wellbeing,logistic,c13_selected,uci,uci320__mathematics__fail_g3_lt_10__period1__no_sensitive_wellbeing__logistic,1e77b96a42008b27a548794a1d8b331be850bc712aef634e7263f7a7bd66262d,0.05,21,19,2,0.9047619047619048,0.14615384615384616,2.749084249084249,False
uci320,mathematics,fail_g3_lt_10,period1,no_sensitive_wellbeing,logistic,c13_selected,uci,uci320__mathematics__fail_g3_lt_10__period1__no_sensitive_wellbeing__logistic,1e77b96a42008b27a548794a1d8b331be850bc712aef634e7263f7a7bd66262d,0.1,40,37,3,0.925,0.2846153846153846,2.8105769230769235,False
uci320,mathematics,fail_g3_lt_10,period1,no_sensitive_wellbeing,logistic,c13_selected,uci,uci320__mathematics__fail_g3_lt_10__period1__no_sensitive_wellbeing__logistic,1e77b96a42008b27a548794a1d8b331be850bc712aef634e7263f7a7bd66262d,0.2,80,68,12,0.85,0.5230769230769231,2.582692307692308,False
uci320,mathematics,fail_g3_lt_10,period1,no_sensitive_wellbeing,logistic,c13_selected,uci,uci320__mathematics__fail_g3_lt_10__period1__no_sensitive_wellbeing__logistic,1e77b96a42008b27a548794a1d8b331be850bc712aef634e7263f7a7bd66262d,0.3,119,89,30,0.7478991596638656,0.6846153846153846,2.272462831286361,False
uci320,mathematics,fail_g3_lt_10,period1,school_observable_only,histgb,c13_selected,uci,uci320__mathematics__fail_g3_lt_10__period1__school_observable_only__histgb,1e77b96a42008b27a548794a1d8b331be850bc712aef634e7263f7a7bd66262d,0.05,21,18,3,0.8571428571428571,0.13846153846153847,2.6043956043956045,False
uci320,mathematics,fail_g3_lt_10,period1,school_observable_only,histgb,c13_selected,uci,uci320__mathematics__fail_g3_lt_10__period1__school_observable_only__histgb,1e77b96a42008b27a548794a1d8b331be850bc712aef634e7263f7a7bd66262d,0.1,40,35,5,0.875,0.2692307692307692,2.6586538461538463,False
uci320,mathematics,fail_g3_lt_10,period1,school_observable_only,histgb,c13_selected,uci,uci320__mathematics__fail_g3_lt_10__period1__school_observable_only__histgb,1e77b96a42008b27a548794a1d8b331be850bc712aef634e7263f7a7bd66262d,0.2,80,70,10,0.875,0.5384615384615384,2.6586538461538463,False
uci320,mathematics,fail_g3_lt_10,period1,school_observable_only,histgb,c13_selected,uci,uci320__mathematics__fail_g3_lt_10__period1__school_observable_only__histgb,1e77b96a42008b27a548794a1d8b331be850bc712aef634e7263f7a7bd66262d,0.3,119,93,26,0.7815126050420168,0.7153846153846154,2.374595992243051,False
uci320,mathematics,fail_g3_lt_10,period1,school_observable_only,logistic,c13_selected,uci,uci320__mathematics__fail_g3_lt_10__period1__school_observable_only__logistic,1e77b96a42008b27a548794a1d8b331be850bc712aef634e7263f7a7bd66262d,0.05,21,19,2,0.9047619047619048,0.14615384615384616,2.749084249084249,False
uci320,mathematics,fail_g3_lt_10,period1,school_observable_only,logistic,c13_selected,uci,uci320__mathematics__fail_g3_lt_10__period1__school_observable_only__logistic,1e77b96a42008b27a548794a1d8b331be850bc712aef634e7263f7a7bd66262d,0.1,40,35,5,0.875,0.2692307692307692,2.6586538461538463,False
uci320,mathematics,fail_g3_lt_10,period1,school_observable_only,logistic,c13_selected,uci,uci320__mathematics__fail_g3_lt_10__period1__school_observable_only__logistic,1e77b96a42008b27a548794a1d8b331be850bc712aef634e7263f7a7bd66262d,0.2,80,66,14,0.825,0.5076923076923077,2.5067307692307694,False
uci320,mathematics,fail_g3_lt_10,period1,school_observable_only,logistic,c13_selected,uci,uci320__mathematics__fail_g3_lt_10__period1__school_observable_only__logistic,1e77b96a42008b27a548794a1d8b331be850bc712aef634e7263f7a7bd66262d,0.3,119,92,27,0.773109243697479,0.7076923076923077,2.3490627020038786,False
uci320,mathematics,fail_g3_lt_10,period1,targeted_no_sex,histgb,c13_selected,uci,uci320__mathematics__fail_g3_lt_10__period1__targeted_no_sex__histgb,1e77b96a42008b27a548794a1d8b331be850bc712aef634e7263f7a7bd66262d,0.05,21,20,1,0.9523809523809523,0.15384615384615385,2.8937728937728937,False
uci320,mathematics,fail_g3_lt_10,period1,targeted_no_sex,histgb,c13_selected,uci,uci320__mathematics__fail_g3_lt_10__period1__targeted_no_sex__histgb,1e77b96a42008b27a548794a1d8b331be850bc712aef634e7263f7a7bd66262d,0.1,40,39,1,0.975,0.3,2.9625000000000004,False
uci320,mathematics,fail_g3_lt_10,period1,targeted_no_sex,histgb,c13_selected,uci,uci320__mathematics__fail_g3_lt_10__period1__targeted_no_sex__histgb,1e77b96a42008b27a548794a1d8b331be850bc712aef634e7263f7a7bd66262d,0.2,80,66,14,0.825,0.5076923076923077,2.5067307692307694,False
uci320,mathematics,fail_g3_lt_10,period1,targeted_no_sex,histgb,c13_selected,uci,uci320__mathematics__fail_g3_lt_10__period1__targeted_no_sex__histgb,1e77b96a42008b27a548794a1d8b331be850bc712aef634e7263f7a7bd66262d,0.3,119,87,32,0.7310924369747899,0.6692307692307692,2.2213962508080156,False
uci320,mathematics,fail_g3_lt_10,period1,targeted_no_sex,logistic,c13_selected,uci,uci320__mathematics__fail_g3_lt_10__period1__targeted_no_sex__logistic,1e77b96a42008b27a548794a1d8b331be850bc712aef634e7263f7a7bd66262d,0.05,21,20,1,0.9523809523809523,0.15384615384615385,2.8937728937728937,False
uci320,mathematics,fail_g3_lt_10,period1,targeted_no_sex,logistic,c13_selected,uci,uci320__mathematics__fail_g3_lt_10__period1__targeted_no_sex__logistic,1e77b96a42008b27a548794a1d8b331be850bc712aef634e7263f7a7bd66262d,0.1,40,37,3,0.925,0.2846153846153846,2.8105769230769235,False
uci320,mathematics,fail_g3_lt_10,period1,targeted_no_sex,logistic,c13_selected,uci,uci320__mathematics__fail_g3_lt_10__period1__targeted_no_sex__logistic,1e77b96a42008b27a548794a1d8b331be850bc712aef634e7263f7a7bd66262d,0.2,80,67,13,0.8375,0.5153846153846153,2.544711538461539,False
uci320,mathematics,fail_g3_lt_10,period1,targeted_no_sex,logistic,c13_selected,uci,uci320__mathematics__fail_g3_lt_10__period1__targeted_no_sex__logistic,1e77b96a42008b27a548794a1d8b331be850bc712aef634e7263f7a7bd66262d,0.3,119,88,31,0.7394957983193278,0.676923076923077,2.2469295410471886,False
uci320,mathematics,fail_g3_lt_10,period2,full,histgb,c13_selected,uci,uci320__mathematics__fail_g3_lt_10__period2__full__histgb,1e77b96a42008b27a548794a1d8b331be850bc712aef634e7263f7a7bd66262d,0.05,21,21,0,1.0,0.16153846153846155,3.0384615384615388,False
uci320,mathematics,fail_g3_lt_10,period2,full,histgb,c13_selected,uci,uci320__mathematics__fail_g3_lt_10__period2__full__histgb,1e77b96a42008b27a548794a1d8b331be850bc712aef634e7263f7a7bd66262d,0.1,40,39,1,0.975,0.3,2.9625000000000004,False
uci320,mathematics,fail_g3_lt_10,period2,full,histgb,c13_selected,uci,uci320__mathematics__fail_g3_lt_10__period2__full__histgb,1e77b96a42008b27a548794a1d8b331be850bc712aef634e7263f7a7bd66262d,0.2,80,77,3,0.9625,0.5923076923076923,2.924519230769231,False
uci320,mathematics,fail_g3_lt_10,period2,full,histgb,c13_selected,uci,uci320__mathematics__fail_g3_lt_10__period2__full__histgb,1e77b96a42008b27a548794a1d8b331be850bc712aef634e7263f7a7bd66262d,0.3,119,106,13,0.8907563025210085,0.8153846153846154,2.706528765352295,False
uci320,mathematics,fail_g3_lt_10,period2,full,logistic,c13_selected,uci,uci320__mathematics__fail_g3_lt_10__period2__full__logistic,1e77b96a42008b27a548794a1d8b331be850bc712aef634e7263f7a7bd66262d,0.05,21,21,0,1.0,0.16153846153846155,3.0384615384615388,False
uci320,mathematics,fail_g3_lt_10,period2,full,logistic,c13_selected,uci,uci320__mathematics__fail_g3_lt_10__period2__full__logistic,1e77b96a42008b27a548794a1d8b331be850bc712aef634e7263f7a7bd66262d,0.1,40,40,0,1.0,0.3076923076923077,3.0384615384615388,False
uci320,mathematics,fail_g3_lt_10,period2,full,logistic,c13_selected,uci,uci320__mathematics__fail_g3_lt_10__period2__full__logistic,1e77b96a42008b27a548794a1d8b331be850bc712aef634e7263f7a7bd66262d,0.2,80,77,3,0.9625,0.5923076923076923,2.924519230769231,False
uci320,mathematics,fail_g3_lt_10,period2,full,logistic,c13_selected,uci,uci320__mathematics__fail_g3_lt_10__period2__full__logistic,1e77b96a42008b27a548794a1d8b331be850bc712aef634e7263f7a7bd66262d,0.3,119,107,12,0.8991596638655462,0.823076923076923,2.7320620555914674,False
uci320,mathematics,fail_g3_lt_10,period2,no_demographic_family,histgb,c13_selected,uci,uci320__mathematics__fail_g3_lt_10__period2__no_demographic_family__histgb,1e77b96a42008b27a548794a1d8b331be850bc712aef634e7263f7a7bd66262d,0.05,21,21,0,1.0,0.16153846153846155,3.0384615384615388,False
uci320,mathematics,fail_g3_lt_10,period2,no_demographic_family,histgb,c13_selected,uci,uci320__mathematics__fail_g3_lt_10__period2__no_demographic_family__histgb,1e77b96a42008b27a548794a1d8b331be850bc712aef634e7263f7a7bd66262d,0.1,40,39,1,0.975,0.3,2.9625000000000004,False
uci320,mathematics,fail_g3_lt_10,period2,no_demographic_family,histgb,c13_selected,uci,uci320__mathematics__fail_g3_lt_10__period2__no_demographic_family__histgb,1e77b96a42008b27a548794a1d8b331be850bc712aef634e7263f7a7bd66262d,0.2,80,76,4,0.95,0.5846153846153846,2.8865384615384615,False
uci320,mathematics,fail_g3_lt_10,period2,no_demographic_family,histgb,c13_selected,uci,uci320__mathematics__fail_g3_lt_10__period2__no_demographic_family__histgb,1e77b96a42008b27a548794a1d8b331be850bc712aef634e7263f7a7bd66262d,0.3,119,106,13,0.8907563025210085,0.8153846153846154,2.706528765352295,False
uci320,mathematics,fail_g3_lt_10,period2,no_demographic_family,logistic,c13_selected,uci,uci320__mathematics__fail_g3_lt_10__period2__no_demographic_family__logistic,1e77b96a42008b27a548794a1d8b331be850bc712aef634e7263f7a7bd66262d,0.05,21,21,0,1.0,0.16153846153846155,3.0384615384615388,False
uci320,mathematics,fail_g3_lt_10,period2,no_demographic_family,logistic,c13_selected,uci,uci320__mathematics__fail_g3_lt_10__period2__no_demographic_family__logistic,1e77b96a42008b27a548794a1d8b331be850bc712aef634e7263f7a7bd66262d,0.1,40,40,0,1.0,0.3076923076923077,3.0384615384615388,False
uci320,mathematics,fail_g3_lt_10,period2,no_demographic_family,logistic,c13_selected,uci,uci320__mathematics__fail_g3_lt_10__period2__no_demographic_family__logistic,1e77b96a42008b27a548794a1d8b331be850bc712aef634e7263f7a7bd66262d,0.2,80,75,5,0.9375,0.5769230769230769,2.8485576923076925,False
uci320,mathematics,fail_g3_lt_10,period2,no_demographic_family,logistic,c13_selected,uci,uci320__mathematics__fail_g3_lt_10__period2__no_demographic_family__logistic,1e77b96a42008b27a548794a1d8b331be850bc712aef634e7263f7a7bd66262d,0.3,119,104,15,0.8739495798319328,0.8,2.65546218487395,False
uci320,mathematics,fail_g3_lt_10,period2,no_sensitive_wellbeing,histgb,c13_selected,uci,uci320__mathematics__fail_g3_lt_10__period2__no_sensitive_wellbeing__histgb,1e77b96a42008b27a548794a1d8b331be850bc712aef634e7263f7a7bd66262d,0.05,21,20,1,0.9523809523809523,0.15384615384615385,2.8937728937728937,False
uci320,mathematics,fail_g3_lt_10,period2,no_sensitive_wellbeing,histgb,c13_selected,uci,uci320__mathematics__fail_g3_lt_10__period2__no_sensitive_wellbeing__histgb,1e77b96a42008b27a548794a1d8b331be850bc712aef634e7263f7a7bd66262d,0.1,40,38,2,0.95,0.2923076923076923,2.8865384615384615,False
uci320,mathematics,fail_g3_lt_10,period2,no_sensitive_wellbeing,histgb,c13_selected,uci,uci320__mathematics__fail_g3_lt_10__period2__no_sensitive_wellbeing__histgb,1e77b96a42008b27a548794a1d8b331be850bc712aef634e7263f7a7bd66262d,0.2,80,77,3,0.9625,0.5923076923076923,2.924519230769231,False
uci320,mathematics,fail_g3_lt_10,period2,no_sensitive_wellbeing,histgb,c13_selected,uci,uci320__mathematics__fail_g3_lt_10__period2__no_sensitive_wellbeing__histgb,1e77b96a42008b27a548794a1d8b331be850bc712aef634e7263f7a7bd66262d,0.3,119,105,14,0.8823529411764706,0.8076923076923077,2.6809954751131224,False
uci320,mathematics,fail_g3_lt_10,period2,no_sensitive_wellbeing,logistic,c13_selected,uci,uci320__mathematics__fail_g3_lt_10__period2__no_sensitive_wellbeing__logistic,1e77b96a42008b27a548794a1d8b331be850bc712aef634e7263f7a7bd66262d,0.05,21,21,0,1.0,0.16153846153846155,3.0384615384615388,False
uci320,mathematics,fail_g3_lt_10,period2,no_sensitive_wellbeing,logistic,c13_selected,uci,uci320__mathematics__fail_g3_lt_10__period2__no_sensitive_wellbeing__logistic,1e77b96a42008b27a548794a1d8b331be850bc712aef634e7263f7a7bd66262d,0.1,40,40,0,1.0,0.3076923076923077,3.0384615384615388,False
uci320,mathematics,fail_g3_lt_10,period2,no_sensitive_wellbeing,logistic,c13_selected,uci,uci320__mathematics__fail_g3_lt_10__period2__no_sensitive_wellbeing__logistic,1e77b96a42008b27a548794a1d8b331be850bc712aef634e7263f7a7bd66262d,0.2,80,77,3,0.9625,0.5923076923076923,2.924519230769231,False
uci320,mathematics,fail_g3_lt_10,period2,no_sensitive_wellbeing,logistic,c13_selected,uci,uci320__mathematics__fail_g3_lt_10__period2__no_sensitive_wellbeing__logistic,1e77b96a42008b27a548794a1d8b331be850bc712aef634e7263f7a7bd66262d,0.3,119,103,16,0.865546218487395,0.7923076923076923,2.6299288946347774,False
uci320,mathematics,fail_g3_lt_10,period2,school_observable_only,histgb,c13_selected,uci,uci320__mathematics__fail_g3_lt_10__period2__school_observable_only__histgb,1e77b96a42008b27a548794a1d8b331be850bc712aef634e7263f7a7bd66262d,0.05,21,21,0,1.0,0.16153846153846155,3.0384615384615388,False
uci320,mathematics,fail_g3_lt_10,period2,school_observable_only,histgb,c13_selected,uci,uci320__mathematics__fail_g3_lt_10__period2__school_observable_only__histgb,1e77b96a42008b27a548794a1d8b331be850bc712aef634e7263f7a7bd66262d,0.1,40,39,1,0.975,0.3,2.9625000000000004,False
uci320,mathematics,fail_g3_lt_10,period2,school_observable_only,histgb,c13_selected,uci,uci320__mathematics__fail_g3_lt_10__period2__school_observable_only__histgb,1e77b96a42008b27a548794a1d8b331be850bc712aef634e7263f7a7bd66262d,0.2,80,78,2,0.975,0.6,2.9625000000000004,False
uci320,mathematics,fail_g3_lt_10,period2,school_observable_only,histgb,c13_selected,uci,uci320__mathematics__fail_g3_lt_10__period2__school_observable_only__histgb,1e77b96a42008b27a548794a1d8b331be850bc712aef634e7263f7a7bd66262d,0.3,119,104,15,0.8739495798319328,0.8,2.65546218487395,False
uci320,mathematics,fail_g3_lt_10,period2,school_observable_only,logistic,c13_selected,uci,uci320__mathematics__fail_g3_lt_10__period2__school_observable_only__logistic,1e77b96a42008b27a548794a1d8b331be850bc712aef634e7263f7a7bd66262d,0.05,21,21,0,1.0,0.16153846153846155,3.0384615384615388,False
uci320,mathematics,fail_g3_lt_10,period2,school_observable_only,logistic,c13_selected,uci,uci320__mathematics__fail_g3_lt_10__period2__school_observable_only__logistic,1e77b96a42008b27a548794a1d8b331be850bc712aef634e7263f7a7bd66262d,0.1,40,40,0,1.0,0.3076923076923077,3.0384615384615388,False
uci320,mathematics,fail_g3_lt_10,period2,school_observable_only,logistic,c13_selected,uci,uci320__mathematics__fail_g3_lt_10__period2__school_observable_only__logistic,1e77b96a42008b27a548794a1d8b331be850bc712aef634e7263f7a7bd66262d,0.2,80,76,4,0.95,0.5846153846153846,2.8865384615384615,False
uci320,mathematics,fail_g3_lt_10,period2,school_observable_only,logistic,c13_selected,uci,uci320__mathematics__fail_g3_lt_10__period2__school_observable_only__logistic,1e77b96a42008b27a548794a1d8b331be850bc712aef634e7263f7a7bd66262d,0.3,119,102,17,0.8571428571428571,0.7846153846153846,2.6043956043956045,False
uci320,mathematics,fail_g3_lt_10,period2,targeted_no_sex,histgb,c13_selected,uci,uci320__mathematics__fail_g3_lt_10__period2__targeted_no_sex__histgb,1e77b96a42008b27a548794a1d8b331be850bc712aef634e7263f7a7bd66262d,0.05,21,21,0,1.0,0.16153846153846155,3.0384615384615388,False
uci320,mathematics,fail_g3_lt_10,period2,targeted_no_sex,histgb,c13_selected,uci,uci320__mathematics__fail_g3_lt_10__period2__targeted_no_sex__histgb,1e77b96a42008b27a548794a1d8b331be850bc712aef634e7263f7a7bd66262d,0.1,40,40,0,1.0,0.3076923076923077,3.0384615384615388,False
uci320,mathematics,fail_g3_lt_10,period2,targeted_no_sex,histgb,c13_selected,uci,uci320__mathematics__fail_g3_lt_10__period2__targeted_no_sex__histgb,1e77b96a42008b27a548794a1d8b331be850bc712aef634e7263f7a7bd66262d,0.2,80,76,4,0.95,0.5846153846153846,2.8865384615384615,False
uci320,mathematics,fail_g3_lt_10,period2,targeted_no_sex,histgb,c13_selected,uci,uci320__mathematics__fail_g3_lt_10__period2__targeted_no_sex__histgb,1e77b96a42008b27a548794a1d8b331be850bc712aef634e7263f7a7bd66262d,0.3,119,106,13,0.8907563025210085,0.8153846153846154,2.706528765352295,False
uci320,mathematics,fail_g3_lt_10,period2,targeted_no_sex,logistic,c13_selected,uci,uci320__mathematics__fail_g3_lt_10__period2__targeted_no_sex__logistic,1e77b96a42008b27a548794a1d8b331be850bc712aef634e7263f7a7bd66262d,0.05,21,21,0,1.0,0.16153846153846155,3.0384615384615388,False
uci320,mathematics,fail_g3_lt_10,period2,targeted_no_sex,logistic,c13_selected,uci,uci320__mathematics__fail_g3_lt_10__period2__targeted_no_sex__logistic,1e77b96a42008b27a548794a1d8b331be850bc712aef634e7263f7a7bd66262d,0.1,40,40,0,1.0,0.3076923076923077,3.0384615384615388,False
uci320,mathematics,fail_g3_lt_10,period2,targeted_no_sex,logistic,c13_selected,uci,uci320__mathematics__fail_g3_lt_10__period2__targeted_no_sex__logistic,1e77b96a42008b27a548794a1d8b331be850bc712aef634e7263f7a7bd66262d,0.2,80,76,4,0.95,0.5846153846153846,2.8865384615384615,False
uci320,mathematics,fail_g3_lt_10,period2,targeted_no_sex,logistic,c13_selected,uci,uci320__mathematics__fail_g3_lt_10__period2__targeted_no_sex__logistic,1e77b96a42008b27a548794a1d8b331be850bc712aef634e7263f7a7bd66262d,0.3,119,106,13,0.8907563025210085,0.8153846153846154,2.706528765352295,False
uci320,portuguese,fail_g3_lt_10,baseline,full,histgb,c13_selected,uci,uci320__portuguese__fail_g3_lt_10__baseline__full__histgb,1e77b96a42008b27a548794a1d8b331be850bc712aef634e7263f7a7bd66262d,0.05,34,12,22,0.35294117647058826,0.12,2.290588235294118,False
uci320,portuguese,fail_g3_lt_10,baseline,full,histgb,c13_selected,uci,uci320__portuguese__fail_g3_lt_10__baseline__full__histgb,1e77b96a42008b27a548794a1d8b331be850bc712aef634e7263f7a7bd66262d,0.1,66,27,39,0.4090909090909091,0.27,2.6550000000000002,False
uci320,portuguese,fail_g3_lt_10,baseline,full,histgb,c13_selected,uci,uci320__portuguese__fail_g3_lt_10__baseline__full__histgb,1e77b96a42008b27a548794a1d8b331be850bc712aef634e7263f7a7bd66262d,0.2,131,44,87,0.33587786259541985,0.44,2.179847328244275,False
uci320,portuguese,fail_g3_lt_10,baseline,full,histgb,c13_selected,uci,uci320__portuguese__fail_g3_lt_10__baseline__full__histgb,1e77b96a42008b27a548794a1d8b331be850bc712aef634e7263f7a7bd66262d,0.3,195,55,140,0.28205128205128205,0.55,1.8305128205128207,False
uci320,portuguese,fail_g3_lt_10,baseline,full,logistic,c13_selected,uci,uci320__portuguese__fail_g3_lt_10__baseline__full__logistic,1e77b96a42008b27a548794a1d8b331be850bc712aef634e7263f7a7bd66262d,0.05,34,15,19,0.4411764705882353,0.15,2.863235294117647,False
uci320,portuguese,fail_g3_lt_10,baseline,full,logistic,c13_selected,uci,uci320__portuguese__fail_g3_lt_10__baseline__full__logistic,1e77b96a42008b27a548794a1d8b331be850bc712aef634e7263f7a7bd66262d,0.1,66,23,43,0.3484848484848485,0.23,2.261666666666667,False
uci320,portuguese,fail_g3_lt_10,baseline,full,logistic,c13_selected,uci,uci320__portuguese__fail_g3_lt_10__baseline__full__logistic,1e77b96a42008b27a548794a1d8b331be850bc712aef634e7263f7a7bd66262d,0.2,131,35,96,0.26717557251908397,0.35,1.7339694656488551,False
uci320,portuguese,fail_g3_lt_10,baseline,full,logistic,c13_selected,uci,uci320__portuguese__fail_g3_lt_10__baseline__full__logistic,1e77b96a42008b27a548794a1d8b331be850bc712aef634e7263f7a7bd66262d,0.3,195,49,146,0.2512820512820513,0.49,1.6308205128205129,False
uci320,portuguese,fail_g3_lt_10,baseline,no_demographic_family,histgb,c13_selected,uci,uci320__portuguese__fail_g3_lt_10__baseline__no_demographic_family__histgb,1e77b96a42008b27a548794a1d8b331be850bc712aef634e7263f7a7bd66262d,0.05,34,17,17,0.5,0.17,3.245,False
uci320,portuguese,fail_g3_lt_10,baseline,no_demographic_family,histgb,c13_selected,uci,uci320__portuguese__fail_g3_lt_10__baseline__no_demographic_family__histgb,1e77b96a42008b27a548794a1d8b331be850bc712aef634e7263f7a7bd66262d,0.1,66,27,39,0.4090909090909091,0.27,2.6550000000000002,False
uci320,portuguese,fail_g3_lt_10,baseline,no_demographic_family,histgb,c13_selected,uci,uci320__portuguese__fail_g3_lt_10__baseline__no_demographic_family__histgb,1e77b96a42008b27a548794a1d8b331be850bc712aef634e7263f7a7bd66262d,0.2,131,45,86,0.3435114503816794,0.45,2.2293893129770996,False
uci320,portuguese,fail_g3_lt_10,baseline,no_demographic_family,histgb,c13_selected,uci,uci320__portuguese__fail_g3_lt_10__baseline__no_demographic_family__histgb,1e77b96a42008b27a548794a1d8b331be850bc712aef634e7263f7a7bd66262d,0.3,195,59,136,0.30256410256410254,0.59,1.9636410256410257,False
uci320,portuguese,fail_g3_lt_10,baseline,no_demographic_family,logistic,c13_selected,uci,uci320__portuguese__fail_g3_lt_10__baseline__no_demographic_family__logistic,1e77b96a42008b27a548794a1d8b331be850bc712aef634e7263f7a7bd66262d,0.05,34,17,17,0.5,0.17,3.245,False
uci320,portuguese,fail_g3_lt_10,baseline,no_demographic_family,logistic,c13_selected,uci,uci320__portuguese__fail_g3_lt_10__baseline__no_demographic_family__logistic,1e77b96a42008b27a548794a1d8b331be850bc712aef634e7263f7a7bd66262d,0.1,66,28,38,0.42424242424242425,0.28,2.7533333333333334,False
uci320,portuguese,fail_g3_lt_10,baseline,no_demographic_family,logistic,c13_selected,uci,uci320__portuguese__fail_g3_lt_10__baseline__no_demographic_family__logistic,1e77b96a42008b27a548794a1d8b331be850bc712aef634e7263f7a7bd66262d,0.2,131,42,89,0.32061068702290074,0.42,2.080763358778626,False
uci320,portuguese,fail_g3_lt_10,baseline,no_demographic_family,logistic,c13_selected,uci,uci320__portuguese__fail_g3_lt_10__baseline__no_demographic_family__logistic,1e77b96a42008b27a548794a1d8b331be850bc712aef634e7263f7a7bd66262d,0.3,195,55,140,0.28205128205128205,0.55,1.8305128205128207,False
uci320,portuguese,fail_g3_lt_10,baseline,no_sensitive_wellbeing,histgb,c13_selected,uci,uci320__portuguese__fail_g3_lt_10__baseline__no_sensitive_wellbeing__histgb,1e77b96a42008b27a548794a1d8b331be850bc712aef634e7263f7a7bd66262d,0.05,34,14,20,0.4117647058823529,0.14,2.6723529411764706,False
uci320,portuguese,fail_g3_lt_10,baseline,no_sensitive_wellbeing,histgb,c13_selected,uci,uci320__portuguese__fail_g3_lt_10__baseline__no_sensitive_wellbeing__histgb,1e77b96a42008b27a548794a1d8b331be850bc712aef634e7263f7a7bd66262d,0.1,66,25,41,0.3787878787878788,0.25,2.4583333333333335,False
uci320,portuguese,fail_g3_lt_10,baseline,no_sensitive_wellbeing,histgb,c13_selected,uci,uci320__portuguese__fail_g3_lt_10__baseline__no_sensitive_wellbeing__histgb,1e77b96a42008b27a548794a1d8b331be850bc712aef634e7263f7a7bd66262d,0.2,131,43,88,0.3282442748091603,0.43,2.1303053435114503,False
uci320,portuguese,fail_g3_lt_10,baseline,no_sensitive_wellbeing,histgb,c13_selected,uci,uci320__portuguese__fail_g3_lt_10__baseline__no_sensitive_wellbeing__histgb,1e77b96a42008b27a548794a1d8b331be850bc712aef634e7263f7a7bd66262d,0.3,195,53,142,0.2717948717948718,0.53,1.7639487179487179,False
uci320,portuguese,fail_g3_lt_10,baseline,no_sensitive_wellbeing,logistic,c13_selected,uci,uci320__portuguese__fail_g3_lt_10__baseline__no_sensitive_wellbeing__logistic,1e77b96a42008b27a548794a1d8b331be850bc712aef634e7263f7a7bd66262d,0.05,34,15,19,0.4411764705882353,0.15,2.863235294117647,False
uci320,portuguese,fail_g3_lt_10,baseline,no_sensitive_wellbeing,logistic,c13_selected,uci,uci320__portuguese__fail_g3_lt_10__baseline__no_sensitive_wellbeing__logistic,1e77b96a42008b27a548794a1d8b331be850bc712aef634e7263f7a7bd66262d,0.1,66,27,39,0.4090909090909091,0.27,2.6550000000000002,False
uci320,portuguese,fail_g3_lt_10,baseline,no_sensitive_wellbeing,logistic,c13_selected,uci,uci320__portuguese__fail_g3_lt_10__baseline__no_sensitive_wellbeing__logistic,1e77b96a42008b27a548794a1d8b331be850bc712aef634e7263f7a7bd66262d,0.2,131,41,90,0.31297709923664124,0.41,2.031221374045802,False
uci320,portuguese,fail_g3_lt_10,baseline,no_sensitive_wellbeing,logistic,c13_selected,uci,uci320__portuguese__fail_g3_lt_10__baseline__no_sensitive_wellbeing__logistic,1e77b96a42008b27a548794a1d8b331be850bc712aef634e7263f7a7bd66262d,0.3,195,53,142,0.2717948717948718,0.53,1.7639487179487179,False
uci320,portuguese,fail_g3_lt_10,baseline,school_observable_only,histgb,c13_selected,uci,uci320__portuguese__fail_g3_lt_10__baseline__school_observable_only__histgb,1e77b96a42008b27a548794a1d8b331be850bc712aef634e7263f7a7bd66262d,0.05,34,14,20,0.4117647058823529,0.14,2.6723529411764706,False
uci320,portuguese,fail_g3_lt_10,baseline,school_observable_only,histgb,c13_selected,uci,uci320__portuguese__fail_g3_lt_10__baseline__school_observable_only__histgb,1e77b96a42008b27a548794a1d8b331be850bc712aef634e7263f7a7bd66262d,0.1,66,27,39,0.4090909090909091,0.27,2.6550000000000002,False
uci320,portuguese,fail_g3_lt_10,baseline,school_observable_only,histgb,c13_selected,uci,uci320__portuguese__fail_g3_lt_10__baseline__school_observable_only__histgb,1e77b96a42008b27a548794a1d8b331be850bc712aef634e7263f7a7bd66262d,0.2,131,44,87,0.33587786259541985,0.44,2.179847328244275,False
uci320,portuguese,fail_g3_lt_10,baseline,school_observable_only,histgb,c13_selected,uci,uci320__portuguese__fail_g3_lt_10__baseline__school_observable_only__histgb,1e77b96a42008b27a548794a1d8b331be850bc712aef634e7263f7a7bd66262d,0.3,195,51,144,0.26153846153846155,0.51,1.6973846153846155,False
uci320,portuguese,fail_g3_lt_10,baseline,school_observable_only,logistic,c13_selected,uci,uci320__portuguese__fail_g3_lt_10__baseline__school_observable_only__logistic,1e77b96a42008b27a548794a1d8b331be850bc712aef634e7263f7a7bd66262d,0.05,34,18,16,0.5294117647058824,0.18,3.4358823529411766,False
uci320,portuguese,fail_g3_lt_10,baseline,school_observable_only,logistic,c13_selected,uci,uci320__portuguese__fail_g3_lt_10__baseline__school_observable_only__logistic,1e77b96a42008b27a548794a1d8b331be850bc712aef634e7263f7a7bd66262d,0.1,66,29,37,0.4393939393939394,0.29,2.851666666666667,False
uci320,portuguese,fail_g3_lt_10,baseline,school_observable_only,logistic,c13_selected,uci,uci320__portuguese__fail_g3_lt_10__baseline__school_observable_only__logistic,1e77b96a42008b27a548794a1d8b331be850bc712aef634e7263f7a7bd66262d,0.2,131,44,87,0.33587786259541985,0.44,2.179847328244275,False
uci320,portuguese,fail_g3_lt_10,baseline,school_observable_only,logistic,c13_selected,uci,uci320__portuguese__fail_g3_lt_10__baseline__school_observable_only__logistic,1e77b96a42008b27a548794a1d8b331be850bc712aef634e7263f7a7bd66262d,0.3,195,51,144,0.26153846153846155,0.51,1.6973846153846155,False
uci320,portuguese,fail_g3_lt_10,baseline,targeted_no_sex,histgb,c13_selected,uci,uci320__portuguese__fail_g3_lt_10__baseline__targeted_no_sex__histgb,1e77b96a42008b27a548794a1d8b331be850bc712aef634e7263f7a7bd66262d,0.05,34,13,21,0.38235294117647056,0.13,2.481470588235294,False
uci320,portuguese,fail_g3_lt_10,baseline,targeted_no_sex,histgb,c13_selected,uci,uci320__portuguese__fail_g3_lt_10__baseline__targeted_no_sex__histgb,1e77b96a42008b27a548794a1d8b331be850bc712aef634e7263f7a7bd66262d,0.1,66,25,41,0.3787878787878788,0.25,2.4583333333333335,False
uci320,portuguese,fail_g3_lt_10,baseline,targeted_no_sex,histgb,c13_selected,uci,uci320__portuguese__fail_g3_lt_10__baseline__targeted_no_sex__histgb,1e77b96a42008b27a548794a1d8b331be850bc712aef634e7263f7a7bd66262d,0.2,131,45,86,0.3435114503816794,0.45,2.2293893129770996,False
uci320,portuguese,fail_g3_lt_10,baseline,targeted_no_sex,histgb,c13_selected,uci,uci320__portuguese__fail_g3_lt_10__baseline__targeted_no_sex__histgb,1e77b96a42008b27a548794a1d8b331be850bc712aef634e7263f7a7bd66262d,0.3,195,53,142,0.2717948717948718,0.53,1.7639487179487179,False
uci320,portuguese,fail_g3_lt_10,baseline,targeted_no_sex,logistic,c13_selected,uci,uci320__portuguese__fail_g3_lt_10__baseline__targeted_no_sex__logistic,1e77b96a42008b27a548794a1d8b331be850bc712aef634e7263f7a7bd66262d,0.05,34,14,20,0.4117647058823529,0.14,2.6723529411764706,False
uci320,portuguese,fail_g3_lt_10,baseline,targeted_no_sex,logistic,c13_selected,uci,uci320__portuguese__fail_g3_lt_10__baseline__targeted_no_sex__logistic,1e77b96a42008b27a548794a1d8b331be850bc712aef634e7263f7a7bd66262d,0.1,66,24,42,0.36363636363636365,0.24,2.3600000000000003,False
uci320,portuguese,fail_g3_lt_10,baseline,targeted_no_sex,logistic,c13_selected,uci,uci320__portuguese__fail_g3_lt_10__baseline__targeted_no_sex__logistic,1e77b96a42008b27a548794a1d8b331be850bc712aef634e7263f7a7bd66262d,0.2,131,37,94,0.2824427480916031,0.37,1.833053435114504,False
uci320,portuguese,fail_g3_lt_10,baseline,targeted_no_sex,logistic,c13_selected,uci,uci320__portuguese__fail_g3_lt_10__baseline__targeted_no_sex__logistic,1e77b96a42008b27a548794a1d8b331be850bc712aef634e7263f7a7bd66262d,0.3,195,50,145,0.2564102564102564,0.5,1.664102564102564,False
uci320,portuguese,fail_g3_lt_10,period1,full,histgb,c13_selected,uci,uci320__portuguese__fail_g3_lt_10__period1__full__histgb,1e77b96a42008b27a548794a1d8b331be850bc712aef634e7263f7a7bd66262d,0.05,34,20,14,0.5882352941176471,0.2,3.8176470588235296,False
uci320,portuguese,fail_g3_lt_10,period1,full,histgb,c13_selected,uci,uci320__portuguese__fail_g3_lt_10__period1__full__histgb,1e77b96a42008b27a548794a1d8b331be850bc712aef634e7263f7a7bd66262d,0.1,66,39,27,0.5909090909090909,0.39,3.8350000000000004,False
uci320,portuguese,fail_g3_lt_10,period1,full,histgb,c13_selected,uci,uci320__portuguese__fail_g3_lt_10__period1__full__histgb,1e77b96a42008b27a548794a1d8b331be850bc712aef634e7263f7a7bd66262d,0.2,131,62,69,0.4732824427480916,0.62,3.0716030534351146,False
uci320,portuguese,fail_g3_lt_10,period1,full,histgb,c13_selected,uci,uci320__portuguese__fail_g3_lt_10__period1__full__histgb,1e77b96a42008b27a548794a1d8b331be850bc712aef634e7263f7a7bd66262d,0.3,195,81,114,0.4153846153846154,0.81,2.695846153846154,False
uci320,portuguese,fail_g3_lt_10,period1,full,logistic,c13_selected,uci,uci320__portuguese__fail_g3_lt_10__period1__full__logistic,1e77b96a42008b27a548794a1d8b331be850bc712aef634e7263f7a7bd66262d,0.05,34,22,12,0.6470588235294118,0.22,4.199411764705883,False
uci320,portuguese,fail_g3_lt_10,period1,full,logistic,c13_selected,uci,uci320__portuguese__fail_g3_lt_10__period1__full__logistic,1e77b96a42008b27a548794a1d8b331be850bc712aef634e7263f7a7bd66262d,0.1,66,36,30,0.5454545454545454,0.36,3.54,False
uci320,portuguese,fail_g3_lt_10,period1,full,logistic,c13_selected,uci,uci320__portuguese__fail_g3_lt_10__period1__full__logistic,1e77b96a42008b27a548794a1d8b331be850bc712aef634e7263f7a7bd66262d,0.2,131,60,71,0.4580152671755725,0.6,2.9725190839694657,False
uci320,portuguese,fail_g3_lt_10,period1,full,logistic,c13_selected,uci,uci320__portuguese__fail_g3_lt_10__period1__full__logistic,1e77b96a42008b27a548794a1d8b331be850bc712aef634e7263f7a7bd66262d,0.3,195,77,118,0.39487179487179486,0.77,2.562717948717949,False
uci320,portuguese,fail_g3_lt_10,period1,no_demographic_family,histgb,c13_selected,uci,uci320__portuguese__fail_g3_lt_10__period1__no_demographic_family__histgb,1e77b96a42008b27a548794a1d8b331be850bc712aef634e7263f7a7bd66262d,0.05,34,19,15,0.5588235294117647,0.19,3.626764705882353,False
uci320,portuguese,fail_g3_lt_10,period1,no_demographic_family,histgb,c13_selected,uci,uci320__portuguese__fail_g3_lt_10__period1__no_demographic_family__histgb,1e77b96a42008b27a548794a1d8b331be850bc712aef634e7263f7a7bd66262d,0.1,66,37,29,0.5606060606060606,0.37,3.638333333333333,False
uci320,portuguese,fail_g3_lt_10,period1,no_demographic_family,histgb,c13_selected,uci,uci320__portuguese__fail_g3_lt_10__period1__no_demographic_family__histgb,1e77b96a42008b27a548794a1d8b331be850bc712aef634e7263f7a7bd66262d,0.2,131,65,66,0.4961832061068702,0.65,3.2202290076335878,False
uci320,portuguese,fail_g3_lt_10,period1,no_demographic_family,histgb,c13_selected,uci,uci320__portuguese__fail_g3_lt_10__period1__no_demographic_family__histgb,1e77b96a42008b27a548794a1d8b331be850bc712aef634e7263f7a7bd66262d,0.3,195,81,114,0.4153846153846154,0.81,2.695846153846154,False
uci320,portuguese,fail_g3_lt_10,period1,no_demographic_family,logistic,c13_selected,uci,uci320__portuguese__fail_g3_lt_10__period1__no_demographic_family__logistic,1e77b96a42008b27a548794a1d8b331be850bc712aef634e7263f7a7bd66262d,0.05,34,22,12,0.6470588235294118,0.22,4.199411764705883,False
uci320,portuguese,fail_g3_lt_10,period1,no_demographic_family,logistic,c13_selected,uci,uci320__portuguese__fail_g3_lt_10__period1__no_demographic_family__logistic,1e77b96a42008b27a548794a1d8b331be850bc712aef634e7263f7a7bd66262d,0.1,66,37,29,0.5606060606060606,0.37,3.638333333333333,False
uci320,portuguese,fail_g3_lt_10,period1,no_demographic_family,logistic,c13_selected,uci,uci320__portuguese__fail_g3_lt_10__period1__no_demographic_family__logistic,1e77b96a42008b27a548794a1d8b331be850bc712aef634e7263f7a7bd66262d,0.2,131,61,70,0.46564885496183206,0.61,3.0220610687022904,False
uci320,portuguese,fail_g3_lt_10,period1,no_demographic_family,logistic,c13_selected,uci,uci320__portuguese__fail_g3_lt_10__period1__no_demographic_family__logistic,1e77b96a42008b27a548794a1d8b331be850bc712aef634e7263f7a7bd66262d,0.3,195,79,116,0.40512820512820513,0.79,2.6292820512820514,False
uci320,portuguese,fail_g3_lt_10,period1,no_sensitive_wellbeing,histgb,c13_selected,uci,uci320__portuguese__fail_g3_lt_10__period1__no_sensitive_wellbeing__histgb,1e77b96a42008b27a548794a1d8b331be850bc712aef634e7263f7a7bd66262d,0.05,34,21,13,0.6176470588235294,0.21,4.008529411764706,False
uci320,portuguese,fail_g3_lt_10,period1,no_sensitive_wellbeing,histgb,c13_selected,uci,uci320__portuguese__fail_g3_lt_10__period1__no_sensitive_wellbeing__histgb,1e77b96a42008b27a548794a1d8b331be850bc712aef634e7263f7a7bd66262d,0.1,66,40,26,0.6060606060606061,0.4,3.9333333333333336,False
uci320,portuguese,fail_g3_lt_10,period1,no_sensitive_wellbeing,histgb,c13_selected,uci,uci320__portuguese__fail_g3_lt_10__period1__no_sensitive_wellbeing__histgb,1e77b96a42008b27a548794a1d8b331be850bc712aef634e7263f7a7bd66262d,0.2,131,62,69,0.4732824427480916,0.62,3.0716030534351146,False
uci320,portuguese,fail_g3_lt_10,period1,no_sensitive_wellbeing,histgb,c13_selected,uci,uci320__portuguese__fail_g3_lt_10__period1__no_sensitive_wellbeing__histgb,1e77b96a42008b27a548794a1d8b331be850bc712aef634e7263f7a7bd66262d,0.3,195,82,113,0.4205128205128205,0.82,2.7291282051282053,False
uci320,portuguese,fail_g3_lt_10,period1,no_sensitive_wellbeing,logistic,c13_selected,uci,uci320__portuguese__fail_g3_lt_10__period1__no_sensitive_wellbeing__logistic,1e77b96a42008b27a548794a1d8b331be850bc712aef634e7263f7a7bd66262d,0.05,34,22,12,0.6470588235294118,0.22,4.199411764705883,False
uci320,portuguese,fail_g3_lt_10,period1,no_sensitive_wellbeing,logistic,c13_selected,uci,uci320__portuguese__fail_g3_lt_10__period1__no_sensitive_wellbeing__logistic,1e77b96a42008b27a548794a1d8b331be850bc712aef634e7263f7a7bd66262d,0.1,66,39,27,0.5909090909090909,0.39,3.8350000000000004,False
uci320,portuguese,fail_g3_lt_10,period1,no_sensitive_wellbeing,logistic,c13_selected,uci,uci320__portuguese__fail_g3_lt_10__period1__no_sensitive_wellbeing__logistic,1e77b96a42008b27a548794a1d8b331be850bc712aef634e7263f7a7bd66262d,0.2,131,62,69,0.4732824427480916,0.62,3.0716030534351146,False
uci320,portuguese,fail_g3_lt_10,period1,no_sensitive_wellbeing,logistic,c13_selected,uci,uci320__portuguese__fail_g3_lt_10__period1__no_sensitive_wellbeing__logistic,1e77b96a42008b27a548794a1d8b331be850bc712aef634e7263f7a7bd66262d,0.3,195,79,116,0.40512820512820513,0.79,2.6292820512820514,False
uci320,portuguese,fail_g3_lt_10,period1,school_observable_only,histgb,c13_selected,uci,uci320__portuguese__fail_g3_lt_10__period1__school_observable_only__histgb,1e77b96a42008b27a548794a1d8b331be850bc712aef634e7263f7a7bd66262d,0.05,34,22,12,0.6470588235294118,0.22,4.199411764705883,False
uci320,portuguese,fail_g3_lt_10,period1,school_observable_only,histgb,c13_selected,uci,uci320__portuguese__fail_g3_lt_10__period1__school_observable_only__histgb,1e77b96a42008b27a548794a1d8b331be850bc712aef634e7263f7a7bd66262d,0.1,66,37,29,0.5606060606060606,0.37,3.638333333333333,False
uci320,portuguese,fail_g3_lt_10,period1,school_observable_only,histgb,c13_selected,uci,uci320__portuguese__fail_g3_lt_10__period1__school_observable_only__histgb,1e77b96a42008b27a548794a1d8b331be850bc712aef634e7263f7a7bd66262d,0.2,131,62,69,0.4732824427480916,0.62,3.0716030534351146,False
uci320,portuguese,fail_g3_lt_10,period1,school_observable_only,histgb,c13_selected,uci,uci320__portuguese__fail_g3_lt_10__period1__school_observable_only__histgb,1e77b96a42008b27a548794a1d8b331be850bc712aef634e7263f7a7bd66262d,0.3,195,78,117,0.4,0.78,2.596,False
uci320,portuguese,fail_g3_lt_10,period1,school_observable_only,logistic,c13_selected,uci,uci320__portuguese__fail_g3_lt_10__period1__school_observable_only__logistic,1e77b96a42008b27a548794a1d8b331be850bc712aef634e7263f7a7bd66262d,0.05,34,23,11,0.6764705882352942,0.23,4.390294117647059,False
uci320,portuguese,fail_g3_lt_10,period1,school_observable_only,logistic,c13_selected,uci,uci320__portuguese__fail_g3_lt_10__period1__school_observable_only__logistic,1e77b96a42008b27a548794a1d8b331be850bc712aef634e7263f7a7bd66262d,0.1,66,39,27,0.5909090909090909,0.39,3.8350000000000004,False
uci320,portuguese,fail_g3_lt_10,period1,school_observable_only,logistic,c13_selected,uci,uci320__portuguese__fail_g3_lt_10__period1__school_observable_only__logistic,1e77b96a42008b27a548794a1d8b331be850bc712aef634e7263f7a7bd66262d,0.2,131,62,69,0.4732824427480916,0.62,3.0716030534351146,False
uci320,portuguese,fail_g3_lt_10,period1,school_observable_only,logistic,c13_selected,uci,uci320__portuguese__fail_g3_lt_10__period1__school_observable_only__logistic,1e77b96a42008b27a548794a1d8b331be850bc712aef634e7263f7a7bd66262d,0.3,195,80,115,0.41025641025641024,0.8,2.6625641025641027,False
uci320,portuguese,fail_g3_lt_10,period1,targeted_no_sex,histgb,c13_selected,uci,uci320__portuguese__fail_g3_lt_10__period1__targeted_no_sex__histgb,1e77b96a42008b27a548794a1d8b331be850bc712aef634e7263f7a7bd66262d,0.05,34,21,13,0.6176470588235294,0.21,4.008529411764706,False
uci320,portuguese,fail_g3_lt_10,period1,targeted_no_sex,histgb,c13_selected,uci,uci320__portuguese__fail_g3_lt_10__period1__targeted_no_sex__histgb,1e77b96a42008b27a548794a1d8b331be850bc712aef634e7263f7a7bd66262d,0.1,66,36,30,0.5454545454545454,0.36,3.54,False
uci320,portuguese,fail_g3_lt_10,period1,targeted_no_sex,histgb,c13_selected,uci,uci320__portuguese__fail_g3_lt_10__period1__targeted_no_sex__histgb,1e77b96a42008b27a548794a1d8b331be850bc712aef634e7263f7a7bd66262d,0.2,131,63,68,0.48091603053435117,0.63,3.1211450381679393,False
uci320,portuguese,fail_g3_lt_10,period1,targeted_no_sex,histgb,c13_selected,uci,uci320__portuguese__fail_g3_lt_10__period1__targeted_no_sex__histgb,1e77b96a42008b27a548794a1d8b331be850bc712aef634e7263f7a7bd66262d,0.3,195,80,115,0.41025641025641024,0.8,2.6625641025641027,False
uci320,portuguese,fail_g3_lt_10,period1,targeted_no_sex,logistic,c13_selected,uci,uci320__portuguese__fail_g3_lt_10__period1__targeted_no_sex__logistic,1e77b96a42008b27a548794a1d8b331be850bc712aef634e7263f7a7bd66262d,0.05,34,23,11,0.6764705882352942,0.23,4.390294117647059,False
uci320,portuguese,fail_g3_lt_10,period1,targeted_no_sex,logistic,c13_selected,uci,uci320__portuguese__fail_g3_lt_10__period1__targeted_no_sex__logistic,1e77b96a42008b27a548794a1d8b331be850bc712aef634e7263f7a7bd66262d,0.1,66,37,29,0.5606060606060606,0.37,3.638333333333333,False
uci320,portuguese,fail_g3_lt_10,period1,targeted_no_sex,logistic,c13_selected,uci,uci320__portuguese__fail_g3_lt_10__period1__targeted_no_sex__logistic,1e77b96a42008b27a548794a1d8b331be850bc712aef634e7263f7a7bd66262d,0.2,131,60,71,0.4580152671755725,0.6,2.9725190839694657,False
uci320,portuguese,fail_g3_lt_10,period1,targeted_no_sex,logistic,c13_selected,uci,uci320__portuguese__fail_g3_lt_10__period1__targeted_no_sex__logistic,1e77b96a42008b27a548794a1d8b331be850bc712aef634e7263f7a7bd66262d,0.3,195,76,119,0.38974358974358975,0.76,2.5294358974358975,False
uci320,portuguese,fail_g3_lt_10,period2,full,histgb,c13_selected,uci,uci320__portuguese__fail_g3_lt_10__period2__full__histgb,1e77b96a42008b27a548794a1d8b331be850bc712aef634e7263f7a7bd66262d,0.05,34,29,5,0.8529411764705882,0.29,5.535588235294118,False
uci320,portuguese,fail_g3_lt_10,period2,full,histgb,c13_selected,uci,uci320__portuguese__fail_g3_lt_10__period2__full__histgb,1e77b96a42008b27a548794a1d8b331be850bc712aef634e7263f7a7bd66262d,0.1,66,48,18,0.7272727272727273,0.48,4.720000000000001,False
uci320,portuguese,fail_g3_lt_10,period2,full,histgb,c13_selected,uci,uci320__portuguese__fail_g3_lt_10__period2__full__histgb,1e77b96a42008b27a548794a1d8b331be850bc712aef634e7263f7a7bd66262d,0.2,131,74,57,0.5648854961832062,0.74,3.666106870229008,False
uci320,portuguese,fail_g3_lt_10,period2,full,histgb,c13_selected,uci,uci320__portuguese__fail_g3_lt_10__period2__full__histgb,1e77b96a42008b27a548794a1d8b331be850bc712aef634e7263f7a7bd66262d,0.3,195,84,111,0.4307692307692308,0.84,2.795692307692308,False
uci320,portuguese,fail_g3_lt_10,period2,full,logistic,c13_selected,uci,uci320__portuguese__fail_g3_lt_10__period2__full__logistic,1e77b96a42008b27a548794a1d8b331be850bc712aef634e7263f7a7bd66262d,0.05,34,29,5,0.8529411764705882,0.29,5.535588235294118,False
uci320,portuguese,fail_g3_lt_10,period2,full,logistic,c13_selected,uci,uci320__portuguese__fail_g3_lt_10__period2__full__logistic,1e77b96a42008b27a548794a1d8b331be850bc712aef634e7263f7a7bd66262d,0.1,66,47,19,0.7121212121212122,0.47,4.621666666666667,False
uci320,portuguese,fail_g3_lt_10,period2,full,logistic,c13_selected,uci,uci320__portuguese__fail_g3_lt_10__period2__full__logistic,1e77b96a42008b27a548794a1d8b331be850bc712aef634e7263f7a7bd66262d,0.2,131,69,62,0.5267175572519084,0.69,3.4183969465648856,False
uci320,portuguese,fail_g3_lt_10,period2,full,logistic,c13_selected,uci,uci320__portuguese__fail_g3_lt_10__period2__full__logistic,1e77b96a42008b27a548794a1d8b331be850bc712aef634e7263f7a7bd66262d,0.3,195,85,110,0.4358974358974359,0.85,2.8289743589743592,False
uci320,portuguese,fail_g3_lt_10,period2,no_demographic_family,histgb,c13_selected,uci,uci320__portuguese__fail_g3_lt_10__period2__no_demographic_family__histgb,1e77b96a42008b27a548794a1d8b331be850bc712aef634e7263f7a7bd66262d,0.05,34,29,5,0.8529411764705882,0.29,5.535588235294118,False
uci320,portuguese,fail_g3_lt_10,period2,no_demographic_family,histgb,c13_selected,uci,uci320__portuguese__fail_g3_lt_10__period2__no_demographic_family__histgb,1e77b96a42008b27a548794a1d8b331be850bc712aef634e7263f7a7bd66262d,0.1,66,47,19,0.7121212121212122,0.47,4.621666666666667,False
uci320,portuguese,fail_g3_lt_10,period2,no_demographic_family,histgb,c13_selected,uci,uci320__portuguese__fail_g3_lt_10__period2__no_demographic_family__histgb,1e77b96a42008b27a548794a1d8b331be850bc712aef634e7263f7a7bd66262d,0.2,131,71,60,0.5419847328244275,0.71,3.5174809160305345,False
uci320,portuguese,fail_g3_lt_10,period2,no_demographic_family,histgb,c13_selected,uci,uci320__portuguese__fail_g3_lt_10__period2__no_demographic_family__histgb,1e77b96a42008b27a548794a1d8b331be850bc712aef634e7263f7a7bd66262d,0.3,195,86,109,0.441025641025641,0.86,2.8622564102564105,False
uci320,portuguese,fail_g3_lt_10,period2,no_demographic_family,logistic,c13_selected,uci,uci320__portuguese__fail_g3_lt_10__period2__no_demographic_family__logistic,1e77b96a42008b27a548794a1d8b331be850bc712aef634e7263f7a7bd66262d,0.05,34,30,4,0.8823529411764706,0.3,5.726470588235294,False
uci320,portuguese,fail_g3_lt_10,period2,no_demographic_family,logistic,c13_selected,uci,uci320__portuguese__fail_g3_lt_10__period2__no_demographic_family__logistic,1e77b96a42008b27a548794a1d8b331be850bc712aef634e7263f7a7bd66262d,0.1,66,46,20,0.696969696969697,0.46,4.523333333333334,False
uci320,portuguese,fail_g3_lt_10,period2,no_demographic_family,logistic,c13_selected,uci,uci320__portuguese__fail_g3_lt_10__period2__no_demographic_family__logistic,1e77b96a42008b27a548794a1d8b331be850bc712aef634e7263f7a7bd66262d,0.2,131,72,59,0.549618320610687,0.72,3.567022900763359,False
uci320,portuguese,fail_g3_lt_10,period2,no_demographic_family,logistic,c13_selected,uci,uci320__portuguese__fail_g3_lt_10__period2__no_demographic_family__logistic,1e77b96a42008b27a548794a1d8b331be850bc712aef634e7263f7a7bd66262d,0.3,195,83,112,0.4256410256410256,0.83,2.7624102564102566,False
uci320,portuguese,fail_g3_lt_10,period2,no_sensitive_wellbeing,histgb,c13_selected,uci,uci320__portuguese__fail_g3_lt_10__period2__no_sensitive_wellbeing__histgb,1e77b96a42008b27a548794a1d8b331be850bc712aef634e7263f7a7bd66262d,0.05,34,31,3,0.9117647058823529,0.31,5.917352941176471,False
uci320,portuguese,fail_g3_lt_10,period2,no_sensitive_wellbeing,histgb,c13_selected,uci,uci320__portuguese__fail_g3_lt_10__period2__no_sensitive_wellbeing__histgb,1e77b96a42008b27a548794a1d8b331be850bc712aef634e7263f7a7bd66262d,0.1,66,48,18,0.7272727272727273,0.48,4.720000000000001,False
uci320,portuguese,fail_g3_lt_10,period2,no_sensitive_wellbeing,histgb,c13_selected,uci,uci320__portuguese__fail_g3_lt_10__period2__no_sensitive_wellbeing__histgb,1e77b96a42008b27a548794a1d8b331be850bc712aef634e7263f7a7bd66262d,0.2,131,73,58,0.5572519083969466,0.73,3.616564885496184,False
uci320,portuguese,fail_g3_lt_10,period2,no_sensitive_wellbeing,histgb,c13_selected,uci,uci320__portuguese__fail_g3_lt_10__period2__no_sensitive_wellbeing__histgb,1e77b96a42008b27a548794a1d8b331be850bc712aef634e7263f7a7bd66262d,0.3,195,83,112,0.4256410256410256,0.83,2.7624102564102566,False
uci320,portuguese,fail_g3_lt_10,period2,no_sensitive_wellbeing,logistic,c13_selected,uci,uci320__portuguese__fail_g3_lt_10__period2__no_sensitive_wellbeing__logistic,1e77b96a42008b27a548794a1d8b331be850bc712aef634e7263f7a7bd66262d,0.05,34,29,5,0.8529411764705882,0.29,5.535588235294118,False
uci320,portuguese,fail_g3_lt_10,period2,no_sensitive_wellbeing,logistic,c13_selected,uci,uci320__portuguese__fail_g3_lt_10__period2__no_sensitive_wellbeing__logistic,1e77b96a42008b27a548794a1d8b331be850bc712aef634e7263f7a7bd66262d,0.1,66,46,20,0.696969696969697,0.46,4.523333333333334,False
uci320,portuguese,fail_g3_lt_10,period2,no_sensitive_wellbeing,logistic,c13_selected,uci,uci320__portuguese__fail_g3_lt_10__period2__no_sensitive_wellbeing__logistic,1e77b96a42008b27a548794a1d8b331be850bc712aef634e7263f7a7bd66262d,0.2,131,71,60,0.5419847328244275,0.71,3.5174809160305345,False
uci320,portuguese,fail_g3_lt_10,period2,no_sensitive_wellbeing,logistic,c13_selected,uci,uci320__portuguese__fail_g3_lt_10__period2__no_sensitive_wellbeing__logistic,1e77b96a42008b27a548794a1d8b331be850bc712aef634e7263f7a7bd66262d,0.3,195,85,110,0.4358974358974359,0.85,2.8289743589743592,False
uci320,portuguese,fail_g3_lt_10,period2,school_observable_only,histgb,c13_selected,uci,uci320__portuguese__fail_g3_lt_10__period2__school_observable_only__histgb,1e77b96a42008b27a548794a1d8b331be850bc712aef634e7263f7a7bd66262d,0.05,34,30,4,0.8823529411764706,0.3,5.726470588235294,False
uci320,portuguese,fail_g3_lt_10,period2,school_observable_only,histgb,c13_selected,uci,uci320__portuguese__fail_g3_lt_10__period2__school_observable_only__histgb,1e77b96a42008b27a548794a1d8b331be850bc712aef634e7263f7a7bd66262d,0.1,66,49,17,0.7424242424242424,0.49,4.818333333333333,False
uci320,portuguese,fail_g3_lt_10,period2,school_observable_only,histgb,c13_selected,uci,uci320__portuguese__fail_g3_lt_10__period2__school_observable_only__histgb,1e77b96a42008b27a548794a1d8b331be850bc712aef634e7263f7a7bd66262d,0.2,131,71,60,0.5419847328244275,0.71,3.5174809160305345,False
uci320,portuguese,fail_g3_lt_10,period2,school_observable_only,histgb,c13_selected,uci,uci320__portuguese__fail_g3_lt_10__period2__school_observable_only__histgb,1e77b96a42008b27a548794a1d8b331be850bc712aef634e7263f7a7bd66262d,0.3,195,85,110,0.4358974358974359,0.85,2.8289743589743592,False
uci320,portuguese,fail_g3_lt_10,period2,school_observable_only,logistic,c13_selected,uci,uci320__portuguese__fail_g3_lt_10__period2__school_observable_only__logistic,1e77b96a42008b27a548794a1d8b331be850bc712aef634e7263f7a7bd66262d,0.05,34,30,4,0.8823529411764706,0.3,5.726470588235294,False
uci320,portuguese,fail_g3_lt_10,period2,school_observable_only,logistic,c13_selected,uci,uci320__portuguese__fail_g3_lt_10__period2__school_observable_only__logistic,1e77b96a42008b27a548794a1d8b331be850bc712aef634e7263f7a7bd66262d,0.1,66,49,17,0.7424242424242424,0.49,4.818333333333333,False
uci320,portuguese,fail_g3_lt_10,period2,school_observable_only,logistic,c13_selected,uci,uci320__portuguese__fail_g3_lt_10__period2__school_observable_only__logistic,1e77b96a42008b27a548794a1d8b331be850bc712aef634e7263f7a7bd66262d,0.2,131,70,61,0.5343511450381679,0.7,3.4679389312977102,False
uci320,portuguese,fail_g3_lt_10,period2,school_observable_only,logistic,c13_selected,uci,uci320__portuguese__fail_g3_lt_10__period2__school_observable_only__logistic,1e77b96a42008b27a548794a1d8b331be850bc712aef634e7263f7a7bd66262d,0.3,195,86,109,0.441025641025641,0.86,2.8622564102564105,False
uci320,portuguese,fail_g3_lt_10,period2,targeted_no_sex,histgb,c13_selected,uci,uci320__portuguese__fail_g3_lt_10__period2__targeted_no_sex__histgb,1e77b96a42008b27a548794a1d8b331be850bc712aef634e7263f7a7bd66262d,0.05,34,30,4,0.8823529411764706,0.3,5.726470588235294,False
uci320,portuguese,fail_g3_lt_10,period2,targeted_no_sex,histgb,c13_selected,uci,uci320__portuguese__fail_g3_lt_10__period2__targeted_no_sex__histgb,1e77b96a42008b27a548794a1d8b331be850bc712aef634e7263f7a7bd66262d,0.1,66,47,19,0.7121212121212122,0.47,4.621666666666667,False
uci320,portuguese,fail_g3_lt_10,period2,targeted_no_sex,histgb,c13_selected,uci,uci320__portuguese__fail_g3_lt_10__period2__targeted_no_sex__histgb,1e77b96a42008b27a548794a1d8b331be850bc712aef634e7263f7a7bd66262d,0.2,131,74,57,0.5648854961832062,0.74,3.666106870229008,False
uci320,portuguese,fail_g3_lt_10,period2,targeted_no_sex,histgb,c13_selected,uci,uci320__portuguese__fail_g3_lt_10__period2__targeted_no_sex__histgb,1e77b96a42008b27a548794a1d8b331be850bc712aef634e7263f7a7bd66262d,0.3,195,85,110,0.4358974358974359,0.85,2.8289743589743592,False
uci320,portuguese,fail_g3_lt_10,period2,targeted_no_sex,logistic,c13_selected,uci,uci320__portuguese__fail_g3_lt_10__period2__targeted_no_sex__logistic,1e77b96a42008b27a548794a1d8b331be850bc712aef634e7263f7a7bd66262d,0.05,34,28,6,0.8235294117647058,0.28,5.344705882352941,False
uci320,portuguese,fail_g3_lt_10,period2,targeted_no_sex,logistic,c13_selected,uci,uci320__portuguese__fail_g3_lt_10__period2__targeted_no_sex__logistic,1e77b96a42008b27a548794a1d8b331be850bc712aef634e7263f7a7bd66262d,0.1,66,47,19,0.7121212121212122,0.47,4.621666666666667,False
uci320,portuguese,fail_g3_lt_10,period2,targeted_no_sex,logistic,c13_selected,uci,uci320__portuguese__fail_g3_lt_10__period2__targeted_no_sex__logistic,1e77b96a42008b27a548794a1d8b331be850bc712aef634e7263f7a7bd66262d,0.2,131,70,61,0.5343511450381679,0.7,3.4679389312977102,False
uci320,portuguese,fail_g3_lt_10,period2,targeted_no_sex,logistic,c13_selected,uci,uci320__portuguese__fail_g3_lt_10__period2__targeted_no_sex__logistic,1e77b96a42008b27a548794a1d8b331be850bc712aef634e7263f7a7bd66262d,0.3,195,84,111,0.4307692307692308,0.84,2.795692307692308,False
uci697,all,dropout_vs_all_other,enrollment,full,histgb,c13_selected,uci,uci697__all__dropout_vs_all_other__enrollment__full__histgb,1e77b96a42008b27a548794a1d8b331be850bc712aef634e7263f7a7bd66262d,0.05,229,212,17,0.925764192139738,0.14919071076706544,2.8821821154301204,False
uci697,all,dropout_vs_all_other,enrollment,full,histgb,c13_selected,uci,uci697__all__dropout_vs_all_other__enrollment__full__histgb,1e77b96a42008b27a548794a1d8b331be850bc712aef634e7263f7a7bd66262d,0.1,450,391,59,0.8688888888888889,0.27515833919774807,2.705112205801861,False
uci697,all,dropout_vs_all_other,enrollment,full,histgb,c13_selected,uci,uci697__all__dropout_vs_all_other__enrollment__full__histgb,1e77b96a42008b27a548794a1d8b331be850bc712aef634e7263f7a7bd66262d,0.2,892,642,250,0.7197309417040358,0.4517945109078114,2.2407386953544366,False
uci697,all,dropout_vs_all_other,enrollment,full,histgb,c13_selected,uci,uci697__all__dropout_vs_all_other__enrollment__full__histgb,1e77b96a42008b27a548794a1d8b331be850bc712aef634e7263f7a7bd66262d,0.3,1334,823,511,0.6169415292353823,0.5791695988740324,1.920724366880599,False
uci697,all,dropout_vs_all_other,enrollment,full,logistic,c13_selected,uci,uci697__all__dropout_vs_all_other__enrollment__full__logistic,1e77b96a42008b27a548794a1d8b331be850bc712aef634e7263f7a7bd66262d,0.05,229,210,19,0.9170305676855895,0.1477832512315271,2.854991718114742,False
uci697,all,dropout_vs_all_other,enrollment,full,logistic,c13_selected,uci,uci697__all__dropout_vs_all_other__enrollment__full__logistic,1e77b96a42008b27a548794a1d8b331be850bc712aef634e7263f7a7bd66262d,0.1,450,381,69,0.8466666666666667,0.2681210415200563,2.635927750410509,False
uci697,all,dropout_vs_all_other,enrollment,full,logistic,c13_selected,uci,uci697__all__dropout_vs_all_other__enrollment__full__logistic,1e77b96a42008b27a548794a1d8b331be850bc712aef634e7263f7a7bd66262d,0.2,892,644,248,0.7219730941704036,0.45320197044334976,2.247719189732488,False
uci697,all,dropout_vs_all_other,enrollment,full,logistic,c13_selected,uci,uci697__all__dropout_vs_all_other__enrollment__full__logistic,1e77b96a42008b27a548794a1d8b331be850bc712aef634e7263f7a7bd66262d,0.3,1334,825,509,0.618440779610195,0.5805770584095707,1.9253919838110503,False
uci697,all,dropout_vs_all_other,enrollment,legacy_operational,histgb,c13_selected,uci,uci697__all__dropout_vs_all_other__enrollment__legacy_operational__histgb,1e77b96a42008b27a548794a1d8b331be850bc712aef634e7263f7a7bd66262d,0.05,229,130,99,0.5676855895196506,0.09148486980999296,1.7673758254996021,False
uci697,all,dropout_vs_all_other,enrollment,legacy_operational,histgb,c13_selected,uci,uci697__all__dropout_vs_all_other__enrollment__legacy_operational__histgb,1e77b96a42008b27a548794a1d8b331be850bc712aef634e7263f7a7bd66262d,0.1,450,238,212,0.5288888888888889,0.16748768472906403,1.6465900383141763,False
uci697,all,dropout_vs_all_other,enrollment,legacy_operational,histgb,c13_selected,uci,uci697__all__dropout_vs_all_other__enrollment__legacy_operational__histgb,1e77b96a42008b27a548794a1d8b331be850bc712aef634e7263f7a7bd66262d,0.2,892,429,463,0.48094170403587444,0.3019000703729768,1.4973160440919835,False
uci697,all,dropout_vs_all_other,enrollment,legacy_operational,histgb,c13_selected,uci,uci697__all__dropout_vs_all_other__enrollment__legacy_operational__histgb,1e77b96a42008b27a548794a1d8b331be850bc712aef634e7263f7a7bd66262d,0.3,1334,605,729,0.4535232383808096,0.4257565095003519,1.4119541214614368,False
uci697,all,dropout_vs_all_other,enrollment,legacy_operational,logistic,c13_selected,uci,uci697__all__dropout_vs_all_other__enrollment__legacy_operational__logistic,1e77b96a42008b27a548794a1d8b331be850bc712aef634e7263f7a7bd66262d,0.05,229,149,80,0.6506550218340611,0.10485573539760731,2.0256845999956976,False
uci697,all,dropout_vs_all_other,enrollment,legacy_operational,logistic,c13_selected,uci,uci697__all__dropout_vs_all_other__enrollment__legacy_operational__logistic,1e77b96a42008b27a548794a1d8b331be850bc712aef634e7263f7a7bd66262d,0.1,450,248,202,0.5511111111111111,0.17452498240675582,1.7157744937055281,False
uci697,all,dropout_vs_all_other,enrollment,legacy_operational,logistic,c13_selected,uci,uci697__all__dropout_vs_all_other__enrollment__legacy_operational__logistic,1e77b96a42008b27a548794a1d8b331be850bc712aef634e7263f7a7bd66262d,0.2,892,406,486,0.4551569506726457,0.2857142857142857,1.4170403587443947,False
uci697,all,dropout_vs_all_other,enrollment,legacy_operational,logistic,c13_selected,uci,uci697__all__dropout_vs_all_other__enrollment__legacy_operational__logistic,1e77b96a42008b27a548794a1d8b331be850bc712aef634e7263f7a7bd66262d,0.3,1334,539,795,0.404047976011994,0.3793103448275862,1.2579227627565528,False
uci697,all,dropout_vs_all_other,enrollment,no_direct_personal,histgb,c13_selected,uci,uci697__all__dropout_vs_all_other__enrollment__no_direct_personal__histgb,1e77b96a42008b27a548794a1d8b331be850bc712aef634e7263f7a7bd66262d,0.05,229,213,16,0.9301310043668122,0.1498944405348346,2.8957773140878094,False
uci697,all,dropout_vs_all_other,enrollment,no_direct_personal,histgb,c13_selected,uci,uci697__all__dropout_vs_all_other__enrollment__no_direct_personal__histgb,1e77b96a42008b27a548794a1d8b331be850bc712aef634e7263f7a7bd66262d,0.1,450,391,59,0.8688888888888889,0.27515833919774807,2.705112205801861,False
uci697,all,dropout_vs_all_other,enrollment,no_direct_personal,histgb,c13_selected,uci,uci697__all__dropout_vs_all_other__enrollment__no_direct_personal__histgb,1e77b96a42008b27a548794a1d8b331be850bc712aef634e7263f7a7bd66262d,0.2,892,641,251,0.718609865470852,0.4510907811400422,2.237248448165411,False
uci697,all,dropout_vs_all_other,enrollment,no_direct_personal,histgb,c13_selected,uci,uci697__all__dropout_vs_all_other__enrollment__no_direct_personal__histgb,1e77b96a42008b27a548794a1d8b331be850bc712aef634e7263f7a7bd66262d,0.3,1334,805,529,0.603448275862069,0.5665024630541872,1.87871581450654,False
uci697,all,dropout_vs_all_other,enrollment,no_direct_personal,logistic,c13_selected,uci,uci697__all__dropout_vs_all_other__enrollment__no_direct_personal__logistic,1e77b96a42008b27a548794a1d8b331be850bc712aef634e7263f7a7bd66262d,0.05,229,213,16,0.9301310043668122,0.1498944405348346,2.8957773140878094,False
uci697,all,dropout_vs_all_other,enrollment,no_direct_personal,logistic,c13_selected,uci,uci697__all__dropout_vs_all_other__enrollment__no_direct_personal__logistic,1e77b96a42008b27a548794a1d8b331be850bc712aef634e7263f7a7bd66262d,0.1,450,378,72,0.84,0.2660098522167488,2.6151724137931036,False
uci697,all,dropout_vs_all_other,enrollment,no_direct_personal,logistic,c13_selected,uci,uci697__all__dropout_vs_all_other__enrollment__no_direct_personal__logistic,1e77b96a42008b27a548794a1d8b331be850bc712aef634e7263f7a7bd66262d,0.2,892,642,250,0.7197309417040358,0.4517945109078114,2.2407386953544366,False
uci697,all,dropout_vs_all_other,enrollment,no_direct_personal,logistic,c13_selected,uci,uci697__all__dropout_vs_all_other__enrollment__no_direct_personal__logistic,1e77b96a42008b27a548794a1d8b331be850bc712aef634e7263f7a7bd66262d,0.3,1334,814,520,0.6101949025487257,0.5728360309641097,1.8997200906935696,False
uci697,all,dropout_vs_all_other,enrollment,no_family_financial,histgb,c13_selected,uci,uci697__all__dropout_vs_all_other__enrollment__no_family_financial__histgb,1e77b96a42008b27a548794a1d8b331be850bc712aef634e7263f7a7bd66262d,0.05,229,164,65,0.7161572052401747,0.11541168191414497,2.2296125798610364,False
uci697,all,dropout_vs_all_other,enrollment,no_family_financial,histgb,c13_selected,uci,uci697__all__dropout_vs_all_other__enrollment__no_family_financial__histgb,1e77b96a42008b27a548794a1d8b331be850bc712aef634e7263f7a7bd66262d,0.1,450,293,157,0.6511111111111111,0.20619282195636876,2.0271045429666117,False
uci697,all,dropout_vs_all_other,enrollment,no_family_financial,histgb,c13_selected,uci,uci697__all__dropout_vs_all_other__enrollment__no_family_financial__histgb,1e77b96a42008b27a548794a1d8b331be850bc712aef634e7263f7a7bd66262d,0.2,892,488,404,0.547085201793722,0.3434201266713582,1.703240628244494,False
uci697,all,dropout_vs_all_other,enrollment,no_family_financial,histgb,c13_selected,uci,uci697__all__dropout_vs_all_other__enrollment__no_family_financial__histgb,1e77b96a42008b27a548794a1d8b331be850bc712aef634e7263f7a7bd66262d,0.3,1334,666,668,0.4992503748125937,0.4686840253342716,1.5543164378401932,False
uci697,all,dropout_vs_all_other,enrollment,no_family_financial,logistic,c13_selected,uci,uci697__all__dropout_vs_all_other__enrollment__no_family_financial__logistic,1e77b96a42008b27a548794a1d8b331be850bc712aef634e7263f7a7bd66262d,0.05,229,160,69,0.6986899563318777,0.11259676284306826,2.1752317852302796,False
uci697,all,dropout_vs_all_other,enrollment,no_family_financial,logistic,c13_selected,uci,uci697__all__dropout_vs_all_other__enrollment__no_family_financial__logistic,1e77b96a42008b27a548794a1d8b331be850bc712aef634e7263f7a7bd66262d,0.1,450,286,164,0.6355555555555555,0.20126671358198453,1.9786754241926656,False
uci697,all,dropout_vs_all_other,enrollment,no_family_financial,logistic,c13_selected,uci,uci697__all__dropout_vs_all_other__enrollment__no_family_financial__logistic,1e77b96a42008b27a548794a1d8b331be850bc712aef634e7263f7a7bd66262d,0.2,892,478,414,0.5358744394618834,0.33638282899366645,1.668338156354238,False
uci697,all,dropout_vs_all_other,enrollment,no_family_financial,logistic,c13_selected,uci,uci697__all__dropout_vs_all_other__enrollment__no_family_financial__logistic,1e77b96a42008b27a548794a1d8b331be850bc712aef634e7263f7a7bd66262d,0.3,1334,643,691,0.48200899550224885,0.4524982406755806,1.5006388431400064,False
uci697,all,dropout_vs_all_other,enrollment,targeted_gender_special_needs,histgb,c13_selected,uci,uci697__all__dropout_vs_all_other__enrollment__targeted_gender_special_needs__histgb,1e77b96a42008b27a548794a1d8b331be850bc712aef634e7263f7a7bd66262d,0.05,229,213,16,0.9301310043668122,0.1498944405348346,2.8957773140878094,False
uci697,all,dropout_vs_all_other,enrollment,targeted_gender_special_needs,histgb,c13_selected,uci,uci697__all__dropout_vs_all_other__enrollment__targeted_gender_special_needs__histgb,1e77b96a42008b27a548794a1d8b331be850bc712aef634e7263f7a7bd66262d,0.1,450,394,56,0.8755555555555555,0.2772695285010556,2.7258675424192664,False
uci697,all,dropout_vs_all_other,enrollment,targeted_gender_special_needs,histgb,c13_selected,uci,uci697__all__dropout_vs_all_other__enrollment__targeted_gender_special_needs__histgb,1e77b96a42008b27a548794a1d8b331be850bc712aef634e7263f7a7bd66262d,0.2,892,637,255,0.7141255605381166,0.4482758620689655,2.223287459409309,False
uci697,all,dropout_vs_all_other,enrollment,targeted_gender_special_needs,histgb,c13_selected,uci,uci697__all__dropout_vs_all_other__enrollment__targeted_gender_special_needs__histgb,1e77b96a42008b27a548794a1d8b331be850bc712aef634e7263f7a7bd66262d,0.3,1334,806,528,0.6041979010494752,0.5672061928219564,1.8810496229717653,False
uci697,all,dropout_vs_all_other,enrollment,targeted_gender_special_needs,logistic,c13_selected,uci,uci697__all__dropout_vs_all_other__enrollment__targeted_gender_special_needs__logistic,1e77b96a42008b27a548794a1d8b331be850bc712aef634e7263f7a7bd66262d,0.05,229,214,15,0.9344978165938864,0.1505981703026038,2.909372512745499,False
uci697,all,dropout_vs_all_other,enrollment,targeted_gender_special_needs,logistic,c13_selected,uci,uci697__all__dropout_vs_all_other__enrollment__targeted_gender_special_needs__logistic,1e77b96a42008b27a548794a1d8b331be850bc712aef634e7263f7a7bd66262d,0.1,450,382,68,0.8488888888888889,0.26882477128782545,2.6428461959496445,False
uci697,all,dropout_vs_all_other,enrollment,targeted_gender_special_needs,logistic,c13_selected,uci,uci697__all__dropout_vs_all_other__enrollment__targeted_gender_special_needs__logistic,1e77b96a42008b27a548794a1d8b331be850bc712aef634e7263f7a7bd66262d,0.2,892,639,253,0.7163677130044843,0.44968332160450386,2.23026795378736,False
uci697,all,dropout_vs_all_other,enrollment,targeted_gender_special_needs,logistic,c13_selected,uci,uci697__all__dropout_vs_all_other__enrollment__targeted_gender_special_needs__logistic,1e77b96a42008b27a548794a1d8b331be850bc712aef634e7263f7a7bd66262d,0.3,1334,811,523,0.6079460269865068,0.5707248416608023,1.8927186652978931,False
uci697,all,dropout_vs_all_other,semester1,full,histgb,c13_selected,uci,uci697__all__dropout_vs_all_other__semester1__full__histgb,1e77b96a42008b27a548794a1d8b331be850bc712aef634e7263f7a7bd66262d,0.05,229,222,7,0.9694323144104804,0.1562280084447572,3.018134102007013,False
uci697,all,dropout_vs_all_other,semester1,full,histgb,c13_selected,uci,uci697__all__dropout_vs_all_other__semester1__full__histgb,1e77b96a42008b27a548794a1d8b331be850bc712aef634e7263f7a7bd66262d,0.1,450,427,23,0.9488888888888889,0.30049261083743845,2.954176245210728,False
uci697,all,dropout_vs_all_other,semester1,full,histgb,c13_selected,uci,uci697__all__dropout_vs_all_other__semester1__full__histgb,1e77b96a42008b27a548794a1d8b331be850bc712aef634e7263f7a7bd66262d,0.2,892,743,149,0.8329596412556054,0.5228712174524982,2.5932536614460227,False
uci697,all,dropout_vs_all_other,semester1,full,histgb,c13_selected,uci,uci697__all__dropout_vs_all_other__semester1__full__histgb,1e77b96a42008b27a548794a1d8b331be850bc712aef634e7263f7a7bd66262d,0.3,1334,965,369,0.7233883058470765,0.6790992258972555,2.2521251689426225,False
uci697,all,dropout_vs_all_other,semester1,full,logistic,c13_selected,uci,uci697__all__dropout_vs_all_other__semester1__full__logistic,1e77b96a42008b27a548794a1d8b331be850bc712aef634e7263f7a7bd66262d,0.05,229,223,6,0.9737991266375546,0.1569317382125264,3.0317293006647024,False
uci697,all,dropout_vs_all_other,semester1,full,logistic,c13_selected,uci,uci697__all__dropout_vs_all_other__semester1__full__logistic,1e77b96a42008b27a548794a1d8b331be850bc712aef634e7263f7a7bd66262d,0.1,450,428,22,0.9511111111111111,0.3011963406052076,2.961094690749863,False
uci697,all,dropout_vs_all_other,semester1,full,logistic,c13_selected,uci,uci697__all__dropout_vs_all_other__semester1__full__logistic,1e77b96a42008b27a548794a1d8b331be850bc712aef634e7263f7a7bd66262d,0.2,892,747,145,0.8374439461883408,0.525686136523575,2.6072146502021254,False
uci697,all,dropout_vs_all_other,semester1,full,logistic,c13_selected,uci,uci697__all__dropout_vs_all_other__semester1__full__logistic,1e77b96a42008b27a548794a1d8b331be850bc712aef634e7263f7a7bd66262d,0.3,1334,972,362,0.7286356821589205,0.6840253342716397,2.2684618281992006,False
uci697,all,dropout_vs_all_other,semester1,legacy_operational,histgb,c13_selected,uci,uci697__all__dropout_vs_all_other__semester1__legacy_operational__histgb,1e77b96a42008b27a548794a1d8b331be850bc712aef634e7263f7a7bd66262d,0.05,229,217,12,0.9475982532751092,0.15270935960591134,2.9501581087185667,False
uci697,all,dropout_vs_all_other,semester1,legacy_operational,histgb,c13_selected,uci,uci697__all__dropout_vs_all_other__semester1__legacy_operational__histgb,1e77b96a42008b27a548794a1d8b331be850bc712aef634e7263f7a7bd66262d,0.1,450,400,50,0.8888888888888888,0.28149190710767064,2.7673782156540776,False
uci697,all,dropout_vs_all_other,semester1,legacy_operational,histgb,c13_selected,uci,uci697__all__dropout_vs_all_other__semester1__legacy_operational__histgb,1e77b96a42008b27a548794a1d8b331be850bc712aef634e7263f7a7bd66262d,0.2,892,682,210,0.7645739910313901,0.47994370161857847,2.380348582915461,False
uci697,all,dropout_vs_all_other,semester1,legacy_operational,histgb,c13_selected,uci,uci697__all__dropout_vs_all_other__semester1__legacy_operational__histgb,1e77b96a42008b27a548794a1d8b331be850bc712aef634e7263f7a7bd66262d,0.3,1334,889,445,0.6664167916041979,0.625615763546798,2.074755725585483,False
uci697,all,dropout_vs_all_other,semester1,legacy_operational,logistic,c13_selected,uci,uci697__all__dropout_vs_all_other__semester1__legacy_operational__logistic,1e77b96a42008b27a548794a1d8b331be850bc712aef634e7263f7a7bd66262d,0.05,229,216,13,0.9432314410480349,0.15200562983814214,2.936562910060877,False
uci697,all,dropout_vs_all_other,semester1,legacy_operational,logistic,c13_selected,uci,uci697__all__dropout_vs_all_other__semester1__legacy_operational__logistic,1e77b96a42008b27a548794a1d8b331be850bc712aef634e7263f7a7bd66262d,0.1,450,401,49,0.8911111111111111,0.2821956368754398,2.7742966611932127,False
uci697,all,dropout_vs_all_other,semester1,legacy_operational,logistic,c13_selected,uci,uci697__all__dropout_vs_all_other__semester1__legacy_operational__logistic,1e77b96a42008b27a548794a1d8b331be850bc712aef634e7263f7a7bd66262d,0.2,892,690,202,0.773542600896861,0.48557353976073186,2.408270560427666,False
uci697,all,dropout_vs_all_other,semester1,legacy_operational,logistic,c13_selected,uci,uci697__all__dropout_vs_all_other__semester1__legacy_operational__logistic,1e77b96a42008b27a548794a1d8b331be850bc712aef634e7263f7a7bd66262d,0.3,1334,890,444,0.6671664167916042,0.6263194933145672,2.0770895340507085,False
uci697,all,dropout_vs_all_other,semester1,no_direct_personal,histgb,c13_selected,uci,uci697__all__dropout_vs_all_other__semester1__no_direct_personal__histgb,1e77b96a42008b27a548794a1d8b331be850bc712aef634e7263f7a7bd66262d,0.05,229,223,6,0.9737991266375546,0.1569317382125264,3.0317293006647024,False
uci697,all,dropout_vs_all_other,semester1,no_direct_personal,histgb,c13_selected,uci,uci697__all__dropout_vs_all_other__semester1__no_direct_personal__histgb,1e77b96a42008b27a548794a1d8b331be850bc712aef634e7263f7a7bd66262d,0.1,450,427,23,0.9488888888888889,0.30049261083743845,2.954176245210728,False
uci697,all,dropout_vs_all_other,semester1,no_direct_personal,histgb,c13_selected,uci,uci697__all__dropout_vs_all_other__semester1__no_direct_personal__histgb,1e77b96a42008b27a548794a1d8b331be850bc712aef634e7263f7a7bd66262d,0.2,892,738,154,0.827354260089686,0.5193525686136523,2.5758024255008944,False
uci697,all,dropout_vs_all_other,semester1,no_direct_personal,histgb,c13_selected,uci,uci697__all__dropout_vs_all_other__semester1__no_direct_personal__histgb,1e77b96a42008b27a548794a1d8b331be850bc712aef634e7263f7a7bd66262d,0.3,1334,956,378,0.7166416791604198,0.6727656579873329,2.2311208927555928,False
uci697,all,dropout_vs_all_other,semester1,no_direct_personal,logistic,c13_selected,uci,uci697__all__dropout_vs_all_other__semester1__no_direct_personal__logistic,1e77b96a42008b27a548794a1d8b331be850bc712aef634e7263f7a7bd66262d,0.05,229,223,6,0.9737991266375546,0.1569317382125264,3.0317293006647024,False
uci697,all,dropout_vs_all_other,semester1,no_direct_personal,logistic,c13_selected,uci,uci697__all__dropout_vs_all_other__semester1__no_direct_personal__logistic,1e77b96a42008b27a548794a1d8b331be850bc712aef634e7263f7a7bd66262d,0.1,450,426,24,0.9466666666666667,0.2997888810696692,2.947257799671593,False
uci697,all,dropout_vs_all_other,semester1,no_direct_personal,logistic,c13_selected,uci,uci697__all__dropout_vs_all_other__semester1__no_direct_personal__logistic,1e77b96a42008b27a548794a1d8b331be850bc712aef634e7263f7a7bd66262d,0.2,892,742,150,0.8318385650224215,0.5221674876847291,2.589763414256997,False
uci697,all,dropout_vs_all_other,semester1,no_direct_personal,logistic,c13_selected,uci,uci697__all__dropout_vs_all_other__semester1__no_direct_personal__logistic,1e77b96a42008b27a548794a1d8b331be850bc712aef634e7263f7a7bd66262d,0.3,1334,966,368,0.7241379310344828,0.6798029556650246,2.254458977407848,False
uci697,all,dropout_vs_all_other,semester1,no_family_financial,histgb,c13_selected,uci,uci697__all__dropout_vs_all_other__semester1__no_family_financial__histgb,1e77b96a42008b27a548794a1d8b331be850bc712aef634e7263f7a7bd66262d,0.05,229,220,9,0.9606986899563319,0.15482054890921887,2.9909437046916345,False
uci697,all,dropout_vs_all_other,semester1,no_family_financial,histgb,c13_selected,uci,uci697__all__dropout_vs_all_other__semester1__no_family_financial__histgb,1e77b96a42008b27a548794a1d8b331be850bc712aef634e7263f7a7bd66262d,0.1,450,403,47,0.8955555555555555,0.2836030964109782,2.7881335522714834,False
uci697,all,dropout_vs_all_other,semester1,no_family_financial,histgb,c13_selected,uci,uci697__all__dropout_vs_all_other__semester1__no_family_financial__histgb,1e77b96a42008b27a548794a1d8b331be850bc712aef634e7263f7a7bd66262d,0.2,892,696,196,0.7802690582959642,0.4897959183673469,2.4292120435618196,False
uci697,all,dropout_vs_all_other,semester1,no_family_financial,histgb,c13_selected,uci,uci697__all__dropout_vs_all_other__semester1__no_family_financial__histgb,1e77b96a42008b27a548794a1d8b331be850bc712aef634e7263f7a7bd66262d,0.3,1334,900,434,0.6746626686656672,0.633356790992259,2.100427618702964,False
uci697,all,dropout_vs_all_other,semester1,no_family_financial,logistic,c13_selected,uci,uci697__all__dropout_vs_all_other__semester1__no_family_financial__logistic,1e77b96a42008b27a548794a1d8b331be850bc712aef634e7263f7a7bd66262d,0.05,229,215,14,0.9388646288209607,0.15130190007037297,2.922967711403188,False
uci697,all,dropout_vs_all_other,semester1,no_family_financial,logistic,c13_selected,uci,uci697__all__dropout_vs_all_other__semester1__no_family_financial__logistic,1e77b96a42008b27a548794a1d8b331be850bc712aef634e7263f7a7bd66262d,0.1,450,409,41,0.9088888888888889,0.28782547501759326,2.8296442255062946,False
uci697,all,dropout_vs_all_other,semester1,no_family_financial,logistic,c13_selected,uci,uci697__all__dropout_vs_all_other__semester1__no_family_financial__logistic,1e77b96a42008b27a548794a1d8b331be850bc712aef634e7263f7a7bd66262d,0.2,892,710,182,0.7959641255605381,0.4996481351161154,2.478075504208178,False
uci697,all,dropout_vs_all_other,semester1,no_family_financial,logistic,c13_selected,uci,uci697__all__dropout_vs_all_other__semester1__no_family_financial__logistic,1e77b96a42008b27a548794a1d8b331be850bc712aef634e7263f7a7bd66262d,0.3,1334,896,438,0.671664167916042,0.6305418719211823,2.091092384842062,False
uci697,all,dropout_vs_all_other,semester1,targeted_gender_special_needs,histgb,c13_selected,uci,uci697__all__dropout_vs_all_other__semester1__targeted_gender_special_needs__histgb,1e77b96a42008b27a548794a1d8b331be850bc712aef634e7263f7a7bd66262d,0.05,229,223,6,0.9737991266375546,0.1569317382125264,3.0317293006647024,False
uci697,all,dropout_vs_all_other,semester1,targeted_gender_special_needs,histgb,c13_selected,uci,uci697__all__dropout_vs_all_other__semester1__targeted_gender_special_needs__histgb,1e77b96a42008b27a548794a1d8b331be850bc712aef634e7263f7a7bd66262d,0.1,450,429,21,0.9533333333333334,0.3019000703729768,2.9680131362889988,False
uci697,all,dropout_vs_all_other,semester1,targeted_gender_special_needs,histgb,c13_selected,uci,uci697__all__dropout_vs_all_other__semester1__targeted_gender_special_needs__histgb,1e77b96a42008b27a548794a1d8b331be850bc712aef634e7263f7a7bd66262d,0.2,892,738,154,0.827354260089686,0.5193525686136523,2.5758024255008944,False
uci697,all,dropout_vs_all_other,semester1,targeted_gender_special_needs,histgb,c13_selected,uci,uci697__all__dropout_vs_all_other__semester1__targeted_gender_special_needs__histgb,1e77b96a42008b27a548794a1d8b331be850bc712aef634e7263f7a7bd66262d,0.3,1334,958,376,0.7181409295352323,0.6741731175228712,2.2357885096860435,False
uci697,all,dropout_vs_all_other,semester1,targeted_gender_special_needs,logistic,c13_selected,uci,uci697__all__dropout_vs_all_other__semester1__targeted_gender_special_needs__logistic,1e77b96a42008b27a548794a1d8b331be850bc712aef634e7263f7a7bd66262d,0.05,229,222,7,0.9694323144104804,0.1562280084447572,3.018134102007013,False
uci697,all,dropout_vs_all_other,semester1,targeted_gender_special_needs,logistic,c13_selected,uci,uci697__all__dropout_vs_all_other__semester1__targeted_gender_special_needs__logistic,1e77b96a42008b27a548794a1d8b331be850bc712aef634e7263f7a7bd66262d,0.1,450,428,22,0.9511111111111111,0.3011963406052076,2.961094690749863,False
uci697,all,dropout_vs_all_other,semester1,targeted_gender_special_needs,logistic,c13_selected,uci,uci697__all__dropout_vs_all_other__semester1__targeted_gender_special_needs__logistic,1e77b96a42008b27a548794a1d8b331be850bc712aef634e7263f7a7bd66262d,0.2,892,746,146,0.8363228699551569,0.5249824067558058,2.6037244030130995,False
uci697,all,dropout_vs_all_other,semester1,targeted_gender_special_needs,logistic,c13_selected,uci,uci697__all__dropout_vs_all_other__semester1__targeted_gender_special_needs__logistic,1e77b96a42008b27a548794a1d8b331be850bc712aef634e7263f7a7bd66262d,0.3,1334,968,366,0.7256371814092953,0.681210415200563,2.2591265943382988,False
uci697,all,dropout_vs_graduate,enrollment,full,histgb,c13_selected,uci,uci697__all__dropout_vs_graduate__enrollment__full__histgb,1e77b96a42008b27a548794a1d8b331be850bc712aef634e7263f7a7bd66262d,0.05,189,184,5,0.9735449735449735,0.1294862772695285,2.486958658668722,False
uci697,all,dropout_vs_graduate,enrollment,full,histgb,c13_selected,uci,uci697__all__dropout_vs_graduate__enrollment__full__histgb,1e77b96a42008b27a548794a1d8b331be850bc712aef634e7263f7a7bd66262d,0.1,371,338,33,0.9110512129380054,0.2378606615059817,2.327315906379282,False
uci697,all,dropout_vs_graduate,enrollment,full,histgb,c13_selected,uci,uci697__all__dropout_vs_graduate__enrollment__full__histgb,1e77b96a42008b27a548794a1d8b331be850bc712aef634e7263f7a7bd66262d,0.2,733,573,160,0.781718963165075,0.4032371569317382,1.996931623004379,False
uci697,all,dropout_vs_graduate,enrollment,full,histgb,c13_selected,uci,uci697__all__dropout_vs_graduate__enrollment__full__histgb,1e77b96a42008b27a548794a1d8b331be850bc712aef634e7263f7a7bd66262d,0.3,1096,766,330,0.698905109489051,0.5390570021111893,1.7853803993281177,False
uci697,all,dropout_vs_graduate,enrollment,full,logistic,c13_selected,uci,uci697__all__dropout_vs_graduate__enrollment__full__logistic,1e77b96a42008b27a548794a1d8b331be850bc712aef634e7263f7a7bd66262d,0.05,189,182,7,0.9629629629629629,0.12807881773399016,2.4599264993353662,False
uci697,all,dropout_vs_graduate,enrollment,full,logistic,c13_selected,uci,uci697__all__dropout_vs_graduate__enrollment__full__logistic,1e77b96a42008b27a548794a1d8b331be850bc712aef634e7263f7a7bd66262d,0.1,371,340,31,0.9164420485175202,0.23926812104152007,2.341087006417029,False
uci697,all,dropout_vs_graduate,enrollment,full,logistic,c13_selected,uci,uci697__all__dropout_vs_graduate__enrollment__full__logistic,1e77b96a42008b27a548794a1d8b331be850bc712aef634e7263f7a7bd66262d,0.2,733,582,151,0.7939972714870396,0.4095707248416608,2.028297041166751,False
uci697,all,dropout_vs_graduate,enrollment,full,logistic,c13_selected,uci,uci697__all__dropout_vs_graduate__enrollment__full__logistic,1e77b96a42008b27a548794a1d8b331be850bc712aef634e7263f7a7bd66262d,0.3,1096,770,326,0.7025547445255474,0.541871921182266,1.7947035345726512,False
uci697,all,dropout_vs_graduate,enrollment,legacy_operational,histgb,c13_selected,uci,uci697__all__dropout_vs_graduate__enrollment__legacy_operational__histgb,1e77b96a42008b27a548794a1d8b331be850bc712aef634e7263f7a7bd66262d,0.05,189,118,71,0.6243386243386243,0.08304011259676285,1.5948974006679846,False
uci697,all,dropout_vs_graduate,enrollment,legacy_operational,histgb,c13_selected,uci,uci697__all__dropout_vs_graduate__enrollment__legacy_operational__histgb,1e77b96a42008b27a548794a1d8b331be850bc712aef634e7263f7a7bd66262d,0.1,371,217,154,0.5849056603773585,0.15270935960591134,1.4941643540955745,False
uci697,all,dropout_vs_graduate,enrollment,legacy_operational,histgb,c13_selected,uci,uci697__all__dropout_vs_graduate__enrollment__legacy_operational__histgb,1e77b96a42008b27a548794a1d8b331be850bc712aef634e7263f7a7bd66262d,0.2,733,409,324,0.557980900409277,0.28782547501759326,1.4253840031567033,False
uci697,all,dropout_vs_graduate,enrollment,legacy_operational,histgb,c13_selected,uci,uci697__all__dropout_vs_graduate__enrollment__legacy_operational__histgb,1e77b96a42008b27a548794a1d8b331be850bc712aef634e7263f7a7bd66262d,0.3,1096,569,527,0.5191605839416058,0.4004222378606615,1.326215988534855,False
uci697,all,dropout_vs_graduate,enrollment,legacy_operational,logistic,c13_selected,uci,uci697__all__dropout_vs_graduate__enrollment__legacy_operational__logistic,1e77b96a42008b27a548794a1d8b331be850bc712aef634e7263f7a7bd66262d,0.05,189,125,64,0.6613756613756614,0.08796622097114708,1.6895099583347297,False
uci697,all,dropout_vs_graduate,enrollment,legacy_operational,logistic,c13_selected,uci,uci697__all__dropout_vs_graduate__enrollment__legacy_operational__logistic,1e77b96a42008b27a548794a1d8b331be850bc712aef634e7263f7a7bd66262d,0.1,371,217,154,0.5849056603773585,0.15270935960591134,1.4941643540955745,False
uci697,all,dropout_vs_graduate,enrollment,legacy_operational,logistic,c13_selected,uci,uci697__all__dropout_vs_graduate__enrollment__legacy_operational__logistic,1e77b96a42008b27a548794a1d8b331be850bc712aef634e7263f7a7bd66262d,0.2,733,381,352,0.519781718963165,0.2681210415200563,1.3278027022071,False
uci697,all,dropout_vs_graduate,enrollment,legacy_operational,logistic,c13_selected,uci,uci697__all__dropout_vs_graduate__enrollment__legacy_operational__logistic,1e77b96a42008b27a548794a1d8b331be850bc712aef634e7263f7a7bd66262d,0.3,1096,540,556,0.4927007299270073,0.3800140745953554,1.2586232580119892,False
uci697,all,dropout_vs_graduate,enrollment,loo__age_at_enrollment,histgb,c13_selected,uci,uci697__all__dropout_vs_graduate__enrollment__loo__age_at_enrollment__histgb,1e77b96a42008b27a548794a1d8b331be850bc712aef634e7263f7a7bd66262d,0.05,189,183,6,0.9682539682539683,0.12878254750175933,2.473442579002044,True
uci697,all,dropout_vs_graduate,enrollment,loo__age_at_enrollment,histgb,c13_selected,uci,uci697__all__dropout_vs_graduate__enrollment__loo__age_at_enrollment__histgb,1e77b96a42008b27a548794a1d8b331be850bc712aef634e7263f7a7bd66262d,0.1,371,338,33,0.9110512129380054,0.2378606615059817,2.327315906379282,True
uci697,all,dropout_vs_graduate,enrollment,loo__age_at_enrollment,histgb,c13_selected,uci,uci697__all__dropout_vs_graduate__enrollment__loo__age_at_enrollment__histgb,1e77b96a42008b27a548794a1d8b331be850bc712aef634e7263f7a7bd66262d,0.2,733,574,159,0.7830832196452933,0.4039408866995074,2.0004166694668646,True
uci697,all,dropout_vs_graduate,enrollment,loo__age_at_enrollment,histgb,c13_selected,uci,uci697__all__dropout_vs_graduate__enrollment__loo__age_at_enrollment__histgb,1e77b96a42008b27a548794a1d8b331be850bc712aef634e7263f7a7bd66262d,0.3,1096,761,335,0.6943430656934306,0.5355383532723434,1.7737264802724513,True
uci697,all,dropout_vs_graduate,enrollment,loo__displaced,histgb,c13_selected,uci,uci697__all__dropout_vs_graduate__enrollment__loo__displaced__histgb,1e77b96a42008b27a548794a1d8b331be850bc712aef634e7263f7a7bd66262d,0.05,189,184,5,0.9735449735449735,0.1294862772695285,2.486958658668722,True
uci697,all,dropout_vs_graduate,enrollment,loo__displaced,histgb,c13_selected,uci,uci697__all__dropout_vs_graduate__enrollment__loo__displaced__histgb,1e77b96a42008b27a548794a1d8b331be850bc712aef634e7263f7a7bd66262d,0.1,371,340,31,0.9164420485175202,0.23926812104152007,2.341087006417029,True
uci697,all,dropout_vs_graduate,enrollment,loo__displaced,histgb,c13_selected,uci,uci697__all__dropout_vs_graduate__enrollment__loo__displaced__histgb,1e77b96a42008b27a548794a1d8b331be850bc712aef634e7263f7a7bd66262d,0.2,733,578,155,0.7885402455661664,0.4067558057705841,2.014356855316808,True
uci697,all,dropout_vs_graduate,enrollment,loo__displaced,histgb,c13_selected,uci,uci697__all__dropout_vs_graduate__enrollment__loo__displaced__histgb,1e77b96a42008b27a548794a1d8b331be850bc712aef634e7263f7a7bd66262d,0.3,1096,761,335,0.6943430656934306,0.5355383532723434,1.7737264802724513,True
uci697,all,dropout_vs_graduate,enrollment,loo__educational_special_needs,histgb,c13_selected,uci,uci697__all__dropout_vs_graduate__enrollment__loo__educational_special_needs__histgb,1e77b96a42008b27a548794a1d8b331be850bc712aef634e7263f7a7bd66262d,0.05,189,184,5,0.9735449735449735,0.1294862772695285,2.486958658668722,True
uci697,all,dropout_vs_graduate,enrollment,loo__educational_special_needs,histgb,c13_selected,uci,uci697__all__dropout_vs_graduate__enrollment__loo__educational_special_needs__histgb,1e77b96a42008b27a548794a1d8b331be850bc712aef634e7263f7a7bd66262d,0.1,371,339,32,0.9137466307277629,0.23856439127375087,2.3342014563981555,True
uci697,all,dropout_vs_graduate,enrollment,loo__educational_special_needs,histgb,c13_selected,uci,uci697__all__dropout_vs_graduate__enrollment__loo__educational_special_needs__histgb,1e77b96a42008b27a548794a1d8b331be850bc712aef634e7263f7a7bd66262d,0.2,733,572,161,0.7803547066848567,0.40253342716396906,1.993446576541893,True
uci697,all,dropout_vs_graduate,enrollment,loo__educational_special_needs,histgb,c13_selected,uci,uci697__all__dropout_vs_graduate__enrollment__loo__educational_special_needs__histgb,1e77b96a42008b27a548794a1d8b331be850bc712aef634e7263f7a7bd66262d,0.3,1096,764,332,0.6970802919708029,0.5376495425756509,1.780718831705851,True
uci697,all,dropout_vs_graduate,enrollment,loo__gender,histgb,c13_selected,uci,uci697__all__dropout_vs_graduate__enrollment__loo__gender__histgb,1e77b96a42008b27a548794a1d8b331be850bc712aef634e7263f7a7bd66262d,0.05,189,183,6,0.9682539682539683,0.12878254750175933,2.473442579002044,True
uci697,all,dropout_vs_graduate,enrollment,loo__gender,histgb,c13_selected,uci,uci697__all__dropout_vs_graduate__enrollment__loo__gender__histgb,1e77b96a42008b27a548794a1d8b331be850bc712aef634e7263f7a7bd66262d,0.1,371,341,30,0.9191374663072777,0.23997185080928923,2.3479725564359026,True
uci697,all,dropout_vs_graduate,enrollment,loo__gender,histgb,c13_selected,uci,uci697__all__dropout_vs_graduate__enrollment__loo__gender__histgb,1e77b96a42008b27a548794a1d8b331be850bc712aef634e7263f7a7bd66262d,0.2,733,573,160,0.781718963165075,0.4032371569317382,1.996931623004379,True
uci697,all,dropout_vs_graduate,enrollment,loo__gender,histgb,c13_selected,uci,uci697__all__dropout_vs_graduate__enrollment__loo__gender__histgb,1e77b96a42008b27a548794a1d8b331be850bc712aef634e7263f7a7bd66262d,0.3,1096,754,342,0.6879562043795621,0.5306122448979592,1.7574109935945181,True
uci697,all,dropout_vs_graduate,enrollment,loo__international,histgb,c13_selected,uci,uci697__all__dropout_vs_graduate__enrollment__loo__international__histgb,1e77b96a42008b27a548794a1d8b331be850bc712aef634e7263f7a7bd66262d,0.05,189,184,5,0.9735449735449735,0.1294862772695285,2.486958658668722,True
uci697,all,dropout_vs_graduate,enrollment,loo__international,histgb,c13_selected,uci,uci697__all__dropout_vs_graduate__enrollment__loo__international__histgb,1e77b96a42008b27a548794a1d8b331be850bc712aef634e7263f7a7bd66262d,0.1,371,338,33,0.9110512129380054,0.2378606615059817,2.327315906379282,True
uci697,all,dropout_vs_graduate,enrollment,loo__international,histgb,c13_selected,uci,uci697__all__dropout_vs_graduate__enrollment__loo__international__histgb,1e77b96a42008b27a548794a1d8b331be850bc712aef634e7263f7a7bd66262d,0.2,733,573,160,0.781718963165075,0.4032371569317382,1.996931623004379,True
uci697,all,dropout_vs_graduate,enrollment,loo__international,histgb,c13_selected,uci,uci697__all__dropout_vs_graduate__enrollment__loo__international__histgb,1e77b96a42008b27a548794a1d8b331be850bc712aef634e7263f7a7bd66262d,0.3,1096,766,330,0.698905109489051,0.5390570021111893,1.7853803993281177,True
uci697,all,dropout_vs_graduate,enrollment,loo__marital_status,histgb,c13_selected,uci,uci697__all__dropout_vs_graduate__enrollment__loo__marital_status__histgb,1e77b96a42008b27a548794a1d8b331be850bc712aef634e7263f7a7bd66262d,0.05,189,185,4,0.9788359788359788,0.1301900070372977,2.5004747383354,True
uci697,all,dropout_vs_graduate,enrollment,loo__marital_status,histgb,c13_selected,uci,uci697__all__dropout_vs_graduate__enrollment__loo__marital_status__histgb,1e77b96a42008b27a548794a1d8b331be850bc712aef634e7263f7a7bd66262d,0.1,371,338,33,0.9110512129380054,0.2378606615059817,2.327315906379282,True
uci697,all,dropout_vs_graduate,enrollment,loo__marital_status,histgb,c13_selected,uci,uci697__all__dropout_vs_graduate__enrollment__loo__marital_status__histgb,1e77b96a42008b27a548794a1d8b331be850bc712aef634e7263f7a7bd66262d,0.2,733,580,153,0.791268758526603,0.40816326530612246,2.02132694824178,True
uci697,all,dropout_vs_graduate,enrollment,loo__marital_status,histgb,c13_selected,uci,uci697__all__dropout_vs_graduate__enrollment__loo__marital_status__histgb,1e77b96a42008b27a548794a1d8b331be850bc712aef634e7263f7a7bd66262d,0.3,1096,760,336,0.6934306569343066,0.5348346235045742,1.771395696461318,True
uci697,all,dropout_vs_graduate,enrollment,loo__nacionality,histgb,c13_selected,uci,uci697__all__dropout_vs_graduate__enrollment__loo__nacionality__histgb,1e77b96a42008b27a548794a1d8b331be850bc712aef634e7263f7a7bd66262d,0.05,189,184,5,0.9735449735449735,0.1294862772695285,2.486958658668722,True
uci697,all,dropout_vs_graduate,enrollment,loo__nacionality,histgb,c13_selected,uci,uci697__all__dropout_vs_graduate__enrollment__loo__nacionality__histgb,1e77b96a42008b27a548794a1d8b331be850bc712aef634e7263f7a7bd66262d,0.1,371,338,33,0.9110512129380054,0.2378606615059817,2.327315906379282,True
uci697,all,dropout_vs_graduate,enrollment,loo__nacionality,histgb,c13_selected,uci,uci697__all__dropout_vs_graduate__enrollment__loo__nacionality__histgb,1e77b96a42008b27a548794a1d8b331be850bc712aef634e7263f7a7bd66262d,0.2,733,573,160,0.781718963165075,0.4032371569317382,1.996931623004379,True
uci697,all,dropout_vs_graduate,enrollment,loo__nacionality,histgb,c13_selected,uci,uci697__all__dropout_vs_graduate__enrollment__loo__nacionality__histgb,1e77b96a42008b27a548794a1d8b331be850bc712aef634e7263f7a7bd66262d,0.3,1096,766,330,0.698905109489051,0.5390570021111893,1.7853803993281177,True
uci697,all,dropout_vs_graduate,enrollment,no_direct_personal,histgb,c13_selected,uci,uci697__all__dropout_vs_graduate__enrollment__no_direct_personal__histgb,1e77b96a42008b27a548794a1d8b331be850bc712aef634e7263f7a7bd66262d,0.05,189,182,7,0.9629629629629629,0.12807881773399016,2.4599264993353662,False
uci697,all,dropout_vs_graduate,enrollment,no_direct_personal,histgb,c13_selected,uci,uci697__all__dropout_vs_graduate__enrollment__no_direct_personal__histgb,1e77b96a42008b27a548794a1d8b331be850bc712aef634e7263f7a7bd66262d,0.1,371,336,35,0.9056603773584906,0.23645320197044334,2.3135448063415347,False
uci697,all,dropout_vs_graduate,enrollment,no_direct_personal,histgb,c13_selected,uci,uci697__all__dropout_vs_graduate__enrollment__no_direct_personal__histgb,1e77b96a42008b27a548794a1d8b331be850bc712aef634e7263f7a7bd66262d,0.2,733,572,161,0.7803547066848567,0.40253342716396906,1.993446576541893,False
uci697,all,dropout_vs_graduate,enrollment,no_direct_personal,histgb,c13_selected,uci,uci697__all__dropout_vs_graduate__enrollment__no_direct_personal__histgb,1e77b96a42008b27a548794a1d8b331be850bc712aef634e7263f7a7bd66262d,0.3,1096,755,341,0.6888686131386861,0.5313159746657283,1.7597417774056512,False
uci697,all,dropout_vs_graduate,enrollment,no_direct_personal,logistic,c13_selected,uci,uci697__all__dropout_vs_graduate__enrollment__no_direct_personal__logistic,1e77b96a42008b27a548794a1d8b331be850bc712aef634e7263f7a7bd66262d,0.05,189,180,9,0.9523809523809523,0.1266713581984518,2.4328943400020107,False
uci697,all,dropout_vs_graduate,enrollment,no_direct_personal,logistic,c13_selected,uci,uci697__all__dropout_vs_graduate__enrollment__no_direct_personal__logistic,1e77b96a42008b27a548794a1d8b331be850bc712aef634e7263f7a7bd66262d,0.1,371,339,32,0.9137466307277629,0.23856439127375087,2.3342014563981555,False
uci697,all,dropout_vs_graduate,enrollment,no_direct_personal,logistic,c13_selected,uci,uci697__all__dropout_vs_graduate__enrollment__no_direct_personal__logistic,1e77b96a42008b27a548794a1d8b331be850bc712aef634e7263f7a7bd66262d,0.2,733,582,151,0.7939972714870396,0.4095707248416608,2.028297041166751,False
uci697,all,dropout_vs_graduate,enrollment,no_direct_personal,logistic,c13_selected,uci,uci697__all__dropout_vs_graduate__enrollment__no_direct_personal__logistic,1e77b96a42008b27a548794a1d8b331be850bc712aef634e7263f7a7bd66262d,0.3,1096,761,335,0.6943430656934306,0.5355383532723434,1.7737264802724513,False
uci697,all,dropout_vs_graduate,enrollment,no_family_financial,histgb,c13_selected,uci,uci697__all__dropout_vs_graduate__enrollment__no_family_financial__histgb,1e77b96a42008b27a548794a1d8b331be850bc712aef634e7263f7a7bd66262d,0.05,189,139,50,0.7354497354497355,0.09781843771991555,1.8787350736682193,False
uci697,all,dropout_vs_graduate,enrollment,no_family_financial,histgb,c13_selected,uci,uci697__all__dropout_vs_graduate__enrollment__no_family_financial__histgb,1e77b96a42008b27a548794a1d8b331be850bc712aef634e7263f7a7bd66262d,0.1,371,257,114,0.692722371967655,0.18085855031667838,1.769586354850519,False
uci697,all,dropout_vs_graduate,enrollment,no_family_financial,histgb,c13_selected,uci,uci697__all__dropout_vs_graduate__enrollment__no_family_financial__histgb,1e77b96a42008b27a548794a1d8b331be850bc712aef634e7263f7a7bd66262d,0.2,733,455,278,0.6207366984993179,0.32019704433497537,1.5856961404310512,False
uci697,all,dropout_vs_graduate,enrollment,no_family_financial,histgb,c13_selected,uci,uci697__all__dropout_vs_graduate__enrollment__no_family_financial__histgb,1e77b96a42008b27a548794a1d8b331be850bc712aef634e7263f7a7bd66262d,0.3,1096,629,467,0.573905109489051,0.4426460239268121,1.466063017202854,False
uci697,all,dropout_vs_graduate,enrollment,no_family_financial,logistic,c13_selected,uci,uci697__all__dropout_vs_graduate__enrollment__no_family_financial__logistic,1e77b96a42008b27a548794a1d8b331be850bc712aef634e7263f7a7bd66262d,0.05,189,136,53,0.7195767195767195,0.09570724841660802,1.8381868346681858,False
uci697,all,dropout_vs_graduate,enrollment,no_family_financial,logistic,c13_selected,uci,uci697__all__dropout_vs_graduate__enrollment__no_family_financial__logistic,1e77b96a42008b27a548794a1d8b331be850bc712aef634e7263f7a7bd66262d,0.1,371,244,127,0.6576819407008087,0.1717100633356791,1.6800742046051622,False
uci697,all,dropout_vs_graduate,enrollment,no_family_financial,logistic,c13_selected,uci,uci697__all__dropout_vs_graduate__enrollment__no_family_financial__logistic,1e77b96a42008b27a548794a1d8b331be850bc712aef634e7263f7a7bd66262d,0.2,733,445,288,0.607094133697135,0.3131597466572836,1.550845675806193,False
uci697,all,dropout_vs_graduate,enrollment,no_family_financial,logistic,c13_selected,uci,uci697__all__dropout_vs_graduate__enrollment__no_family_financial__logistic,1e77b96a42008b27a548794a1d8b331be850bc712aef634e7263f7a7bd66262d,0.3,1096,617,479,0.5629562043795621,0.434201266713582,1.4380936114692542,False
uci697,all,dropout_vs_graduate,enrollment,targeted_gender_special_needs,histgb,c13_selected,uci,uci697__all__dropout_vs_graduate__enrollment__targeted_gender_special_needs__histgb,1e77b96a42008b27a548794a1d8b331be850bc712aef634e7263f7a7bd66262d,0.05,189,183,6,0.9682539682539683,0.12878254750175933,2.473442579002044,False
uci697,all,dropout_vs_graduate,enrollment,targeted_gender_special_needs,histgb,c13_selected,uci,uci697__all__dropout_vs_graduate__enrollment__targeted_gender_special_needs__histgb,1e77b96a42008b27a548794a1d8b331be850bc712aef634e7263f7a7bd66262d,0.1,371,341,30,0.9191374663072777,0.23997185080928923,2.3479725564359026,False
uci697,all,dropout_vs_graduate,enrollment,targeted_gender_special_needs,histgb,c13_selected,uci,uci697__all__dropout_vs_graduate__enrollment__targeted_gender_special_needs__histgb,1e77b96a42008b27a548794a1d8b331be850bc712aef634e7263f7a7bd66262d,0.2,733,574,159,0.7830832196452933,0.4039408866995074,2.0004166694668646,False
uci697,all,dropout_vs_graduate,enrollment,targeted_gender_special_needs,histgb,c13_selected,uci,uci697__all__dropout_vs_graduate__enrollment__targeted_gender_special_needs__histgb,1e77b96a42008b27a548794a1d8b331be850bc712aef634e7263f7a7bd66262d,0.3,1096,756,340,0.6897810218978102,0.5320197044334976,1.7620725612167847,False
uci697,all,dropout_vs_graduate,enrollment,targeted_gender_special_needs,logistic,c13_selected,uci,uci697__all__dropout_vs_graduate__enrollment__targeted_gender_special_needs__logistic,1e77b96a42008b27a548794a1d8b331be850bc712aef634e7263f7a7bd66262d,0.05,189,180,9,0.9523809523809523,0.1266713581984518,2.4328943400020107,False
uci697,all,dropout_vs_graduate,enrollment,targeted_gender_special_needs,logistic,c13_selected,uci,uci697__all__dropout_vs_graduate__enrollment__targeted_gender_special_needs__logistic,1e77b96a42008b27a548794a1d8b331be850bc712aef634e7263f7a7bd66262d,0.1,371,338,33,0.9110512129380054,0.2378606615059817,2.327315906379282,False
uci697,all,dropout_vs_graduate,enrollment,targeted_gender_special_needs,logistic,c13_selected,uci,uci697__all__dropout_vs_graduate__enrollment__targeted_gender_special_needs__logistic,1e77b96a42008b27a548794a1d8b331be850bc712aef634e7263f7a7bd66262d,0.2,733,583,150,0.7953615279672579,0.41027445460942996,2.0317820876292374,False
uci697,all,dropout_vs_graduate,enrollment,targeted_gender_special_needs,logistic,c13_selected,uci,uci697__all__dropout_vs_graduate__enrollment__targeted_gender_special_needs__logistic,1e77b96a42008b27a548794a1d8b331be850bc712aef634e7263f7a7bd66262d,0.3,1096,761,335,0.6943430656934306,0.5355383532723434,1.7737264802724513,False
uci697,all,dropout_vs_graduate,semester1,full,histgb,c13_selected,uci,uci697__all__dropout_vs_graduate__semester1__full__histgb,1e77b96a42008b27a548794a1d8b331be850bc712aef634e7263f7a7bd66262d,0.05,189,189,0,1.0,0.1330049261083744,2.554539057002111,False
uci697,all,dropout_vs_graduate,semester1,full,histgb,c13_selected,uci,uci697__all__dropout_vs_graduate__semester1__full__histgb,1e77b96a42008b27a548794a1d8b331be850bc712aef634e7263f7a7bd66262d,0.1,371,366,5,0.9865229110512129,0.25756509500351865,2.520111306907743,False
uci697,all,dropout_vs_graduate,semester1,full,histgb,c13_selected,uci,uci697__all__dropout_vs_graduate__semester1__full__histgb,1e77b96a42008b27a548794a1d8b331be850bc712aef634e7263f7a7bd66262d,0.2,733,664,69,0.9058663028649386,0.4672765657987333,2.314070851090589,False
uci697,all,dropout_vs_graduate,semester1,full,histgb,c13_selected,uci,uci697__all__dropout_vs_graduate__semester1__full__histgb,1e77b96a42008b27a548794a1d8b331be850bc712aef634e7263f7a7bd66262d,0.3,1096,890,206,0.8120437956204379,0.6263194933145672,2.0743975919086486,False
uci697,all,dropout_vs_graduate,semester1,full,logistic,c13_selected,uci,uci697__all__dropout_vs_graduate__semester1__full__logistic,1e77b96a42008b27a548794a1d8b331be850bc712aef634e7263f7a7bd66262d,0.05,189,184,5,0.9735449735449735,0.1294862772695285,2.486958658668722,False
uci697,all,dropout_vs_graduate,semester1,full,logistic,c13_selected,uci,uci697__all__dropout_vs_graduate__semester1__full__logistic,1e77b96a42008b27a548794a1d8b331be850bc712aef634e7263f7a7bd66262d,0.1,371,366,5,0.9865229110512129,0.25756509500351865,2.520111306907743,False
uci697,all,dropout_vs_graduate,semester1,full,logistic,c13_selected,uci,uci697__all__dropout_vs_graduate__semester1__full__logistic,1e77b96a42008b27a548794a1d8b331be850bc712aef634e7263f7a7bd66262d,0.2,733,670,63,0.9140518417462483,0.47149894440534834,2.334981129865504,False
uci697,all,dropout_vs_graduate,semester1,full,logistic,c13_selected,uci,uci697__all__dropout_vs_graduate__semester1__full__logistic,1e77b96a42008b27a548794a1d8b331be850bc712aef634e7263f7a7bd66262d,0.3,1096,898,198,0.8193430656934306,0.6319493314567206,2.0930438623977152,False
uci697,all,dropout_vs_graduate,semester1,legacy_operational,histgb,c13_selected,uci,uci697__all__dropout_vs_graduate__semester1__legacy_operational__histgb,1e77b96a42008b27a548794a1d8b331be850bc712aef634e7263f7a7bd66262d,0.05,189,183,6,0.9682539682539683,0.12878254750175933,2.473442579002044,False
uci697,all,dropout_vs_graduate,semester1,legacy_operational,histgb,c13_selected,uci,uci697__all__dropout_vs_graduate__semester1__legacy_operational__histgb,1e77b96a42008b27a548794a1d8b331be850bc712aef634e7263f7a7bd66262d,0.1,371,361,10,0.9730458221024259,0.25404644616467276,2.485683556813375,False
uci697,all,dropout_vs_graduate,semester1,legacy_operational,histgb,c13_selected,uci,uci697__all__dropout_vs_graduate__semester1__legacy_operational__histgb,1e77b96a42008b27a548794a1d8b331be850bc712aef634e7263f7a7bd66262d,0.2,733,638,95,0.8703956343792633,0.4489795918367347,2.2234596430659574,False
uci697,all,dropout_vs_graduate,semester1,legacy_operational,histgb,c13_selected,uci,uci697__all__dropout_vs_graduate__semester1__legacy_operational__histgb,1e77b96a42008b27a548794a1d8b331be850bc712aef634e7263f7a7bd66262d,0.3,1096,851,245,0.7764598540145985,0.5988740323715693,1.9834970232744493,False
uci697,all,dropout_vs_graduate,semester1,legacy_operational,logistic,c13_selected,uci,uci697__all__dropout_vs_graduate__semester1__legacy_operational__logistic,1e77b96a42008b27a548794a1d8b331be850bc712aef634e7263f7a7bd66262d,0.05,189,184,5,0.9735449735449735,0.1294862772695285,2.486958658668722,False
uci697,all,dropout_vs_graduate,semester1,legacy_operational,logistic,c13_selected,uci,uci697__all__dropout_vs_graduate__semester1__legacy_operational__logistic,1e77b96a42008b27a548794a1d8b331be850bc712aef634e7263f7a7bd66262d,0.1,371,360,11,0.9703504043126685,0.2533427163969036,2.4787980067945017,False
uci697,all,dropout_vs_graduate,semester1,legacy_operational,logistic,c13_selected,uci,uci697__all__dropout_vs_graduate__semester1__legacy_operational__logistic,1e77b96a42008b27a548794a1d8b331be850bc712aef634e7263f7a7bd66262d,0.2,733,640,93,0.8731241473396999,0.45038705137227303,2.2304297359909295,False
uci697,all,dropout_vs_graduate,semester1,legacy_operational,logistic,c13_selected,uci,uci697__all__dropout_vs_graduate__semester1__legacy_operational__logistic,1e77b96a42008b27a548794a1d8b331be850bc712aef634e7263f7a7bd66262d,0.3,1096,849,247,0.7746350364963503,0.597466572836031,1.9788354556521828,False
uci697,all,dropout_vs_graduate,semester1,loo__age_at_enrollment,histgb,c13_selected,uci,uci697__all__dropout_vs_graduate__semester1__loo__age_at_enrollment__histgb,1e77b96a42008b27a548794a1d8b331be850bc712aef634e7263f7a7bd66262d,0.05,189,188,1,0.9947089947089947,0.13230119634060522,2.5410229773354334,True
uci697,all,dropout_vs_graduate,semester1,loo__age_at_enrollment,histgb,c13_selected,uci,uci697__all__dropout_vs_graduate__semester1__loo__age_at_enrollment__histgb,1e77b96a42008b27a548794a1d8b331be850bc712aef634e7263f7a7bd66262d,0.1,371,366,5,0.9865229110512129,0.25756509500351865,2.520111306907743,True
uci697,all,dropout_vs_graduate,semester1,loo__age_at_enrollment,histgb,c13_selected,uci,uci697__all__dropout_vs_graduate__semester1__loo__age_at_enrollment__histgb,1e77b96a42008b27a548794a1d8b331be850bc712aef634e7263f7a7bd66262d,0.2,733,665,68,0.9072305593451568,0.46798029556650245,2.317555897553075,True
uci697,all,dropout_vs_graduate,semester1,loo__age_at_enrollment,histgb,c13_selected,uci,uci697__all__dropout_vs_graduate__semester1__loo__age_at_enrollment__histgb,1e77b96a42008b27a548794a1d8b331be850bc712aef634e7263f7a7bd66262d,0.3,1096,890,206,0.8120437956204379,0.6263194933145672,2.0743975919086486,True
uci697,all,dropout_vs_graduate,semester1,loo__displaced,histgb,c13_selected,uci,uci697__all__dropout_vs_graduate__semester1__loo__displaced__histgb,1e77b96a42008b27a548794a1d8b331be850bc712aef634e7263f7a7bd66262d,0.05,189,188,1,0.9947089947089947,0.13230119634060522,2.5410229773354334,True
uci697,all,dropout_vs_graduate,semester1,loo__displaced,histgb,c13_selected,uci,uci697__all__dropout_vs_graduate__semester1__loo__displaced__histgb,1e77b96a42008b27a548794a1d8b331be850bc712aef634e7263f7a7bd66262d,0.1,371,365,6,0.9838274932614556,0.2568613652357495,2.5132257568888696,True
uci697,all,dropout_vs_graduate,semester1,loo__displaced,histgb,c13_selected,uci,uci697__all__dropout_vs_graduate__semester1__loo__displaced__histgb,1e77b96a42008b27a548794a1d8b331be850bc712aef634e7263f7a7bd66262d,0.2,733,662,71,0.903137789904502,0.46586910626319494,2.3071007581656175,True
uci697,all,dropout_vs_graduate,semester1,loo__displaced,histgb,c13_selected,uci,uci697__all__dropout_vs_graduate__semester1__loo__displaced__histgb,1e77b96a42008b27a548794a1d8b331be850bc712aef634e7263f7a7bd66262d,0.3,1096,889,207,0.8111313868613139,0.625615763546798,2.0720668080975155,True
uci697,all,dropout_vs_graduate,semester1,loo__educational_special_needs,histgb,c13_selected,uci,uci697__all__dropout_vs_graduate__semester1__loo__educational_special_needs__histgb,1e77b96a42008b27a548794a1d8b331be850bc712aef634e7263f7a7bd66262d,0.05,189,189,0,1.0,0.1330049261083744,2.554539057002111,True
uci697,all,dropout_vs_graduate,semester1,loo__educational_special_needs,histgb,c13_selected,uci,uci697__all__dropout_vs_graduate__semester1__loo__educational_special_needs__histgb,1e77b96a42008b27a548794a1d8b331be850bc712aef634e7263f7a7bd66262d,0.1,371,366,5,0.9865229110512129,0.25756509500351865,2.520111306907743,True
uci697,all,dropout_vs_graduate,semester1,loo__educational_special_needs,histgb,c13_selected,uci,uci697__all__dropout_vs_graduate__semester1__loo__educational_special_needs__histgb,1e77b96a42008b27a548794a1d8b331be850bc712aef634e7263f7a7bd66262d,0.2,733,664,69,0.9058663028649386,0.4672765657987333,2.314070851090589,True
uci697,all,dropout_vs_graduate,semester1,loo__educational_special_needs,histgb,c13_selected,uci,uci697__all__dropout_vs_graduate__semester1__loo__educational_special_needs__histgb,1e77b96a42008b27a548794a1d8b331be850bc712aef634e7263f7a7bd66262d,0.3,1096,890,206,0.8120437956204379,0.6263194933145672,2.0743975919086486,True
uci697,all,dropout_vs_graduate,semester1,loo__gender,histgb,c13_selected,uci,uci697__all__dropout_vs_graduate__semester1__loo__gender__histgb,1e77b96a42008b27a548794a1d8b331be850bc712aef634e7263f7a7bd66262d,0.05,189,189,0,1.0,0.1330049261083744,2.554539057002111,True
uci697,all,dropout_vs_graduate,semester1,loo__gender,histgb,c13_selected,uci,uci697__all__dropout_vs_graduate__semester1__loo__gender__histgb,1e77b96a42008b27a548794a1d8b331be850bc712aef634e7263f7a7bd66262d,0.1,371,366,5,0.9865229110512129,0.25756509500351865,2.520111306907743,True
uci697,all,dropout_vs_graduate,semester1,loo__gender,histgb,c13_selected,uci,uci697__all__dropout_vs_graduate__semester1__loo__gender__histgb,1e77b96a42008b27a548794a1d8b331be850bc712aef634e7263f7a7bd66262d,0.2,733,662,71,0.903137789904502,0.46586910626319494,2.3071007581656175,True
uci697,all,dropout_vs_graduate,semester1,loo__gender,histgb,c13_selected,uci,uci697__all__dropout_vs_graduate__semester1__loo__gender__histgb,1e77b96a42008b27a548794a1d8b331be850bc712aef634e7263f7a7bd66262d,0.3,1096,886,210,0.8083941605839416,0.6235045742434905,2.0650744566641155,True
uci697,all,dropout_vs_graduate,semester1,loo__international,histgb,c13_selected,uci,uci697__all__dropout_vs_graduate__semester1__loo__international__histgb,1e77b96a42008b27a548794a1d8b331be850bc712aef634e7263f7a7bd66262d,0.05,189,189,0,1.0,0.1330049261083744,2.554539057002111,True
uci697,all,dropout_vs_graduate,semester1,loo__international,histgb,c13_selected,uci,uci697__all__dropout_vs_graduate__semester1__loo__international__histgb,1e77b96a42008b27a548794a1d8b331be850bc712aef634e7263f7a7bd66262d,0.1,371,366,5,0.9865229110512129,0.25756509500351865,2.520111306907743,True
uci697,all,dropout_vs_graduate,semester1,loo__international,histgb,c13_selected,uci,uci697__all__dropout_vs_graduate__semester1__loo__international__histgb,1e77b96a42008b27a548794a1d8b331be850bc712aef634e7263f7a7bd66262d,0.2,733,664,69,0.9058663028649386,0.4672765657987333,2.314070851090589,True
uci697,all,dropout_vs_graduate,semester1,loo__international,histgb,c13_selected,uci,uci697__all__dropout_vs_graduate__semester1__loo__international__histgb,1e77b96a42008b27a548794a1d8b331be850bc712aef634e7263f7a7bd66262d,0.3,1096,890,206,0.8120437956204379,0.6263194933145672,2.0743975919086486,True
uci697,all,dropout_vs_graduate,semester1,loo__marital_status,histgb,c13_selected,uci,uci697__all__dropout_vs_graduate__semester1__loo__marital_status__histgb,1e77b96a42008b27a548794a1d8b331be850bc712aef634e7263f7a7bd66262d,0.05,189,189,0,1.0,0.1330049261083744,2.554539057002111,True
uci697,all,dropout_vs_graduate,semester1,loo__marital_status,histgb,c13_selected,uci,uci697__all__dropout_vs_graduate__semester1__loo__marital_status__histgb,1e77b96a42008b27a548794a1d8b331be850bc712aef634e7263f7a7bd66262d,0.1,371,368,3,0.9919137466307277,0.258972554539057,2.5338824069454904,True
uci697,all,dropout_vs_graduate,semester1,loo__marital_status,histgb,c13_selected,uci,uci697__all__dropout_vs_graduate__semester1__loo__marital_status__histgb,1e77b96a42008b27a548794a1d8b331be850bc712aef634e7263f7a7bd66262d,0.2,733,662,71,0.903137789904502,0.46586910626319494,2.3071007581656175,True
uci697,all,dropout_vs_graduate,semester1,loo__marital_status,histgb,c13_selected,uci,uci697__all__dropout_vs_graduate__semester1__loo__marital_status__histgb,1e77b96a42008b27a548794a1d8b331be850bc712aef634e7263f7a7bd66262d,0.3,1096,889,207,0.8111313868613139,0.625615763546798,2.0720668080975155,True
uci697,all,dropout_vs_graduate,semester1,loo__nacionality,histgb,c13_selected,uci,uci697__all__dropout_vs_graduate__semester1__loo__nacionality__histgb,1e77b96a42008b27a548794a1d8b331be850bc712aef634e7263f7a7bd66262d,0.05,189,189,0,1.0,0.1330049261083744,2.554539057002111,True
uci697,all,dropout_vs_graduate,semester1,loo__nacionality,histgb,c13_selected,uci,uci697__all__dropout_vs_graduate__semester1__loo__nacionality__histgb,1e77b96a42008b27a548794a1d8b331be850bc712aef634e7263f7a7bd66262d,0.1,371,366,5,0.9865229110512129,0.25756509500351865,2.520111306907743,True
uci697,all,dropout_vs_graduate,semester1,loo__nacionality,histgb,c13_selected,uci,uci697__all__dropout_vs_graduate__semester1__loo__nacionality__histgb,1e77b96a42008b27a548794a1d8b331be850bc712aef634e7263f7a7bd66262d,0.2,733,664,69,0.9058663028649386,0.4672765657987333,2.314070851090589,True
uci697,all,dropout_vs_graduate,semester1,loo__nacionality,histgb,c13_selected,uci,uci697__all__dropout_vs_graduate__semester1__loo__nacionality__histgb,1e77b96a42008b27a548794a1d8b331be850bc712aef634e7263f7a7bd66262d,0.3,1096,890,206,0.8120437956204379,0.6263194933145672,2.0743975919086486,True
uci697,all,dropout_vs_graduate,semester1,no_direct_personal,histgb,c13_selected,uci,uci697__all__dropout_vs_graduate__semester1__no_direct_personal__histgb,1e77b96a42008b27a548794a1d8b331be850bc712aef634e7263f7a7bd66262d,0.05,189,188,1,0.9947089947089947,0.13230119634060522,2.5410229773354334,False
uci697,all,dropout_vs_graduate,semester1,no_direct_personal,histgb,c13_selected,uci,uci697__all__dropout_vs_graduate__semester1__no_direct_personal__histgb,1e77b96a42008b27a548794a1d8b331be850bc712aef634e7263f7a7bd66262d,0.1,371,366,5,0.9865229110512129,0.25756509500351865,2.520111306907743,False
uci697,all,dropout_vs_graduate,semester1,no_direct_personal,histgb,c13_selected,uci,uci697__all__dropout_vs_graduate__semester1__no_direct_personal__histgb,1e77b96a42008b27a548794a1d8b331be850bc712aef634e7263f7a7bd66262d,0.2,733,664,69,0.9058663028649386,0.4672765657987333,2.314070851090589,False
uci697,all,dropout_vs_graduate,semester1,no_direct_personal,histgb,c13_selected,uci,uci697__all__dropout_vs_graduate__semester1__no_direct_personal__histgb,1e77b96a42008b27a548794a1d8b331be850bc712aef634e7263f7a7bd66262d,0.3,1096,890,206,0.8120437956204379,0.6263194933145672,2.0743975919086486,False
uci697,all,dropout_vs_graduate,semester1,no_direct_personal,logistic,c13_selected,uci,uci697__all__dropout_vs_graduate__semester1__no_direct_personal__logistic,1e77b96a42008b27a548794a1d8b331be850bc712aef634e7263f7a7bd66262d,0.05,189,185,4,0.9788359788359788,0.1301900070372977,2.5004747383354,False
uci697,all,dropout_vs_graduate,semester1,no_direct_personal,logistic,c13_selected,uci,uci697__all__dropout_vs_graduate__semester1__no_direct_personal__logistic,1e77b96a42008b27a548794a1d8b331be850bc712aef634e7263f7a7bd66262d,0.1,371,365,6,0.9838274932614556,0.2568613652357495,2.5132257568888696,False
uci697,all,dropout_vs_graduate,semester1,no_direct_personal,logistic,c13_selected,uci,uci697__all__dropout_vs_graduate__semester1__no_direct_personal__logistic,1e77b96a42008b27a548794a1d8b331be850bc712aef634e7263f7a7bd66262d,0.2,733,668,65,0.9113233287858117,0.47009148486981,2.3280110369405325,False
uci697,all,dropout_vs_graduate,semester1,no_direct_personal,logistic,c13_selected,uci,uci697__all__dropout_vs_graduate__semester1__no_direct_personal__logistic,1e77b96a42008b27a548794a1d8b331be850bc712aef634e7263f7a7bd66262d,0.3,1096,892,204,0.8138686131386861,0.6277269528501056,2.079059159530915,False
uci697,all,dropout_vs_graduate,semester1,no_family_financial,histgb,c13_selected,uci,uci697__all__dropout_vs_graduate__semester1__no_family_financial__histgb,1e77b96a42008b27a548794a1d8b331be850bc712aef634e7263f7a7bd66262d,0.05,189,184,5,0.9735449735449735,0.1294862772695285,2.486958658668722,False
uci697,all,dropout_vs_graduate,semester1,no_family_financial,histgb,c13_selected,uci,uci697__all__dropout_vs_graduate__semester1__no_family_financial__histgb,1e77b96a42008b27a548794a1d8b331be850bc712aef634e7263f7a7bd66262d,0.1,371,361,10,0.9730458221024259,0.25404644616467276,2.485683556813375,False
uci697,all,dropout_vs_graduate,semester1,no_family_financial,histgb,c13_selected,uci,uci697__all__dropout_vs_graduate__semester1__no_family_financial__histgb,1e77b96a42008b27a548794a1d8b331be850bc712aef634e7263f7a7bd66262d,0.2,733,645,88,0.8799454297407913,0.4539057002111189,2.247854968303358,False
uci697,all,dropout_vs_graduate,semester1,no_family_financial,histgb,c13_selected,uci,uci697__all__dropout_vs_graduate__semester1__no_family_financial__histgb,1e77b96a42008b27a548794a1d8b331be850bc712aef634e7263f7a7bd66262d,0.3,1096,864,232,0.7883211678832117,0.6080225193525686,2.0137972128191826,False
uci697,all,dropout_vs_graduate,semester1,no_family_financial,logistic,c13_selected,uci,uci697__all__dropout_vs_graduate__semester1__no_family_financial__logistic,1e77b96a42008b27a548794a1d8b331be850bc712aef634e7263f7a7bd66262d,0.05,189,185,4,0.9788359788359788,0.1301900070372977,2.5004747383354,False
uci697,all,dropout_vs_graduate,semester1,no_family_financial,logistic,c13_selected,uci,uci697__all__dropout_vs_graduate__semester1__no_family_financial__logistic,1e77b96a42008b27a548794a1d8b331be850bc712aef634e7263f7a7bd66262d,0.1,371,364,7,0.9811320754716981,0.2561576354679803,2.506340206869996,False
uci697,all,dropout_vs_graduate,semester1,no_family_financial,logistic,c13_selected,uci,uci697__all__dropout_vs_graduate__semester1__no_family_financial__logistic,1e77b96a42008b27a548794a1d8b331be850bc712aef634e7263f7a7bd66262d,0.2,733,645,88,0.8799454297407913,0.4539057002111189,2.247854968303358,False
uci697,all,dropout_vs_graduate,semester1,no_family_financial,logistic,c13_selected,uci,uci697__all__dropout_vs_graduate__semester1__no_family_financial__logistic,1e77b96a42008b27a548794a1d8b331be850bc712aef634e7263f7a7bd66262d,0.3,1096,856,240,0.781021897810219,0.6023926812104152,1.9951509423301161,False
uci697,all,dropout_vs_graduate,semester1,targeted_gender_special_needs,histgb,c13_selected,uci,uci697__all__dropout_vs_graduate__semester1__targeted_gender_special_needs__histgb,1e77b96a42008b27a548794a1d8b331be850bc712aef634e7263f7a7bd66262d,0.05,189,189,0,1.0,0.1330049261083744,2.554539057002111,False
uci697,all,dropout_vs_graduate,semester1,targeted_gender_special_needs,histgb,c13_selected,uci,uci697__all__dropout_vs_graduate__semester1__targeted_gender_special_needs__histgb,1e77b96a42008b27a548794a1d8b331be850bc712aef634e7263f7a7bd66262d,0.1,371,366,5,0.9865229110512129,0.25756509500351865,2.520111306907743,False
uci697,all,dropout_vs_graduate,semester1,targeted_gender_special_needs,histgb,c13_selected,uci,uci697__all__dropout_vs_graduate__semester1__targeted_gender_special_needs__histgb,1e77b96a42008b27a548794a1d8b331be850bc712aef634e7263f7a7bd66262d,0.2,733,662,71,0.903137789904502,0.46586910626319494,2.3071007581656175,False
uci697,all,dropout_vs_graduate,semester1,targeted_gender_special_needs,histgb,c13_selected,uci,uci697__all__dropout_vs_graduate__semester1__targeted_gender_special_needs__histgb,1e77b96a42008b27a548794a1d8b331be850bc712aef634e7263f7a7bd66262d,0.3,1096,885,211,0.8074817518248175,0.6228008444757214,2.062743672852982,False
uci697,all,dropout_vs_graduate,semester1,targeted_gender_special_needs,logistic,c13_selected,uci,uci697__all__dropout_vs_graduate__semester1__targeted_gender_special_needs__logistic,1e77b96a42008b27a548794a1d8b331be850bc712aef634e7263f7a7bd66262d,0.05,189,184,5,0.9735449735449735,0.1294862772695285,2.486958658668722,False
uci697,all,dropout_vs_graduate,semester1,targeted_gender_special_needs,logistic,c13_selected,uci,uci697__all__dropout_vs_graduate__semester1__targeted_gender_special_needs__logistic,1e77b96a42008b27a548794a1d8b331be850bc712aef634e7263f7a7bd66262d,0.1,371,365,6,0.9838274932614556,0.2568613652357495,2.5132257568888696,False
uci697,all,dropout_vs_graduate,semester1,targeted_gender_special_needs,logistic,c13_selected,uci,uci697__all__dropout_vs_graduate__semester1__targeted_gender_special_needs__logistic,1e77b96a42008b27a548794a1d8b331be850bc712aef634e7263f7a7bd66262d,0.2,733,668,65,0.9113233287858117,0.47009148486981,2.3280110369405325,False
uci697,all,dropout_vs_graduate,semester1,targeted_gender_special_needs,logistic,c13_selected,uci,uci697__all__dropout_vs_graduate__semester1__targeted_gender_special_needs__logistic,1e77b96a42008b27a548794a1d8b331be850bc712aef634e7263f7a7bd66262d,0.3,1096,895,201,0.8166058394160584,0.629838142153413,2.086051510964315,False
