analysis_source,dataset,subject,outcome,stage,model,grid,contrast_name,contrast_id,family_id,tier,replicates,family_stage_count,metric,budget_fraction,family_size,draw_file,draw_key,estimate,pointwise_ci95_low,pointwise_ci95_high,familywise_bonferroni_low,familywise_bonferroni_high,bootstrap_sign_p_two_sided,bonferroni_adjusted_sign_p,familywise_excludes_zero
C14B_frozen,oulad,all,future_fail_or_withdrawn,day14,histgb,standard,minimized,c14b__day14__minimized__standard__minus__day14__full__standard,c14b|oulad|all|future_fail_or_withdrawn|histgb|standard|minimized,primary,5000,6,precision_difference,0.05,24,draws/task_fe5191e9abe25d522749.npz,c006__precision_difference__0.05,-0.03624733475479747,-0.07479032833690227,-0.004255319148936176,-0.0997279748673048,0.01698513800424628,0.03279344131173765,0.7870425914817036,False
C14B_frozen,oulad,all,future_fail_or_withdrawn,day14,histgb,standard,minimized,c14b__day14__minimized__standard__minus__day14__full__standard,c14b|oulad|all|future_fail_or_withdrawn|histgb|standard|minimized,primary,5000,6,precision_difference,0.1,24,draws/task_fe5191e9abe25d522749.npz,c006__precision_difference__0.10,-0.04064171122994653,-0.06096256684491985,-0.011739594450373536,-0.07346636502589629,0.0,0.003599280143971206,0.08638272345530894,False
C14B_frozen,oulad,all,future_fail_or_withdrawn,day14,histgb,standard,minimized,c14b__day14__minimized__standard__minus__day14__full__standard,c14b|oulad|all|future_fail_or_withdrawn|histgb|standard|minimized,primary,5000,6,precision_difference,0.2,24,draws/task_fe5191e9abe25d522749.npz,c006__precision_difference__0.20,-0.021936864633493758,-0.04051172707889128,-0.00749464668094213,-0.04928608269434372,0.004052749402014154,0.008398320335932814,0.20155968806238753,False
C14B_frozen,oulad,all,future_fail_or_withdrawn,day14,histgb,standard,minimized,c14b__day14__minimized__standard__minus__day14__full__standard,c14b|oulad|all|future_fail_or_withdrawn|histgb|standard|minimized,primary,5000,6,precision_difference,0.3,24,draws/task_fe5191e9abe25d522749.npz,c006__precision_difference__0.30,-0.020699500356887945,-0.03495038304689848,-0.009285714285714338,-0.042006681547016055,-0.0019303327391562732,0.0015996800639872025,0.03839232153569286,True
C14B_frozen,oulad,all,future_fail_or_withdrawn,day28,histgb,standard,minimized,c14b__day28__minimized__standard__minus__day28__full__standard,c14b|oulad|all|future_fail_or_withdrawn|histgb|standard|minimized,primary,5000,6,precision_difference,0.05,24,draws/task_8f9ad1b8218c3f11a643.npz,c000__precision_difference__0.05,0.002159827213822907,-0.03010752688172047,0.027956989247311825,-0.04336448228801808,0.04310344827586199,1.0,1.0,False
C14B_frozen,oulad,all,future_fail_or_withdrawn,day28,histgb,standard,minimized,c14b__day28__minimized__standard__minus__day28__full__standard,c14b|oulad|all|future_fail_or_withdrawn|histgb|standard|minimized,primary,5000,6,precision_difference,0.1,24,draws/task_8f9ad1b8218c3f11a643.npz,c000__precision_difference__0.10,-0.0021668472372697867,-0.017241844288211804,0.020563327517552858,-0.02783020751520934,0.02985434704184715,0.8982203559288142,1.0,False
C14B_frozen,oulad,all,future_fail_or_withdrawn,day28,histgb,standard,minimized,c14b__day28__minimized__standard__minus__day28__full__standard,c14b|oulad|all|future_fail_or_withdrawn|histgb|standard|minimized,primary,5000,6,precision_difference,0.2,24,draws/task_8f9ad1b8218c3f11a643.npz,c000__precision_difference__0.20,-0.015176151761517542,-0.030911062906724518,0.001621621621621605,-0.03899013229018412,0.00977930779506476,0.08158368326334733,1.0,False
C14B_frozen,oulad,all,future_fail_or_withdrawn,day28,histgb,standard,minimized,c14b__day28__minimized__standard__minus__day28__full__standard,c14b|oulad|all|future_fail_or_withdrawn|histgb|standard|minimized,primary,5000,6,precision_difference,0.3,24,draws/task_8f9ad1b8218c3f11a643.npz,c000__precision_difference__0.30,-0.01988430947216191,-0.03435835778008653,-0.007233142350003421,-0.04237169830057378,-0.0007977649720186484,0.001999600079984003,0.04799040191961608,True
C14B_frozen,oulad,all,future_fail_or_withdrawn,day42,histgb,standard,minimized,c14b__day42__minimized__standard__minus__day42__full__standard,c14b|oulad|all|future_fail_or_withdrawn|histgb|standard|minimized,primary,5000,6,precision_difference,0.05,24,draws/task_b708eb63559e33ef5cce.npz,c006__precision_difference__0.05,0.01754385964912275,-0.013157894736842146,0.037444933920704915,-0.02427147354234945,0.05263157894736845,0.3743251349730054,1.0,False
C14B_frozen,oulad,all,future_fail_or_withdrawn,day42,histgb,standard,minimized,c14b__day42__minimized__standard__minus__day42__full__standard,c14b|oulad|all|future_fail_or_withdrawn|histgb|standard|minimized,primary,5000,6,precision_difference,0.1,24,draws/task_b708eb63559e33ef5cce.npz,c006__precision_difference__0.10,-0.00770925110132159,-0.02756415638971852,0.01541850220264318,-0.03870794601240245,0.02749023415879831,0.5906818636272746,1.0,False
C14B_frozen,oulad,all,future_fail_or_withdrawn,day42,histgb,standard,minimized,c14b__day42__minimized__standard__minus__day42__full__standard,c14b|oulad|all|future_fail_or_withdrawn|histgb|standard|minimized,primary,5000,6,precision_difference,0.2,24,draws/task_b708eb63559e33ef5cce.npz,c006__precision_difference__0.20,-0.004969630038652695,-0.021559170409016875,0.007190464552769116,-0.03018968350572498,0.015220116201741794,0.34353129374125174,1.0,False
C14B_frozen,oulad,all,future_fail_or_withdrawn,day42,histgb,standard,minimized,c14b__day42__minimized__standard__minus__day42__full__standard,c14b|oulad|all|future_fail_or_withdrawn|histgb|standard|minimized,primary,5000,6,precision_difference,0.3,24,draws/task_b708eb63559e33ef5cce.npz,c006__precision_difference__0.30,-0.015095729013254844,-0.025792426323650954,-0.004056009821606191,-0.03157216009273382,0.0018417150984469804,0.010797840431913617,0.2591481703659268,False
C14B_frozen,oulad,all,future_fail_or_withdrawn,day56,histgb,standard,minimized,c14b__day56__minimized__standard__minus__day56__full__standard,c14b|oulad|all|future_fail_or_withdrawn|histgb|standard|minimized,primary,5000,6,precision_difference,0.05,24,draws/task_e242be323d1e7971511e.npz,c000__precision_difference__0.05,-0.0022421524663677195,-0.020179372197309364,0.020134228187919545,-0.03355704697986572,0.03130541864746452,1.0,1.0,False
C14B_frozen,oulad,all,future_fail_or_withdrawn,day56,histgb,standard,minimized,c14b__day56__minimized__standard__minus__day56__full__standard,c14b|oulad|all|future_fail_or_withdrawn|histgb|standard|minimized,primary,5000,6,precision_difference,0.1,24,draws/task_e242be323d1e7971511e.npz,c000__precision_difference__0.10,0.003370786516853963,-0.013437849944008876,0.01677852348993281,-0.021362383889724244,0.023590016109913108,0.854629074185163,1.0,False
C14B_frozen,oulad,all,future_fail_or_withdrawn,day56,histgb,standard,minimized,c14b__day56__minimized__standard__minus__day56__full__standard,c14b|oulad|all|future_fail_or_withdrawn|histgb|standard|minimized,primary,5000,6,precision_difference,0.2,24,draws/task_e242be323d1e7971511e.npz,c000__precision_difference__0.20,-0.009561304836895324,-0.018591549295774668,0.004494382022471879,-0.02514805433608957,0.011258430681357132,0.2531493701259748,1.0,False
C14B_frozen,oulad,all,future_fail_or_withdrawn,day56,histgb,standard,minimized,c14b__day56__minimized__standard__minus__day56__full__standard,c14b|oulad|all|future_fail_or_withdrawn|histgb|standard|minimized,primary,5000,6,precision_difference,0.3,24,draws/task_e242be323d1e7971511e.npz,c000__precision_difference__0.30,-0.019879969992498192,-0.030746156730408702,-0.008252063015753985,-0.036973122180938824,-0.002997419969878208,0.0011997600479904018,0.028794241151769644,True
C14B_frozen,oulad,all,future_fail_or_withdrawn,day70,histgb,standard,minimized,c14b__day70__minimized__standard__minus__day70__full__standard,c14b|oulad|all|future_fail_or_withdrawn|histgb|standard|minimized,primary,5000,6,precision_difference,0.05,24,draws/task_b8d7ef2aa7b4cb076770.npz,c000__precision_difference__0.05,0.006849315068493067,-0.013729977116704761,0.015981735159817267,-0.022831050228310557,0.024572104357798302,0.9998000399920016,1.0,False
C14B_frozen,oulad,all,future_fail_or_withdrawn,day70,histgb,standard,minimized,c14b__day70__minimized__standard__minus__day70__full__standard,c14b|oulad|all|future_fail_or_withdrawn|histgb|standard|minimized,primary,5000,6,precision_difference,0.1,24,draws/task_b8d7ef2aa7b4cb076770.npz,c000__precision_difference__0.10,-0.004581901489117968,-0.015999999999999907,0.005720823798627039,-0.021783817084309716,0.011452036932187994,0.40111977604479104,1.0,False
C14B_frozen,oulad,all,future_fail_or_withdrawn,day70,histgb,standard,minimized,c14b__day70__minimized__standard__minus__day70__full__standard,c14b|oulad|all|future_fail_or_withdrawn|histgb|standard|minimized,primary,5000,6,precision_difference,0.2,24,draws/task_b8d7ef2aa7b4cb076770.npz,c000__precision_difference__0.20,-0.0068846815834767705,-0.020595555450706595,0.0034384447043978575,-0.026388142538480645,0.009041941663946751,0.1739652069586083,1.0,False
C14B_frozen,oulad,all,future_fail_or_withdrawn,day70,histgb,standard,minimized,c14b__day70__minimized__standard__minus__day70__full__standard,c14b|oulad|all|future_fail_or_withdrawn|histgb|standard|minimized,primary,5000,6,precision_difference,0.3,24,draws/task_b8d7ef2aa7b4cb076770.npz,c000__precision_difference__0.30,-0.015319800842588993,-0.025297048677654258,-0.0026881462448145603,-0.032038402801916104,0.004122137893381535,0.017996400719856028,0.43191361727654465,False
C14B_frozen,oulad,all,future_fail_or_withdrawn,day90,histgb,standard,minimized,c14b__day90__minimized__standard__minus__day90__full__standard,c14b|oulad|all|future_fail_or_withdrawn|histgb|standard|minimized,primary,5000,6,precision_difference,0.05,24,draws/task_1152ad78c73405c9b109.npz,c000__precision_difference__0.05,-0.002331002331002363,-0.013953488372092981,0.004662004662004726,-0.020930232558139528,0.01162231447508042,0.7434513097380524,1.0,False
C14B_frozen,oulad,all,future_fail_or_withdrawn,day90,histgb,standard,minimized,c14b__day90__minimized__standard__minus__day90__full__standard,c14b|oulad|all|future_fail_or_withdrawn|histgb|standard|minimized,primary,5000,6,precision_difference,0.1,24,draws/task_1152ad78c73405c9b109.npz,c000__precision_difference__0.10,0.009356725146198785,-0.004672897196261738,0.018713450292397682,-0.011693074115064383,0.026577346751120206,0.2631473705258948,1.0,False
C14B_frozen,oulad,all,future_fail_or_withdrawn,day90,histgb,standard,minimized,c14b__day90__minimized__standard__minus__day90__full__standard,c14b|oulad|all|future_fail_or_withdrawn|histgb|standard|minimized,primary,5000,6,precision_difference,0.2,24,draws/task_1152ad78c73405c9b109.npz,c000__precision_difference__0.20,-0.008196721311475419,-0.01932084309133497,0.005257086157736942,-0.025806451612903267,0.01113694064298911,0.2735452909418116,1.0,False
C14B_frozen,oulad,all,future_fail_or_withdrawn,day90,histgb,standard,minimized,c14b__day90__minimized__standard__minus__day90__full__standard,c14b|oulad|all|future_fail_or_withdrawn|histgb|standard|minimized,primary,5000,6,precision_difference,0.3,24,draws/task_1152ad78c73405c9b109.npz,c000__precision_difference__0.30,-0.004293520686963315,-0.014849840976268633,0.005066250974279041,-0.020309213027338638,0.01154040826742009,0.35432913417316536,1.0,False
C14B_frozen,oulad,all,future_fail_or_withdrawn,day14,histgb,standard,partial_gender_disability,c14b__day14__partial_gender_disability__standard__minus__day14__full__standard,c14b|oulad|all|future_fail_or_withdrawn|histgb|standard|partial_gender_disability,primary,5000,6,precision_difference,0.05,24,draws/task_fe5191e9abe25d522749.npz,c007__precision_difference__0.05,0.0,-0.019189765458422214,0.019148936170212738,-0.031968836478700656,0.029901308096270784,1.0,1.0,False
C14B_frozen,oulad,all,future_fail_or_withdrawn,day14,histgb,standard,partial_gender_disability,c14b__day14__partial_gender_disability__standard__minus__day14__full__standard,c14b|oulad|all|future_fail_or_withdrawn|histgb|standard|partial_gender_disability,primary,5000,6,precision_difference,0.1,24,draws/task_fe5191e9abe25d522749.npz,c007__precision_difference__0.10,0.0010695187165775666,-0.01067235859124871,0.0128997609547182,-0.01711229946524062,0.01898488940991912,0.8926214757048591,1.0,False
C14B_frozen,oulad,all,future_fail_or_withdrawn,day14,histgb,standard,partial_gender_disability,c14b__day14__partial_gender_disability__standard__minus__day14__full__standard,c14b|oulad|all|future_fail_or_withdrawn|histgb|standard|partial_gender_disability,primary,5000,6,precision_difference,0.2,24,draws/task_fe5191e9abe25d522749.npz,c007__precision_difference__0.20,0.005350454788657033,-0.008025682182985605,0.009071504802561359,-0.012274340483990287,0.01342194622663515,0.9390121975604879,1.0,False
C14B_frozen,oulad,all,future_fail_or_withdrawn,day14,histgb,standard,partial_gender_disability,c14b__day14__partial_gender_disability__standard__minus__day14__full__standard,c14b|oulad|all|future_fail_or_withdrawn|histgb|standard|partial_gender_disability,primary,5000,6,precision_difference,0.3,24,draws/task_fe5191e9abe25d522749.npz,c007__precision_difference__0.30,-0.004282655246252598,-0.01106747590146373,0.0014260376696392822,-0.013581129378127254,0.005004251206650019,0.13197360527894422,1.0,False
C14B_frozen,oulad,all,future_fail_or_withdrawn,day28,histgb,standard,partial_gender_disability,c14b__day28__partial_gender_disability__standard__minus__day28__full__standard,c14b|oulad|all|future_fail_or_withdrawn|histgb|standard|partial_gender_disability,primary,5000,6,precision_difference,0.05,24,draws/task_8f9ad1b8218c3f11a643.npz,c001__precision_difference__0.05,0.002159827213822907,-0.02155172413793105,0.017278617710583144,-0.03239740820734347,0.028113386404065292,0.8790241951609679,1.0,False
C14B_frozen,oulad,all,future_fail_or_withdrawn,day28,histgb,standard,partial_gender_disability,c14b__day28__partial_gender_disability__standard__minus__day28__full__standard,c14b|oulad|all|future_fail_or_withdrawn|histgb|standard|partial_gender_disability,primary,5000,6,precision_difference,0.1,24,draws/task_8f9ad1b8218c3f11a643.npz,c001__precision_difference__0.10,-0.0010834236186348933,-0.010834236186348826,0.014115475853278572,-0.018438177874186557,0.022746791793886913,0.854629074185163,1.0,False
C14B_frozen,oulad,all,future_fail_or_withdrawn,day28,histgb,standard,partial_gender_disability,c14b__day28__partial_gender_disability__standard__minus__day28__full__standard,c14b|oulad|all|future_fail_or_withdrawn|histgb|standard|partial_gender_disability,primary,5000,6,precision_difference,0.2,24,draws/task_8f9ad1b8218c3f11a643.npz,c001__precision_difference__0.20,0.0043360433604336945,-0.0059556036816458295,0.014061654948620883,-0.011783686739796113,0.01940214876564287,0.45670865826834633,1.0,False
C14B_frozen,oulad,all,future_fail_or_withdrawn,day28,histgb,standard,partial_gender_disability,c14b__day28__partial_gender_disability__standard__minus__day28__full__standard,c14b|oulad|all|future_fail_or_withdrawn|histgb|standard|partial_gender_disability,primary,5000,6,precision_difference,0.3,24,draws/task_8f9ad1b8218c3f11a643.npz,c001__precision_difference__0.30,-0.005422993492407824,-0.011585807385952163,0.00397402434451457,-0.015573870101379382,0.008621810956423403,0.3623275344931014,1.0,False
C14B_frozen,oulad,all,future_fail_or_withdrawn,day42,histgb,standard,partial_gender_disability,c14b__day42__partial_gender_disability__standard__minus__day42__full__standard,c14b|oulad|all|future_fail_or_withdrawn|histgb|standard|partial_gender_disability,primary,5000,6,precision_difference,0.05,24,draws/task_b708eb63559e33ef5cce.npz,c007__precision_difference__0.05,0.002192982456140302,-0.01318681318681314,0.01541850220264318,-0.021502332161806248,0.024164834160722258,0.9866026794641072,1.0,False
C14B_frozen,oulad,all,future_fail_or_withdrawn,day42,histgb,standard,partial_gender_disability,c14b__day42__partial_gender_disability__standard__minus__day42__full__standard,c14b|oulad|all|future_fail_or_withdrawn|histgb|standard|partial_gender_disability,primary,5000,6,precision_difference,0.1,24,draws/task_b708eb63559e33ef5cce.npz,c007__precision_difference__0.10,-0.004405286343612258,-0.009944751381215425,0.009890381895332458,-0.017601760176017642,0.015173183170420853,0.9778044391121775,1.0,False
C14B_frozen,oulad,all,future_fail_or_withdrawn,day42,histgb,standard,partial_gender_disability,c14b__day42__partial_gender_disability__standard__minus__day42__full__standard,c14b|oulad|all|future_fail_or_withdrawn|histgb|standard|partial_gender_disability,primary,5000,6,precision_difference,0.2,24,draws/task_b708eb63559e33ef5cce.npz,c007__precision_difference__0.20,0.001104362230811673,-0.006637168141592875,0.007178354500276152,-0.011031439602868209,0.011027661972635267,1.0,1.0,False
C14B_frozen,oulad,all,future_fail_or_withdrawn,day42,histgb,standard,partial_gender_disability,c14b__day42__partial_gender_disability__standard__minus__day42__full__standard,c14b|oulad|all|future_fail_or_withdrawn|histgb|standard|partial_gender_disability,primary,5000,6,precision_difference,0.3,24,draws/task_b708eb63559e33ef5cce.npz,c007__precision_difference__0.30,-0.0022091310751105597,-0.00663722934749617,0.0033185840707964376,-0.009957020845042967,0.006186060166168982,0.5582883423315337,1.0,False
C14B_frozen,oulad,all,future_fail_or_withdrawn,day56,histgb,standard,partial_gender_disability,c14b__day56__partial_gender_disability__standard__minus__day56__full__standard,c14b|oulad|all|future_fail_or_withdrawn|histgb|standard|partial_gender_disability,primary,5000,6,precision_difference,0.05,24,draws/task_e242be323d1e7971511e.npz,c001__precision_difference__0.05,-0.0022421524663677195,-0.011235955056179803,0.01342281879194629,-0.017897091722595126,0.024155159124273188,1.0,1.0,False
C14B_frozen,oulad,all,future_fail_or_withdrawn,day56,histgb,standard,partial_gender_disability,c14b__day56__partial_gender_disability__standard__minus__day56__full__standard,c14b|oulad|all|future_fail_or_withdrawn|histgb|standard|partial_gender_disability,primary,5000,6,precision_difference,0.1,24,draws/task_e242be323d1e7971511e.npz,c001__precision_difference__0.10,0.0022471910112359383,-0.0056242969628796935,0.012331838565022402,-0.011210762331838575,0.017973345607552836,0.5706858628274345,1.0,False
C14B_frozen,oulad,all,future_fail_or_withdrawn,day56,histgb,standard,partial_gender_disability,c14b__day56__partial_gender_disability__standard__minus__day56__full__standard,c14b|oulad|all|future_fail_or_withdrawn|histgb|standard|partial_gender_disability,primary,5000,6,precision_difference,0.2,24,draws/task_e242be323d1e7971511e.npz,c001__precision_difference__0.20,-0.003374578177727794,-0.008968609865470878,0.003380329326579625,-0.012240369871625327,0.007326228147028588,0.483503299340132,1.0,False
C14B_frozen,oulad,all,future_fail_or_withdrawn,day56,histgb,standard,partial_gender_disability,c14b__day56__partial_gender_disability__standard__minus__day56__full__standard,c14b|oulad|all|future_fail_or_withdrawn|histgb|standard|partial_gender_disability,primary,5000,6,precision_difference,0.3,24,draws/task_e242be323d1e7971511e.npz,c001__precision_difference__0.30,-0.0030007501875468634,-0.008239777554190622,0.004116804999136947,-0.011530397419291473,0.007128901567558899,0.5106978604279144,1.0,False
C14B_frozen,oulad,all,future_fail_or_withdrawn,day70,histgb,standard,partial_gender_disability,c14b__day70__partial_gender_disability__standard__minus__day70__full__standard,c14b|oulad|all|future_fail_or_withdrawn|histgb|standard|partial_gender_disability,primary,5000,6,precision_difference,0.05,24,draws/task_b8d7ef2aa7b4cb076770.npz,c001__precision_difference__0.05,0.0022831050228310223,-0.00917431192660545,0.011389521640091105,-0.01598173515981738,0.015981735159817354,1.0,1.0,False
C14B_frozen,oulad,all,future_fail_or_withdrawn,day70,histgb,standard,partial_gender_disability,c14b__day70__partial_gender_disability__standard__minus__day70__full__standard,c14b|oulad|all|future_fail_or_withdrawn|histgb|standard|partial_gender_disability,primary,5000,6,precision_difference,0.1,24,draws/task_b8d7ef2aa7b4cb076770.npz,c001__precision_difference__0.10,-0.002290950744558984,-0.00917431192660545,0.005733944954128489,-0.012655211819195954,0.010332950631458115,0.7774445110977805,1.0,False
C14B_frozen,oulad,all,future_fail_or_withdrawn,day70,histgb,standard,partial_gender_disability,c14b__day70__partial_gender_disability__standard__minus__day70__full__standard,c14b|oulad|all|future_fail_or_withdrawn|histgb|standard|partial_gender_disability,primary,5000,6,precision_difference,0.2,24,draws/task_b8d7ef2aa7b4cb076770.npz,c001__precision_difference__0.20,-0.0005737234652897216,-0.008032128514056214,0.004027617951668616,-0.011491304586007405,0.0074669730040206606,0.6310737852429514,1.0,False
C14B_frozen,oulad,all,future_fail_or_withdrawn,day70,histgb,standard,partial_gender_disability,c14b__day70__partial_gender_disability__standard__minus__day70__full__standard,c14b|oulad|all|future_fail_or_withdrawn|histgb|standard|partial_gender_disability,primary,5000,6,precision_difference,0.3,24,draws/task_b8d7ef2aa7b4cb076770.npz,c001__precision_difference__0.30,-0.004212945231711895,-0.00804906094289004,0.0038182512409316027,-0.010741874899066766,0.0069081412352954424,0.5078984203159368,1.0,False
C14B_frozen,oulad,all,future_fail_or_withdrawn,day90,histgb,standard,partial_gender_disability,c14b__day90__partial_gender_disability__standard__minus__day90__full__standard,c14b|oulad|all|future_fail_or_withdrawn|histgb|standard|partial_gender_disability,primary,5000,6,precision_difference,0.05,24,draws/task_1152ad78c73405c9b109.npz,c001__precision_difference__0.05,-0.002331002331002363,-0.009302325581395321,0.006976744186046435,-0.01404471672612664,0.011655011655011593,1.0,1.0,False
C14B_frozen,oulad,all,future_fail_or_withdrawn,day90,histgb,standard,partial_gender_disability,c14b__day90__partial_gender_disability__standard__minus__day90__full__standard,c14b|oulad|all|future_fail_or_withdrawn|histgb|standard|partial_gender_disability,primary,5000,6,precision_difference,0.1,24,draws/task_1152ad78c73405c9b109.npz,c001__precision_difference__0.10,0.0035087719298245723,-0.008187374173137857,0.007025761124121788,-0.013734609669778793,0.011412841904925584,1.0,1.0,False
C14B_frozen,oulad,all,future_fail_or_withdrawn,day90,histgb,standard,partial_gender_disability,c14b__day90__partial_gender_disability__standard__minus__day90__full__standard,c14b|oulad|all|future_fail_or_withdrawn|histgb|standard|partial_gender_disability,primary,5000,6,precision_difference,0.2,24,draws/task_1152ad78c73405c9b109.npz,c001__precision_difference__0.20,0.0011709601873536313,-0.00642157655040349,0.005257009345794317,-0.009369760566227087,0.00875550840371626,0.8814237152569486,1.0,False
C14B_frozen,oulad,all,future_fail_or_withdrawn,day90,histgb,standard,partial_gender_disability,c14b__day90__partial_gender_disability__standard__minus__day90__full__standard,c14b|oulad|all|future_fail_or_withdrawn|histgb|standard|partial_gender_disability,primary,5000,6,precision_difference,0.3,24,draws/task_1152ad78c73405c9b109.npz,c001__precision_difference__0.30,0.0015612802498048417,-0.0035074045206546778,0.00545808966861594,-0.005763459637711824,0.007805139001032323,0.7298540291941612,1.0,False
C14B_frozen,uci320,mathematics,fail_g3_lt_10,baseline,histgb,c13_selected,no_demographic_family,c14b__uci320__mathematics__fail_g3_lt_10__baseline__no_demographic_family__histgb__minus__uci320__mathematics__fail_g3_lt_10__baseline__full__histgb,c14b|uci320|mathematics|fail_g3_lt_10|histgb|c13_selected|no_demographic_family,primary,5000,3,precision_difference,0.05,12,draws/task_bae483f1ad59ceae8f87.npz,c000__precision_difference__0.05,-0.19047619047619047,-0.35,0.10000000000000003,-0.4653323412698413,0.2380952380952381,0.4331133773245351,1.0,False
C14B_frozen,uci320,mathematics,fail_g3_lt_10,baseline,histgb,c13_selected,no_demographic_family,c14b__uci320__mathematics__fail_g3_lt_10__baseline__no_demographic_family__histgb__minus__uci320__mathematics__fail_g3_lt_10__baseline__full__histgb,c14b|uci320|mathematics|fail_g3_lt_10|histgb|c13_selected|no_demographic_family,primary,5000,3,precision_difference,0.1,12,draws/task_bae483f1ad59ceae8f87.npz,c000__precision_difference__0.10,-0.07499999999999996,-0.22499999999999998,0.09756097560975613,-0.29268292682926833,0.15000000000000002,0.5010997800439912,1.0,False
C14B_frozen,uci320,mathematics,fail_g3_lt_10,baseline,histgb,c13_selected,no_demographic_family,c14b__uci320__mathematics__fail_g3_lt_10__baseline__no_demographic_family__histgb__minus__uci320__mathematics__fail_g3_lt_10__baseline__full__histgb,c14b|uci320|mathematics|fail_g3_lt_10|histgb|c13_selected|no_demographic_family,primary,5000,3,precision_difference,0.2,12,draws/task_bae483f1ad59ceae8f87.npz,c000__precision_difference__0.20,-0.012499999999999956,-0.10126582278481006,0.11249999999999999,-0.14481770833333335,0.16249999999999998,1.0,1.0,False
C14B_frozen,uci320,mathematics,fail_g3_lt_10,baseline,histgb,c13_selected,no_demographic_family,c14b__uci320__mathematics__fail_g3_lt_10__baseline__no_demographic_family__histgb__minus__uci320__mathematics__fail_g3_lt_10__baseline__full__histgb,c14b|uci320|mathematics|fail_g3_lt_10|histgb|c13_selected|no_demographic_family,primary,5000,3,precision_difference,0.3,12,draws/task_bae483f1ad59ceae8f87.npz,c000__precision_difference__0.30,0.10084033613445381,0.00840336134453784,0.1512605042016807,-0.01680672268907568,0.19327731092436973,0.03159368126374725,0.379124175164967,False
C14B_frozen,uci320,mathematics,fail_g3_lt_10,period1,histgb,c13_selected,no_demographic_family,c14b__uci320__mathematics__fail_g3_lt_10__period1__no_demographic_family__histgb__minus__uci320__mathematics__fail_g3_lt_10__period1__full__histgb,c14b|uci320|mathematics|fail_g3_lt_10|histgb|c13_selected|no_demographic_family,primary,5000,3,precision_difference,0.05,12,draws/task_32134eb6a1685b11d062.npz,c000__precision_difference__0.05,-0.04761904761904767,-0.15000000000000002,0.0,-0.23809523809523814,0.04761904761904767,0.7510497900419916,1.0,False
C14B_frozen,uci320,mathematics,fail_g3_lt_10,period1,histgb,c13_selected,no_demographic_family,c14b__uci320__mathematics__fail_g3_lt_10__period1__no_demographic_family__histgb__minus__uci320__mathematics__fail_g3_lt_10__period1__full__histgb,c14b|uci320|mathematics|fail_g3_lt_10|histgb|c13_selected|no_demographic_family,primary,5000,3,precision_difference,0.1,12,draws/task_32134eb6a1685b11d062.npz,c000__precision_difference__0.10,-0.025000000000000022,-0.09999999999999998,0.07317073170731714,-0.125,0.10000000000000009,0.9510097980403919,1.0,False
C14B_frozen,uci320,mathematics,fail_g3_lt_10,period1,histgb,c13_selected,no_demographic_family,c14b__uci320__mathematics__fail_g3_lt_10__period1__no_demographic_family__histgb__minus__uci320__mathematics__fail_g3_lt_10__period1__full__histgb,c14b|uci320|mathematics|fail_g3_lt_10|histgb|c13_selected|no_demographic_family,primary,5000,3,precision_difference,0.2,12,draws/task_32134eb6a1685b11d062.npz,c000__precision_difference__0.20,-0.025000000000000022,-0.08750000000000002,0.04999999999999993,-0.125,0.07555577531645581,0.6646670665866826,1.0,False
C14B_frozen,uci320,mathematics,fail_g3_lt_10,period1,histgb,c13_selected,no_demographic_family,c14b__uci320__mathematics__fail_g3_lt_10__period1__no_demographic_family__histgb__minus__uci320__mathematics__fail_g3_lt_10__period1__full__histgb,c14b|uci320|mathematics|fail_g3_lt_10|histgb|c13_selected|no_demographic_family,primary,5000,3,precision_difference,0.3,12,draws/task_32134eb6a1685b11d062.npz,c000__precision_difference__0.30,0.025210084033613467,-0.03361344537815125,0.0672268907563025,-0.058620302287581715,0.08850213001867507,0.5466906618676265,1.0,False
C14B_frozen,uci320,mathematics,fail_g3_lt_10,period2,histgb,c13_selected,no_demographic_family,c14b__uci320__mathematics__fail_g3_lt_10__period2__no_demographic_family__histgb__minus__uci320__mathematics__fail_g3_lt_10__period2__full__histgb,c14b|uci320|mathematics|fail_g3_lt_10|histgb|c13_selected|no_demographic_family,primary,5000,3,precision_difference,0.05,12,draws/task_d965f6ee0246872f6090.npz,c000__precision_difference__0.05,0.0,0.0,0.0,-0.050000000000000044,0.050000000000000044,1.0,1.0,False
C14B_frozen,uci320,mathematics,fail_g3_lt_10,period2,histgb,c13_selected,no_demographic_family,c14b__uci320__mathematics__fail_g3_lt_10__period2__no_demographic_family__histgb__minus__uci320__mathematics__fail_g3_lt_10__period2__full__histgb,c14b|uci320|mathematics|fail_g3_lt_10|histgb|c13_selected|no_demographic_family,primary,5000,3,precision_difference,0.1,12,draws/task_d965f6ee0246872f6090.npz,c000__precision_difference__0.10,0.0,-0.07317073170731703,0.07317073170731703,-0.09999999999999998,0.09999999999999998,1.0,1.0,False
C14B_frozen,uci320,mathematics,fail_g3_lt_10,period2,histgb,c13_selected,no_demographic_family,c14b__uci320__mathematics__fail_g3_lt_10__period2__no_demographic_family__histgb__minus__uci320__mathematics__fail_g3_lt_10__period2__full__histgb,c14b|uci320|mathematics|fail_g3_lt_10|histgb|c13_selected|no_demographic_family,primary,5000,3,precision_difference,0.2,12,draws/task_d965f6ee0246872f6090.npz,c000__precision_difference__0.20,-0.012500000000000067,-0.06329113924050633,0.03749999999999998,-0.10074103375527435,0.05063291139240511,0.8354329134173165,1.0,False
C14B_frozen,uci320,mathematics,fail_g3_lt_10,period2,histgb,c13_selected,no_demographic_family,c14b__uci320__mathematics__fail_g3_lt_10__period2__no_demographic_family__histgb__minus__uci320__mathematics__fail_g3_lt_10__period2__full__histgb,c14b|uci320|mathematics|fail_g3_lt_10|histgb|c13_selected|no_demographic_family,primary,5000,3,precision_difference,0.3,12,draws/task_d965f6ee0246872f6090.npz,c000__precision_difference__0.30,0.0,-0.050000000000000044,0.01680672268907568,-0.0672268907563025,0.03361344537815125,0.6130773845230953,1.0,False
C14B_frozen,uci320,mathematics,fail_g3_lt_10,baseline,histgb,c13_selected,no_sensitive_wellbeing,c14b__uci320__mathematics__fail_g3_lt_10__baseline__no_sensitive_wellbeing__histgb__minus__uci320__mathematics__fail_g3_lt_10__baseline__full__histgb,c14b|uci320|mathematics|fail_g3_lt_10|histgb|c13_selected|no_sensitive_wellbeing,primary,5000,3,precision_difference,0.05,12,draws/task_bae483f1ad59ceae8f87.npz,c001__precision_difference__0.05,0.0,-0.09999999999999998,0.19047619047619052,-0.19047619047619047,0.28571428571428575,0.8930213957208558,1.0,False
C14B_frozen,uci320,mathematics,fail_g3_lt_10,baseline,histgb,c13_selected,no_sensitive_wellbeing,c14b__uci320__mathematics__fail_g3_lt_10__baseline__no_sensitive_wellbeing__histgb__minus__uci320__mathematics__fail_g3_lt_10__baseline__full__histgb,c14b|uci320|mathematics|fail_g3_lt_10|histgb|c13_selected|no_sensitive_wellbeing,primary,5000,3,precision_difference,0.1,12,draws/task_bae483f1ad59ceae8f87.npz,c001__precision_difference__0.10,0.0,-0.10000000000000003,0.1463414634146341,-0.1621366869918699,0.19999999999999996,0.9814037192561488,1.0,False
C14B_frozen,uci320,mathematics,fail_g3_lt_10,baseline,histgb,c13_selected,no_sensitive_wellbeing,c14b__uci320__mathematics__fail_g3_lt_10__baseline__no_sensitive_wellbeing__histgb__minus__uci320__mathematics__fail_g3_lt_10__baseline__full__histgb,c14b|uci320|mathematics|fail_g3_lt_10|histgb|c13_selected|no_sensitive_wellbeing,primary,5000,3,precision_difference,0.2,12,draws/task_bae483f1ad59ceae8f87.npz,c001__precision_difference__0.20,0.03749999999999998,-0.050000000000000044,0.11249999999999999,-0.08749999999999997,0.14999999999999997,0.5574885022995401,1.0,False
C14B_frozen,uci320,mathematics,fail_g3_lt_10,baseline,histgb,c13_selected,no_sensitive_wellbeing,c14b__uci320__mathematics__fail_g3_lt_10__baseline__no_sensitive_wellbeing__histgb__minus__uci320__mathematics__fail_g3_lt_10__baseline__full__histgb,c14b|uci320|mathematics|fail_g3_lt_10|histgb|c13_selected|no_sensitive_wellbeing,primary,5000,3,precision_difference,0.3,12,draws/task_bae483f1ad59ceae8f87.npz,c001__precision_difference__0.30,0.01680672268907568,-0.04201680672268904,0.07499999999999996,-0.06722689075630253,0.10084033613445376,0.7174565086982604,1.0,False
C14B_frozen,uci320,mathematics,fail_g3_lt_10,period1,histgb,c13_selected,no_sensitive_wellbeing,c14b__uci320__mathematics__fail_g3_lt_10__period1__no_sensitive_wellbeing__histgb__minus__uci320__mathematics__fail_g3_lt_10__period1__full__histgb,c14b|uci320|mathematics|fail_g3_lt_10|histgb|c13_selected|no_sensitive_wellbeing,primary,5000,3,precision_difference,0.05,12,draws/task_32134eb6a1685b11d062.npz,c001__precision_difference__0.05,-0.04761904761904767,-0.1428571428571429,0.0,-0.19999999999999996,0.09523809523809523,1.0,1.0,False
C14B_frozen,uci320,mathematics,fail_g3_lt_10,period1,histgb,c13_selected,no_sensitive_wellbeing,c14b__uci320__mathematics__fail_g3_lt_10__period1__no_sensitive_wellbeing__histgb__minus__uci320__mathematics__fail_g3_lt_10__period1__full__histgb,c14b|uci320|mathematics|fail_g3_lt_10|histgb|c13_selected|no_sensitive_wellbeing,primary,5000,3,precision_difference,0.1,12,draws/task_32134eb6a1685b11d062.npz,c001__precision_difference__0.10,0.04999999999999993,-0.050000000000000044,0.09999999999999998,-0.10000000000000005,0.14999999999999997,0.8654269146170765,1.0,False
C14B_frozen,uci320,mathematics,fail_g3_lt_10,period1,histgb,c13_selected,no_sensitive_wellbeing,c14b__uci320__mathematics__fail_g3_lt_10__period1__no_sensitive_wellbeing__histgb__minus__uci320__mathematics__fail_g3_lt_10__period1__full__histgb,c14b|uci320|mathematics|fail_g3_lt_10|histgb|c13_selected|no_sensitive_wellbeing,primary,5000,3,precision_difference,0.2,12,draws/task_32134eb6a1685b11d062.npz,c001__precision_difference__0.20,-0.025000000000000022,-0.07500000000000007,0.04999999999999993,-0.1007410337552743,0.07500000000000007,0.8086382723455309,1.0,False
C14B_frozen,uci320,mathematics,fail_g3_lt_10,period1,histgb,c13_selected,no_sensitive_wellbeing,c14b__uci320__mathematics__fail_g3_lt_10__period1__no_sensitive_wellbeing__histgb__minus__uci320__mathematics__fail_g3_lt_10__period1__full__histgb,c14b|uci320|mathematics|fail_g3_lt_10|histgb|c13_selected|no_sensitive_wellbeing,primary,5000,3,precision_difference,0.3,12,draws/task_32134eb6a1685b11d062.npz,c001__precision_difference__0.30,0.050420168067226934,-0.025000000000000022,0.0672268907563025,-0.03832793534080308,0.09211761788048563,0.3659268146370726,1.0,False
C14B_frozen,uci320,mathematics,fail_g3_lt_10,period2,histgb,c13_selected,no_sensitive_wellbeing,c14b__uci320__mathematics__fail_g3_lt_10__period2__no_sensitive_wellbeing__histgb__minus__uci320__mathematics__fail_g3_lt_10__period2__full__histgb,c14b|uci320|mathematics|fail_g3_lt_10|histgb|c13_selected|no_sensitive_wellbeing,primary,5000,3,precision_difference,0.05,12,draws/task_d965f6ee0246872f6090.npz,c001__precision_difference__0.05,-0.04761904761904767,-0.1428571428571429,0.0,-0.19999999999999996,0.0,0.936612677464507,1.0,False
C14B_frozen,uci320,mathematics,fail_g3_lt_10,period2,histgb,c13_selected,no_sensitive_wellbeing,c14b__uci320__mathematics__fail_g3_lt_10__period2__no_sensitive_wellbeing__histgb__minus__uci320__mathematics__fail_g3_lt_10__period2__full__histgb,c14b|uci320|mathematics|fail_g3_lt_10|histgb|c13_selected|no_sensitive_wellbeing,primary,5000,3,precision_difference,0.1,12,draws/task_d965f6ee0246872f6090.npz,c001__precision_difference__0.10,-0.025000000000000022,-0.07499999999999996,0.0,-0.09999999999999998,0.025000000000000022,1.0,1.0,False
C14B_frozen,uci320,mathematics,fail_g3_lt_10,period2,histgb,c13_selected,no_sensitive_wellbeing,c14b__uci320__mathematics__fail_g3_lt_10__period2__no_sensitive_wellbeing__histgb__minus__uci320__mathematics__fail_g3_lt_10__period2__full__histgb,c14b|uci320|mathematics|fail_g3_lt_10|histgb|c13_selected|no_sensitive_wellbeing,primary,5000,3,precision_difference,0.2,12,draws/task_d965f6ee0246872f6090.npz,c001__precision_difference__0.20,0.0,-0.03749999999999998,0.025316455696202556,-0.0625,0.050000000000000044,1.0,1.0,False
C14B_frozen,uci320,mathematics,fail_g3_lt_10,period2,histgb,c13_selected,no_sensitive_wellbeing,c14b__uci320__mathematics__fail_g3_lt_10__period2__no_sensitive_wellbeing__histgb__minus__uci320__mathematics__fail_g3_lt_10__period2__full__histgb,c14b|uci320|mathematics|fail_g3_lt_10|histgb|c13_selected|no_sensitive_wellbeing,primary,5000,3,precision_difference,0.3,12,draws/task_d965f6ee0246872f6090.npz,c001__precision_difference__0.30,-0.008403361344537896,-0.03361344537815125,0.033333333333333326,-0.050420168067226934,0.05024597338935577,1.0,1.0,False
C14B_frozen,uci320,mathematics,fail_g3_lt_10,baseline,histgb,c13_selected,school_observable_only,c14b__uci320__mathematics__fail_g3_lt_10__baseline__school_observable_only__histgb__minus__uci320__mathematics__fail_g3_lt_10__baseline__full__histgb,c14b|uci320|mathematics|fail_g3_lt_10|histgb|c13_selected|school_observable_only,primary,5000,3,precision_difference,0.05,12,draws/task_bae483f1ad59ceae8f87.npz,c002__precision_difference__0.05,-0.04761904761904756,-0.30000000000000004,0.23809523809523808,-0.45000000000000007,0.33333333333333337,0.914617076584683,1.0,False
C14B_frozen,uci320,mathematics,fail_g3_lt_10,baseline,histgb,c13_selected,school_observable_only,c14b__uci320__mathematics__fail_g3_lt_10__baseline__school_observable_only__histgb__minus__uci320__mathematics__fail_g3_lt_10__baseline__full__histgb,c14b|uci320|mathematics|fail_g3_lt_10|histgb|c13_selected|school_observable_only,primary,5000,3,precision_difference,0.1,12,draws/task_bae483f1ad59ceae8f87.npz,c002__precision_difference__0.10,0.0,-0.15051829268292669,0.19999999999999996,-0.24747205284552848,0.2926829268292683,0.9526094781043791,1.0,False
C14B_frozen,uci320,mathematics,fail_g3_lt_10,baseline,histgb,c13_selected,school_observable_only,c14b__uci320__mathematics__fail_g3_lt_10__baseline__school_observable_only__histgb__minus__uci320__mathematics__fail_g3_lt_10__baseline__full__histgb,c14b|uci320|mathematics|fail_g3_lt_10|histgb|c13_selected|school_observable_only,primary,5000,3,precision_difference,0.2,12,draws/task_bae483f1ad59ceae8f87.npz,c002__precision_difference__0.20,0.0625,-0.025621044303797386,0.18987341772151894,-0.08271130010548519,0.24606408227848212,0.1959608078384323,1.0,False
C14B_frozen,uci320,mathematics,fail_g3_lt_10,baseline,histgb,c13_selected,school_observable_only,c14b__uci320__mathematics__fail_g3_lt_10__baseline__school_observable_only__histgb__minus__uci320__mathematics__fail_g3_lt_10__baseline__full__histgb,c14b|uci320|mathematics|fail_g3_lt_10|histgb|c13_selected|school_observable_only,primary,5000,3,precision_difference,0.3,12,draws/task_bae483f1ad59ceae8f87.npz,c002__precision_difference__0.30,0.10084033613445381,0.016666666666666663,0.17500000000000004,-0.016666666666666663,0.2093582224556491,0.020795840831833633,0.2495500899820036,False
C14B_frozen,uci320,mathematics,fail_g3_lt_10,period1,histgb,c13_selected,school_observable_only,c14b__uci320__mathematics__fail_g3_lt_10__period1__school_observable_only__histgb__minus__uci320__mathematics__fail_g3_lt_10__period1__full__histgb,c14b|uci320|mathematics|fail_g3_lt_10|histgb|c13_selected|school_observable_only,primary,5000,3,precision_difference,0.05,12,draws/task_32134eb6a1685b11d062.npz,c002__precision_difference__0.05,-0.1428571428571429,-0.33333333333333326,0.0,-0.4285714285714286,0.0,0.09758048390321936,1.0,False
C14B_frozen,uci320,mathematics,fail_g3_lt_10,period1,histgb,c13_selected,school_observable_only,c14b__uci320__mathematics__fail_g3_lt_10__period1__school_observable_only__histgb__minus__uci320__mathematics__fail_g3_lt_10__period1__full__histgb,c14b|uci320|mathematics|fail_g3_lt_10|histgb|c13_selected|school_observable_only,primary,5000,3,precision_difference,0.1,12,draws/task_32134eb6a1685b11d062.npz,c002__precision_difference__0.10,-0.050000000000000044,-0.1499999999999999,0.050000000000000044,-0.19999999999999996,0.09999999999999998,0.6382723455308938,1.0,False
C14B_frozen,uci320,mathematics,fail_g3_lt_10,period1,histgb,c13_selected,school_observable_only,c14b__uci320__mathematics__fail_g3_lt_10__period1__school_observable_only__histgb__minus__uci320__mathematics__fail_g3_lt_10__period1__full__histgb,c14b|uci320|mathematics|fail_g3_lt_10|histgb|c13_selected|school_observable_only,primary,5000,3,precision_difference,0.2,12,draws/task_32134eb6a1685b11d062.npz,c002__precision_difference__0.20,0.03749999999999998,-0.050000000000000044,0.11253560126582231,-0.08860759493670885,0.15000000000000002,0.5318936212757448,1.0,False
C14B_frozen,uci320,mathematics,fail_g3_lt_10,period1,histgb,c13_selected,school_observable_only,c14b__uci320__mathematics__fail_g3_lt_10__period1__school_observable_only__histgb__minus__uci320__mathematics__fail_g3_lt_10__period1__full__histgb,c14b|uci320|mathematics|fail_g3_lt_10|histgb|c13_selected|school_observable_only,primary,5000,3,precision_difference,0.3,12,draws/task_32134eb6a1685b11d062.npz,c002__precision_difference__0.30,0.05882352941176472,-0.008403361344537785,0.10084033613445376,-0.03361344537815125,0.12605042016806722,0.11797640471905618,1.0,False
C14B_frozen,uci320,mathematics,fail_g3_lt_10,period2,histgb,c13_selected,school_observable_only,c14b__uci320__mathematics__fail_g3_lt_10__period2__school_observable_only__histgb__minus__uci320__mathematics__fail_g3_lt_10__period2__full__histgb,c14b|uci320|mathematics|fail_g3_lt_10|histgb|c13_selected|school_observable_only,primary,5000,3,precision_difference,0.05,12,draws/task_d965f6ee0246872f6090.npz,c002__precision_difference__0.05,0.0,0.0,0.0,-0.04761904761904767,0.07648313492064042,1.0,1.0,False
C14B_frozen,uci320,mathematics,fail_g3_lt_10,period2,histgb,c13_selected,school_observable_only,c14b__uci320__mathematics__fail_g3_lt_10__period2__school_observable_only__histgb__minus__uci320__mathematics__fail_g3_lt_10__period2__full__histgb,c14b|uci320|mathematics|fail_g3_lt_10|histgb|c13_selected|school_observable_only,primary,5000,3,precision_difference,0.1,12,draws/task_d965f6ee0246872f6090.npz,c002__precision_difference__0.10,0.0,-0.050000000000000044,0.07317073170731703,-0.09999999999999998,0.09999999999999998,1.0,1.0,False
C14B_frozen,uci320,mathematics,fail_g3_lt_10,period2,histgb,c13_selected,school_observable_only,c14b__uci320__mathematics__fail_g3_lt_10__period2__school_observable_only__histgb__minus__uci320__mathematics__fail_g3_lt_10__period2__full__histgb,c14b|uci320|mathematics|fail_g3_lt_10|histgb|c13_selected|school_observable_only,primary,5000,3,precision_difference,0.2,12,draws/task_d965f6ee0246872f6090.npz,c002__precision_difference__0.20,0.012499999999999956,-0.012500000000000067,0.050000000000000044,-0.03777788765822787,0.07499999999999996,0.7294541091781643,1.0,False
C14B_frozen,uci320,mathematics,fail_g3_lt_10,period2,histgb,c13_selected,school_observable_only,c14b__uci320__mathematics__fail_g3_lt_10__period2__school_observable_only__histgb__minus__uci320__mathematics__fail_g3_lt_10__period2__full__histgb,c14b|uci320|mathematics|fail_g3_lt_10|histgb|c13_selected|school_observable_only,primary,5000,3,precision_difference,0.3,12,draws/task_d965f6ee0246872f6090.npz,c002__precision_difference__0.30,-0.01680672268907568,-0.06666666666666665,0.025000000000000022,-0.08374328898225954,0.04201680672268915,0.48830233953209357,1.0,False
C14B_frozen,uci320,mathematics,fail_g3_lt_10,baseline,histgb,c13_selected,targeted_no_sex,c14b__uci320__mathematics__fail_g3_lt_10__baseline__targeted_no_sex__histgb__minus__uci320__mathematics__fail_g3_lt_10__baseline__full__histgb,c14b|uci320|mathematics|fail_g3_lt_10|histgb|c13_selected|targeted_no_sex,primary,5000,3,precision_difference,0.05,12,draws/task_bae483f1ad59ceae8f87.npz,c003__precision_difference__0.05,-0.04761904761904756,-0.19047619047619047,0.10000000000000003,-0.28571428571428575,0.19047619047619052,1.0,1.0,False
C14B_frozen,uci320,mathematics,fail_g3_lt_10,baseline,histgb,c13_selected,targeted_no_sex,c14b__uci320__mathematics__fail_g3_lt_10__baseline__targeted_no_sex__histgb__minus__uci320__mathematics__fail_g3_lt_10__baseline__full__histgb,c14b|uci320|mathematics|fail_g3_lt_10|histgb|c13_selected|targeted_no_sex,primary,5000,3,precision_difference,0.1,12,draws/task_bae483f1ad59ceae8f87.npz,c003__precision_difference__0.10,-0.04999999999999993,-0.15000000000000002,0.07500000000000001,-0.21951219512195122,0.125,0.6730653869226155,1.0,False
C14B_frozen,uci320,mathematics,fail_g3_lt_10,baseline,histgb,c13_selected,targeted_no_sex,c14b__uci320__mathematics__fail_g3_lt_10__baseline__targeted_no_sex__histgb__minus__uci320__mathematics__fail_g3_lt_10__baseline__full__histgb,c14b|uci320|mathematics|fail_g3_lt_10|histgb|c13_selected|targeted_no_sex,primary,5000,3,precision_difference,0.2,12,draws/task_bae483f1ad59ceae8f87.npz,c003__precision_difference__0.20,-0.03749999999999998,-0.09999999999999998,0.03750000000000003,-0.125,0.07014570147679465,0.563887222555489,1.0,False
C14B_frozen,uci320,mathematics,fail_g3_lt_10,baseline,histgb,c13_selected,targeted_no_sex,c14b__uci320__mathematics__fail_g3_lt_10__baseline__targeted_no_sex__histgb__minus__uci320__mathematics__fail_g3_lt_10__baseline__full__histgb,c14b|uci320|mathematics|fail_g3_lt_10|histgb|c13_selected|targeted_no_sex,primary,5000,3,precision_difference,0.3,12,draws/task_bae483f1ad59ceae8f87.npz,c003__precision_difference__0.30,-0.008403361344537785,-0.05042016806722688,0.04201680672268904,-0.07563025210084034,0.06666666666666671,0.9446110777844431,1.0,False
C14B_frozen,uci320,mathematics,fail_g3_lt_10,period1,histgb,c13_selected,targeted_no_sex,c14b__uci320__mathematics__fail_g3_lt_10__period1__targeted_no_sex__histgb__minus__uci320__mathematics__fail_g3_lt_10__period1__full__histgb,c14b|uci320|mathematics|fail_g3_lt_10|histgb|c13_selected|targeted_no_sex,primary,5000,3,precision_difference,0.05,12,draws/task_32134eb6a1685b11d062.npz,c003__precision_difference__0.05,-0.04761904761904767,-0.1428571428571429,0.0,-0.19047619047619047,0.050000000000000044,1.0,1.0,False
C14B_frozen,uci320,mathematics,fail_g3_lt_10,period1,histgb,c13_selected,targeted_no_sex,c14b__uci320__mathematics__fail_g3_lt_10__period1__targeted_no_sex__histgb__minus__uci320__mathematics__fail_g3_lt_10__period1__full__histgb,c14b|uci320|mathematics|fail_g3_lt_10|histgb|c13_selected|targeted_no_sex,primary,5000,3,precision_difference,0.1,12,draws/task_32134eb6a1685b11d062.npz,c003__precision_difference__0.10,0.04999999999999993,-0.024390243902439046,0.09999999999999998,-0.049999999999999996,0.125,0.6618676264747051,1.0,False
C14B_frozen,uci320,mathematics,fail_g3_lt_10,period1,histgb,c13_selected,targeted_no_sex,c14b__uci320__mathematics__fail_g3_lt_10__period1__targeted_no_sex__histgb__minus__uci320__mathematics__fail_g3_lt_10__period1__full__histgb,c14b|uci320|mathematics|fail_g3_lt_10|histgb|c13_selected|targeted_no_sex,primary,5000,3,precision_difference,0.2,12,draws/task_32134eb6a1685b11d062.npz,c003__precision_difference__0.20,-0.012500000000000067,-0.03749999999999998,0.03797468354430378,-0.0625,0.0625,1.0,1.0,False
C14B_frozen,uci320,mathematics,fail_g3_lt_10,period1,histgb,c13_selected,targeted_no_sex,c14b__uci320__mathematics__fail_g3_lt_10__period1__targeted_no_sex__histgb__minus__uci320__mathematics__fail_g3_lt_10__period1__full__histgb,c14b|uci320|mathematics|fail_g3_lt_10|histgb|c13_selected|targeted_no_sex,primary,5000,3,precision_difference,0.3,12,draws/task_32134eb6a1685b11d062.npz,c003__precision_difference__0.30,0.008403361344537785,-0.025210084033613356,0.03361344537815136,-0.04166666666666663,0.050420168067226934,0.8614277144571085,1.0,False
C14B_frozen,uci320,mathematics,fail_g3_lt_10,period2,histgb,c13_selected,targeted_no_sex,c14b__uci320__mathematics__fail_g3_lt_10__period2__targeted_no_sex__histgb__minus__uci320__mathematics__fail_g3_lt_10__period2__full__histgb,c14b|uci320|mathematics|fail_g3_lt_10|histgb|c13_selected|targeted_no_sex,primary,5000,3,precision_difference,0.05,12,draws/task_d965f6ee0246872f6090.npz,c003__precision_difference__0.05,0.0,0.0,0.0,0.0,0.07648313492064042,1.0,1.0,False
C14B_frozen,uci320,mathematics,fail_g3_lt_10,period2,histgb,c13_selected,targeted_no_sex,c14b__uci320__mathematics__fail_g3_lt_10__period2__targeted_no_sex__histgb__minus__uci320__mathematics__fail_g3_lt_10__period2__full__histgb,c14b|uci320|mathematics|fail_g3_lt_10|histgb|c13_selected|targeted_no_sex,primary,5000,3,precision_difference,0.1,12,draws/task_d965f6ee0246872f6090.npz,c003__precision_difference__0.10,0.025000000000000022,0.0,0.07317073170731703,0.0,0.09999999999999998,1.0,1.0,False
C14B_frozen,uci320,mathematics,fail_g3_lt_10,period2,histgb,c13_selected,targeted_no_sex,c14b__uci320__mathematics__fail_g3_lt_10__period2__targeted_no_sex__histgb__minus__uci320__mathematics__fail_g3_lt_10__period2__full__histgb,c14b|uci320|mathematics|fail_g3_lt_10|histgb|c13_selected|targeted_no_sex,primary,5000,3,precision_difference,0.2,12,draws/task_d965f6ee0246872f6090.npz,c003__precision_difference__0.20,-0.012500000000000067,-0.025000000000000022,0.0,-0.03797468354430378,0.0,1.0,1.0,False
C14B_frozen,uci320,mathematics,fail_g3_lt_10,period2,histgb,c13_selected,targeted_no_sex,c14b__uci320__mathematics__fail_g3_lt_10__period2__targeted_no_sex__histgb__minus__uci320__mathematics__fail_g3_lt_10__period2__full__histgb,c14b|uci320|mathematics|fail_g3_lt_10|histgb|c13_selected|targeted_no_sex,primary,5000,3,precision_difference,0.3,12,draws/task_d965f6ee0246872f6090.npz,c003__precision_difference__0.30,0.0,-0.01680672268907557,0.01666666666666672,-0.033333333333333326,0.025210084033613467,1.0,1.0,False
C14B_frozen,uci320,portuguese,fail_g3_lt_10,baseline,histgb,c13_selected,no_demographic_family,c14b__uci320__portuguese__fail_g3_lt_10__baseline__no_demographic_family__histgb__minus__uci320__portuguese__fail_g3_lt_10__baseline__full__histgb,c14b|uci320|portuguese|fail_g3_lt_10|histgb|c13_selected|no_demographic_family,primary,5000,3,precision_difference,0.05,12,draws/task_b3cc447bbd22e3946289.npz,c000__precision_difference__0.05,0.14705882352941174,0.03030303030303033,0.33333333333333326,-0.03030303030303033,0.3939393939393939,0.019596080783843232,0.2351529694061188,False
C14B_frozen,uci320,portuguese,fail_g3_lt_10,baseline,histgb,c13_selected,no_demographic_family,c14b__uci320__portuguese__fail_g3_lt_10__baseline__no_demographic_family__histgb__minus__uci320__portuguese__fail_g3_lt_10__baseline__full__histgb,c14b|uci320|portuguese|fail_g3_lt_10|histgb|c13_selected|no_demographic_family,primary,5000,3,precision_difference,0.1,12,draws/task_b3cc447bbd22e3946289.npz,c000__precision_difference__0.10,0.0,-0.0757575757575758,0.1076923076923077,-0.12121212121212122,0.16666666666666666,0.9062187562487503,1.0,False
C14B_frozen,uci320,portuguese,fail_g3_lt_10,baseline,histgb,c13_selected,no_demographic_family,c14b__uci320__portuguese__fail_g3_lt_10__baseline__no_demographic_family__histgb__minus__uci320__portuguese__fail_g3_lt_10__baseline__full__histgb,c14b|uci320|portuguese|fail_g3_lt_10|histgb|c13_selected|no_demographic_family,primary,5000,3,precision_difference,0.2,12,draws/task_b3cc447bbd22e3946289.npz,c000__precision_difference__0.20,0.007633587786259555,-0.05343511450381677,0.06870229007633588,-0.07692307692307693,0.09160305343511449,0.8894221155768847,1.0,False
C14B_frozen,uci320,portuguese,fail_g3_lt_10,baseline,histgb,c13_selected,no_demographic_family,c14b__uci320__portuguese__fail_g3_lt_10__baseline__no_demographic_family__histgb__minus__uci320__portuguese__fail_g3_lt_10__baseline__full__histgb,c14b|uci320|portuguese|fail_g3_lt_10|histgb|c13_selected|no_demographic_family,primary,5000,3,precision_difference,0.3,12,draws/task_b3cc447bbd22e3946289.npz,c000__precision_difference__0.30,0.020512820512820495,-0.015384615384615385,0.051282051282051266,-0.03366414835164835,0.07142857142857142,0.39952009598080385,1.0,False
C14B_frozen,uci320,portuguese,fail_g3_lt_10,period1,histgb,c13_selected,no_demographic_family,c14b__uci320__portuguese__fail_g3_lt_10__period1__no_demographic_family__histgb__minus__uci320__portuguese__fail_g3_lt_10__period1__full__histgb,c14b|uci320|portuguese|fail_g3_lt_10|histgb|c13_selected|no_demographic_family,primary,5000,3,precision_difference,0.05,12,draws/task_64c7e2d4cd52a085fb1b.npz,c000__precision_difference__0.05,-0.02941176470588236,-0.1470588235294118,0.09090909090909094,-0.20588235294117652,0.1515151515151516,0.9286142771445711,1.0,False
C14B_frozen,uci320,portuguese,fail_g3_lt_10,period1,histgb,c13_selected,no_demographic_family,c14b__uci320__portuguese__fail_g3_lt_10__period1__no_demographic_family__histgb__minus__uci320__portuguese__fail_g3_lt_10__period1__full__histgb,c14b|uci320|portuguese|fail_g3_lt_10|histgb|c13_selected|no_demographic_family,primary,5000,3,precision_difference,0.1,12,draws/task_64c7e2d4cd52a085fb1b.npz,c000__precision_difference__0.10,-0.030303030303030387,-0.06060606060606066,0.06060606060606066,-0.09230769230769231,0.09230769230769231,1.0,1.0,False
C14B_frozen,uci320,portuguese,fail_g3_lt_10,period1,histgb,c13_selected,no_demographic_family,c14b__uci320__portuguese__fail_g3_lt_10__period1__no_demographic_family__histgb__minus__uci320__portuguese__fail_g3_lt_10__period1__full__histgb,c14b|uci320|portuguese|fail_g3_lt_10|histgb|c13_selected|no_demographic_family,primary,5000,3,precision_difference,0.2,12,draws/task_64c7e2d4cd52a085fb1b.npz,c000__precision_difference__0.20,0.02290076335877861,-0.0076923076923077205,0.04580152671755722,-0.030769230769230747,0.06106870229007636,0.3675264947010598,1.0,False
C14B_frozen,uci320,portuguese,fail_g3_lt_10,period1,histgb,c13_selected,no_demographic_family,c14b__uci320__portuguese__fail_g3_lt_10__period1__no_demographic_family__histgb__minus__uci320__portuguese__fail_g3_lt_10__period1__full__histgb,c14b|uci320|portuguese|fail_g3_lt_10|histgb|c13_selected|no_demographic_family,primary,5000,3,precision_difference,0.3,12,draws/task_64c7e2d4cd52a085fb1b.npz,c000__precision_difference__0.30,0.0,-0.02051282051282055,0.02551020408163268,-0.0357142857142857,0.035897435897435936,1.0,1.0,False
C14B_frozen,uci320,portuguese,fail_g3_lt_10,period2,histgb,c13_selected,no_demographic_family,c14b__uci320__portuguese__fail_g3_lt_10__period2__no_demographic_family__histgb__minus__uci320__portuguese__fail_g3_lt_10__period2__full__histgb,c14b|uci320|portuguese|fail_g3_lt_10|histgb|c13_selected|no_demographic_family,primary,5000,3,precision_difference,0.05,12,draws/task_5acc5d5249ea32029b43.npz,c000__precision_difference__0.05,0.0,-0.11764705882352944,0.09090909090909094,-0.1515151515151515,0.1515151515151515,1.0,1.0,False
C14B_frozen,uci320,portuguese,fail_g3_lt_10,period2,histgb,c13_selected,no_demographic_family,c14b__uci320__portuguese__fail_g3_lt_10__period2__no_demographic_family__histgb__minus__uci320__portuguese__fail_g3_lt_10__period2__full__histgb,c14b|uci320|portuguese|fail_g3_lt_10|histgb|c13_selected|no_demographic_family,primary,5000,3,precision_difference,0.1,12,draws/task_5acc5d5249ea32029b43.npz,c000__precision_difference__0.10,-0.015151515151515138,-0.06060606060606066,0.03076923076923077,-0.09090909090909094,0.06060606060606066,0.8922215556888622,1.0,False
C14B_frozen,uci320,portuguese,fail_g3_lt_10,period2,histgb,c13_selected,no_demographic_family,c14b__uci320__portuguese__fail_g3_lt_10__period2__no_demographic_family__histgb__minus__uci320__portuguese__fail_g3_lt_10__period2__full__histgb,c14b|uci320|portuguese|fail_g3_lt_10|histgb|c13_selected|no_demographic_family,primary,5000,3,precision_difference,0.2,12,draws/task_5acc5d5249ea32029b43.npz,c000__precision_difference__0.20,-0.022900763358778664,-0.03076923076923077,0.022900763358778664,-0.04600778038755138,0.0383398169896262,0.8066386722655469,1.0,False
C14B_frozen,uci320,portuguese,fail_g3_lt_10,period2,histgb,c13_selected,no_demographic_family,c14b__uci320__portuguese__fail_g3_lt_10__period2__no_demographic_family__histgb__minus__uci320__portuguese__fail_g3_lt_10__period2__full__histgb,c14b|uci320|portuguese|fail_g3_lt_10|histgb|c13_selected|no_demographic_family,primary,5000,3,precision_difference,0.3,12,draws/task_5acc5d5249ea32029b43.npz,c000__precision_difference__0.30,0.01025641025641022,-0.010204081632653073,0.030612244897959218,-0.020408163265306145,0.041025641025641026,0.4443111377724455,1.0,False
C14B_frozen,uci320,portuguese,fail_g3_lt_10,baseline,histgb,c13_selected,no_sensitive_wellbeing,c14b__uci320__portuguese__fail_g3_lt_10__baseline__no_sensitive_wellbeing__histgb__minus__uci320__portuguese__fail_g3_lt_10__baseline__full__histgb,c14b|uci320|portuguese|fail_g3_lt_10|histgb|c13_selected|no_sensitive_wellbeing,primary,5000,3,precision_difference,0.05,12,draws/task_b3cc447bbd22e3946289.npz,c001__precision_difference__0.05,0.05882352941176466,-0.06060606060606061,0.2424242424242424,-0.15151515151515152,0.3030303030303031,0.41471705658868224,1.0,False
C14B_frozen,uci320,portuguese,fail_g3_lt_10,baseline,histgb,c13_selected,no_sensitive_wellbeing,c14b__uci320__portuguese__fail_g3_lt_10__baseline__no_sensitive_wellbeing__histgb__minus__uci320__portuguese__fail_g3_lt_10__baseline__full__histgb,c14b|uci320|portuguese|fail_g3_lt_10|histgb|c13_selected|no_sensitive_wellbeing,primary,5000,3,precision_difference,0.1,12,draws/task_b3cc447bbd22e3946289.npz,c001__precision_difference__0.10,-0.03030303030303033,-0.13636363636363635,0.07575757575757575,-0.18345571095571098,0.12307692307692308,0.6346730653869226,1.0,False
C14B_frozen,uci320,portuguese,fail_g3_lt_10,baseline,histgb,c13_selected,no_sensitive_wellbeing,c14b__uci320__portuguese__fail_g3_lt_10__baseline__no_sensitive_wellbeing__histgb__minus__uci320__portuguese__fail_g3_lt_10__baseline__full__histgb,c14b|uci320|portuguese|fail_g3_lt_10|histgb|c13_selected|no_sensitive_wellbeing,primary,5000,3,precision_difference,0.2,12,draws/task_b3cc447bbd22e3946289.npz,c001__precision_difference__0.20,-0.007633587786259555,-0.06106870229007633,0.03816793893129772,-0.08461538461538465,0.06153846153846154,0.7618476304739052,1.0,False
C14B_frozen,uci320,portuguese,fail_g3_lt_10,baseline,histgb,c13_selected,no_sensitive_wellbeing,c14b__uci320__portuguese__fail_g3_lt_10__baseline__no_sensitive_wellbeing__histgb__minus__uci320__portuguese__fail_g3_lt_10__baseline__full__histgb,c14b|uci320|portuguese|fail_g3_lt_10|histgb|c13_selected|no_sensitive_wellbeing,primary,5000,3,precision_difference,0.3,12,draws/task_b3cc447bbd22e3946289.npz,c001__precision_difference__0.30,-0.010256410256410275,-0.03076923076923077,0.020408163265306117,-0.04388992455956741,0.033664148351648944,0.7254549090181963,1.0,False
C14B_frozen,uci320,portuguese,fail_g3_lt_10,period1,histgb,c13_selected,no_sensitive_wellbeing,c14b__uci320__portuguese__fail_g3_lt_10__period1__no_sensitive_wellbeing__histgb__minus__uci320__portuguese__fail_g3_lt_10__period1__full__histgb,c14b|uci320|portuguese|fail_g3_lt_10|histgb|c13_selected|no_sensitive_wellbeing,primary,5000,3,precision_difference,0.05,12,draws/task_64c7e2d4cd52a085fb1b.npz,c001__precision_difference__0.05,0.02941176470588236,-0.06060606060606066,0.18181818181818188,-0.12121212121212122,0.27272727272727276,0.5250949810037993,1.0,False
C14B_frozen,uci320,portuguese,fail_g3_lt_10,period1,histgb,c13_selected,no_sensitive_wellbeing,c14b__uci320__portuguese__fail_g3_lt_10__period1__no_sensitive_wellbeing__histgb__minus__uci320__portuguese__fail_g3_lt_10__period1__full__histgb,c14b|uci320|portuguese|fail_g3_lt_10|histgb|c13_selected|no_sensitive_wellbeing,primary,5000,3,precision_difference,0.1,12,draws/task_64c7e2d4cd52a085fb1b.npz,c001__precision_difference__0.10,0.015151515151515138,-0.045454545454545414,0.10769230769230764,-0.06153846153846154,0.16038510101010287,0.6014797040591882,1.0,False
C14B_frozen,uci320,portuguese,fail_g3_lt_10,period1,histgb,c13_selected,no_sensitive_wellbeing,c14b__uci320__portuguese__fail_g3_lt_10__period1__no_sensitive_wellbeing__histgb__minus__uci320__portuguese__fail_g3_lt_10__period1__full__histgb,c14b|uci320|portuguese|fail_g3_lt_10|histgb|c13_selected|no_sensitive_wellbeing,primary,5000,3,precision_difference,0.2,12,draws/task_64c7e2d4cd52a085fb1b.npz,c001__precision_difference__0.20,0.0,-0.03816793893129772,0.02307692307692305,-0.053846153846153856,0.038461538461538436,0.9734053189362127,1.0,False
C14B_frozen,uci320,portuguese,fail_g3_lt_10,period1,histgb,c13_selected,no_sensitive_wellbeing,c14b__uci320__portuguese__fail_g3_lt_10__period1__no_sensitive_wellbeing__histgb__minus__uci320__portuguese__fail_g3_lt_10__period1__full__histgb,c14b|uci320|portuguese|fail_g3_lt_10|histgb|c13_selected|no_sensitive_wellbeing,primary,5000,3,precision_difference,0.3,12,draws/task_64c7e2d4cd52a085fb1b.npz,c001__precision_difference__0.30,0.00512820512820511,-0.02551020408163268,0.015384615384615385,-0.040816326530612235,0.025641025641025637,1.0,1.0,False
C14B_frozen,uci320,portuguese,fail_g3_lt_10,period2,histgb,c13_selected,no_sensitive_wellbeing,c14b__uci320__portuguese__fail_g3_lt_10__period2__no_sensitive_wellbeing__histgb__minus__uci320__portuguese__fail_g3_lt_10__period2__full__histgb,c14b|uci320|portuguese|fail_g3_lt_10|histgb|c13_selected|no_sensitive_wellbeing,primary,5000,3,precision_difference,0.05,12,draws/task_5acc5d5249ea32029b43.npz,c001__precision_difference__0.05,0.05882352941176472,-0.02941176470588236,0.1515151515151516,-0.06060606060606066,0.21212121212121215,0.34033193361327735,1.0,False
C14B_frozen,uci320,portuguese,fail_g3_lt_10,period2,histgb,c13_selected,no_sensitive_wellbeing,c14b__uci320__portuguese__fail_g3_lt_10__period2__no_sensitive_wellbeing__histgb__minus__uci320__portuguese__fail_g3_lt_10__period2__full__histgb,c14b|uci320|portuguese|fail_g3_lt_10|histgb|c13_selected|no_sensitive_wellbeing,primary,5000,3,precision_difference,0.1,12,draws/task_5acc5d5249ea32029b43.npz,c001__precision_difference__0.10,0.0,-0.0461538461538461,0.06060606060606066,-0.0757575757575758,0.10035887723387892,1.0,1.0,False
C14B_frozen,uci320,portuguese,fail_g3_lt_10,period2,histgb,c13_selected,no_sensitive_wellbeing,c14b__uci320__portuguese__fail_g3_lt_10__period2__no_sensitive_wellbeing__histgb__minus__uci320__portuguese__fail_g3_lt_10__period2__full__histgb,c14b|uci320|portuguese|fail_g3_lt_10|histgb|c13_selected|no_sensitive_wellbeing,primary,5000,3,precision_difference,0.2,12,draws/task_5acc5d5249ea32029b43.npz,c001__precision_difference__0.20,-0.007633587786259555,-0.03076923076923077,0.015384615384615441,-0.05343511450381677,0.03053435114503822,0.8882223555288942,1.0,False
C14B_frozen,uci320,portuguese,fail_g3_lt_10,period2,histgb,c13_selected,no_sensitive_wellbeing,c14b__uci320__portuguese__fail_g3_lt_10__period2__no_sensitive_wellbeing__histgb__minus__uci320__portuguese__fail_g3_lt_10__period2__full__histgb,c14b|uci320|portuguese|fail_g3_lt_10|histgb|c13_selected|no_sensitive_wellbeing,primary,5000,3,precision_difference,0.3,12,draws/task_5acc5d5249ea32029b43.npz,c001__precision_difference__0.30,-0.0051282051282051655,-0.020512820512820495,0.020408163265306145,-0.03076923076923077,0.030704147043432793,1.0,1.0,False
C14B_frozen,uci320,portuguese,fail_g3_lt_10,baseline,histgb,c13_selected,school_observable_only,c14b__uci320__portuguese__fail_g3_lt_10__baseline__school_observable_only__histgb__minus__uci320__portuguese__fail_g3_lt_10__baseline__full__histgb,c14b|uci320|portuguese|fail_g3_lt_10|histgb|c13_selected|school_observable_only,primary,5000,3,precision_difference,0.05,12,draws/task_b3cc447bbd22e3946289.npz,c002__precision_difference__0.05,0.05882352941176466,-0.09090909090909094,0.24242424242424243,-0.1818181818181818,0.33333333333333337,0.5330933813237353,1.0,False
C14B_frozen,uci320,portuguese,fail_g3_lt_10,baseline,histgb,c13_selected,school_observable_only,c14b__uci320__portuguese__fail_g3_lt_10__baseline__school_observable_only__histgb__minus__uci320__portuguese__fail_g3_lt_10__baseline__full__histgb,c14b|uci320|portuguese|fail_g3_lt_10|histgb|c13_selected|school_observable_only,primary,5000,3,precision_difference,0.1,12,draws/task_b3cc447bbd22e3946289.npz,c002__precision_difference__0.10,0.0,-0.10606060606060608,0.10769230769230764,-0.1515151515151515,0.16666666666666669,1.0,1.0,False
C14B_frozen,uci320,portuguese,fail_g3_lt_10,baseline,histgb,c13_selected,school_observable_only,c14b__uci320__portuguese__fail_g3_lt_10__baseline__school_observable_only__histgb__minus__uci320__portuguese__fail_g3_lt_10__baseline__full__histgb,c14b|uci320|portuguese|fail_g3_lt_10|histgb|c13_selected|school_observable_only,primary,5000,3,precision_difference,0.2,12,draws/task_b3cc447bbd22e3946289.npz,c002__precision_difference__0.20,0.0,-0.0692307692307692,0.06106870229007633,-0.09923664122137404,0.09160305343511455,1.0,1.0,False
C14B_frozen,uci320,portuguese,fail_g3_lt_10,baseline,histgb,c13_selected,school_observable_only,c14b__uci320__portuguese__fail_g3_lt_10__baseline__school_observable_only__histgb__minus__uci320__portuguese__fail_g3_lt_10__baseline__full__histgb,c14b|uci320|portuguese|fail_g3_lt_10|histgb|c13_selected|school_observable_only,primary,5000,3,precision_difference,0.3,12,draws/task_b3cc447bbd22e3946289.npz,c002__precision_difference__0.30,-0.020512820512820495,-0.06632653061224492,0.025510204081632626,-0.08699508328972613,0.04081632653061226,0.395120975804839,1.0,False
C14B_frozen,uci320,portuguese,fail_g3_lt_10,period1,histgb,c13_selected,school_observable_only,c14b__uci320__portuguese__fail_g3_lt_10__period1__school_observable_only__histgb__minus__uci320__portuguese__fail_g3_lt_10__period1__full__histgb,c14b|uci320|portuguese|fail_g3_lt_10|histgb|c13_selected|school_observable_only,primary,5000,3,precision_difference,0.05,12,draws/task_64c7e2d4cd52a085fb1b.npz,c002__precision_difference__0.05,0.05882352941176472,-0.09090909090909094,0.20588235294117652,-0.1515151515151515,0.2727272727272727,0.5970805838832234,1.0,False
C14B_frozen,uci320,portuguese,fail_g3_lt_10,period1,histgb,c13_selected,school_observable_only,c14b__uci320__portuguese__fail_g3_lt_10__period1__school_observable_only__histgb__minus__uci320__portuguese__fail_g3_lt_10__period1__full__histgb,c14b|uci320|portuguese|fail_g3_lt_10|histgb|c13_selected|school_observable_only,primary,5000,3,precision_difference,0.1,12,draws/task_64c7e2d4cd52a085fb1b.npz,c002__precision_difference__0.10,-0.030303030303030387,-0.10606060606060608,0.07575757575757569,-0.13636363636363638,0.12121212121212122,0.8414317136572685,1.0,False
C14B_frozen,uci320,portuguese,fail_g3_lt_10,period1,histgb,c13_selected,school_observable_only,c14b__uci320__portuguese__fail_g3_lt_10__period1__school_observable_only__histgb__minus__uci320__portuguese__fail_g3_lt_10__period1__full__histgb,c14b|uci320|portuguese|fail_g3_lt_10|histgb|c13_selected|school_observable_only,primary,5000,3,precision_difference,0.2,12,draws/task_64c7e2d4cd52a085fb1b.npz,c002__precision_difference__0.20,0.0,-0.05343511450381677,0.038461538461538436,-0.07633587786259541,0.05384615384615388,0.8758248350329934,1.0,False
C14B_frozen,uci320,portuguese,fail_g3_lt_10,period1,histgb,c13_selected,school_observable_only,c14b__uci320__portuguese__fail_g3_lt_10__period1__school_observable_only__histgb__minus__uci320__portuguese__fail_g3_lt_10__period1__full__histgb,c14b|uci320|portuguese|fail_g3_lt_10|histgb|c13_selected|school_observable_only,primary,5000,3,precision_difference,0.3,12,draws/task_64c7e2d4cd52a085fb1b.npz,c002__precision_difference__0.30,-0.015384615384615385,-0.040816326530612235,0.02551020408163268,-0.051282051282051266,0.04093886272457704,0.6710657868426315,1.0,False
C14B_frozen,uci320,portuguese,fail_g3_lt_10,period2,histgb,c13_selected,school_observable_only,c14b__uci320__portuguese__fail_g3_lt_10__period2__school_observable_only__histgb__minus__uci320__portuguese__fail_g3_lt_10__period2__full__histgb,c14b|uci320|portuguese|fail_g3_lt_10|histgb|c13_selected|school_observable_only,primary,5000,3,precision_difference,0.05,12,draws/task_5acc5d5249ea32029b43.npz,c002__precision_difference__0.05,0.02941176470588236,-0.08823529411764708,0.12121212121212122,-0.12121212121212122,0.17647058823529405,0.9154169166166767,1.0,False
C14B_frozen,uci320,portuguese,fail_g3_lt_10,period2,histgb,c13_selected,school_observable_only,c14b__uci320__portuguese__fail_g3_lt_10__period2__school_observable_only__histgb__minus__uci320__portuguese__fail_g3_lt_10__period2__full__histgb,c14b|uci320|portuguese|fail_g3_lt_10|histgb|c13_selected|school_observable_only,primary,5000,3,precision_difference,0.1,12,draws/task_5acc5d5249ea32029b43.npz,c002__precision_difference__0.10,0.015151515151515138,-0.045454545454545525,0.0757575757575758,-0.0757575757575758,0.10769230769230771,0.8002399520095981,1.0,False
C14B_frozen,uci320,portuguese,fail_g3_lt_10,period2,histgb,c13_selected,school_observable_only,c14b__uci320__portuguese__fail_g3_lt_10__period2__school_observable_only__histgb__minus__uci320__portuguese__fail_g3_lt_10__period2__full__histgb,c14b|uci320|portuguese|fail_g3_lt_10|histgb|c13_selected|school_observable_only,primary,5000,3,precision_difference,0.2,12,draws/task_5acc5d5249ea32029b43.npz,c002__precision_difference__0.20,-0.022900763358778664,-0.05384615384615388,0.007692307692307776,-0.07633587786259544,0.023076923076923106,0.34393121375724856,1.0,False
C14B_frozen,uci320,portuguese,fail_g3_lt_10,period2,histgb,c13_selected,school_observable_only,c14b__uci320__portuguese__fail_g3_lt_10__period2__school_observable_only__histgb__minus__uci320__portuguese__fail_g3_lt_10__period2__full__histgb,c14b|uci320|portuguese|fail_g3_lt_10|histgb|c13_selected|school_observable_only,primary,5000,3,precision_difference,0.3,12,draws/task_5acc5d5249ea32029b43.npz,c002__precision_difference__0.30,0.00512820512820511,-0.015306122448979609,0.02564102564102566,-0.025641025641025605,0.03589743589743588,0.7842431513697261,1.0,False
C14B_frozen,uci320,portuguese,fail_g3_lt_10,baseline,histgb,c13_selected,targeted_no_sex,c14b__uci320__portuguese__fail_g3_lt_10__baseline__targeted_no_sex__histgb__minus__uci320__portuguese__fail_g3_lt_10__baseline__full__histgb,c14b|uci320|portuguese|fail_g3_lt_10|histgb|c13_selected|targeted_no_sex,primary,5000,3,precision_difference,0.05,12,draws/task_b3cc447bbd22e3946289.npz,c003__precision_difference__0.05,0.029411764705882304,-0.06060606060606061,0.1515151515151515,-0.12121212121212122,0.2121212121212121,0.6038792241551689,1.0,False
C14B_frozen,uci320,portuguese,fail_g3_lt_10,baseline,histgb,c13_selected,targeted_no_sex,c14b__uci320__portuguese__fail_g3_lt_10__baseline__targeted_no_sex__histgb__minus__uci320__portuguese__fail_g3_lt_10__baseline__full__histgb,c14b|uci320|portuguese|fail_g3_lt_10|histgb|c13_selected|targeted_no_sex,primary,5000,3,precision_difference,0.1,12,draws/task_b3cc447bbd22e3946289.npz,c003__precision_difference__0.10,-0.03030303030303033,-0.09090909090909094,0.06060606060606061,-0.13636363636363635,0.09230769230769231,0.848630273945211,1.0,False
C14B_frozen,uci320,portuguese,fail_g3_lt_10,baseline,histgb,c13_selected,targeted_no_sex,c14b__uci320__portuguese__fail_g3_lt_10__baseline__targeted_no_sex__histgb__minus__uci320__portuguese__fail_g3_lt_10__baseline__full__histgb,c14b|uci320|portuguese|fail_g3_lt_10|histgb|c13_selected|targeted_no_sex,primary,5000,3,precision_difference,0.2,12,draws/task_b3cc447bbd22e3946289.npz,c003__precision_difference__0.20,0.007633587786259555,-0.023076923076923106,0.046153846153846156,-0.042758489919749454,0.06153846153846154,0.7214557088582284,1.0,False
C14B_frozen,uci320,portuguese,fail_g3_lt_10,baseline,histgb,c13_selected,targeted_no_sex,c14b__uci320__portuguese__fail_g3_lt_10__baseline__targeted_no_sex__histgb__minus__uci320__portuguese__fail_g3_lt_10__baseline__full__histgb,c14b|uci320|portuguese|fail_g3_lt_10|histgb|c13_selected|targeted_no_sex,primary,5000,3,precision_difference,0.3,12,draws/task_b3cc447bbd22e3946289.npz,c003__precision_difference__0.30,-0.010256410256410275,-0.03061224489795919,0.020408163265306145,-0.04081632653061226,0.03076923076923077,0.8902219556088782,1.0,False
C14B_frozen,uci320,portuguese,fail_g3_lt_10,period1,histgb,c13_selected,targeted_no_sex,c14b__uci320__portuguese__fail_g3_lt_10__period1__targeted_no_sex__histgb__minus__uci320__portuguese__fail_g3_lt_10__period1__full__histgb,c14b|uci320|portuguese|fail_g3_lt_10|histgb|c13_selected|targeted_no_sex,primary,5000,3,precision_difference,0.05,12,draws/task_64c7e2d4cd52a085fb1b.npz,c003__precision_difference__0.05,0.02941176470588236,-0.06060606060606055,0.12121212121212122,-0.1176470588235294,0.17960115864527693,0.7806438712257548,1.0,False
C14B_frozen,uci320,portuguese,fail_g3_lt_10,period1,histgb,c13_selected,targeted_no_sex,c14b__uci320__portuguese__fail_g3_lt_10__period1__targeted_no_sex__histgb__minus__uci320__portuguese__fail_g3_lt_10__period1__full__histgb,c14b|uci320|portuguese|fail_g3_lt_10|histgb|c13_selected|targeted_no_sex,primary,5000,3,precision_difference,0.1,12,draws/task_64c7e2d4cd52a085fb1b.npz,c003__precision_difference__0.10,-0.045454545454545525,-0.09090909090909083,0.045454545454545414,-0.10769230769230773,0.07575757575757569,0.7306538692261547,1.0,False
C14B_frozen,uci320,portuguese,fail_g3_lt_10,period1,histgb,c13_selected,targeted_no_sex,c14b__uci320__portuguese__fail_g3_lt_10__period1__targeted_no_sex__histgb__minus__uci320__portuguese__fail_g3_lt_10__period1__full__histgb,c14b|uci320|portuguese|fail_g3_lt_10|histgb|c13_selected|targeted_no_sex,primary,5000,3,precision_difference,0.2,12,draws/task_64c7e2d4cd52a085fb1b.npz,c003__precision_difference__0.20,0.007633587786259555,-0.030769230769230715,0.022900763358778664,-0.046153846153846136,0.038339816989626165,1.0,1.0,False
C14B_frozen,uci320,portuguese,fail_g3_lt_10,period1,histgb,c13_selected,targeted_no_sex,c14b__uci320__portuguese__fail_g3_lt_10__period1__targeted_no_sex__histgb__minus__uci320__portuguese__fail_g3_lt_10__period1__full__histgb,c14b|uci320|portuguese|fail_g3_lt_10|histgb|c13_selected|targeted_no_sex,primary,5000,3,precision_difference,0.3,12,draws/task_64c7e2d4cd52a085fb1b.npz,c003__precision_difference__0.30,-0.0051282051282051655,-0.015384615384615385,0.02040816326530609,-0.02564102564102566,0.030612244897959162,1.0,1.0,False
C14B_frozen,uci320,portuguese,fail_g3_lt_10,period2,histgb,c13_selected,targeted_no_sex,c14b__uci320__portuguese__fail_g3_lt_10__period2__targeted_no_sex__histgb__minus__uci320__portuguese__fail_g3_lt_10__period2__full__histgb,c14b|uci320|portuguese|fail_g3_lt_10|histgb|c13_selected|targeted_no_sex,primary,5000,3,precision_difference,0.05,12,draws/task_5acc5d5249ea32029b43.npz,c003__precision_difference__0.05,0.02941176470588236,-0.05882352941176472,0.08823529411764708,-0.0909090909090909,0.12121212121212122,1.0,1.0,False
C14B_frozen,uci320,portuguese,fail_g3_lt_10,period2,histgb,c13_selected,targeted_no_sex,c14b__uci320__portuguese__fail_g3_lt_10__period2__targeted_no_sex__histgb__minus__uci320__portuguese__fail_g3_lt_10__period2__full__histgb,c14b|uci320|portuguese|fail_g3_lt_10|histgb|c13_selected|targeted_no_sex,primary,5000,3,precision_difference,0.1,12,draws/task_5acc5d5249ea32029b43.npz,c003__precision_difference__0.10,-0.015151515151515138,-0.03076923076923077,0.03076923076923077,-0.04615384615384621,0.06060606060606055,1.0,1.0,False
C14B_frozen,uci320,portuguese,fail_g3_lt_10,period2,histgb,c13_selected,targeted_no_sex,c14b__uci320__portuguese__fail_g3_lt_10__period2__targeted_no_sex__histgb__minus__uci320__portuguese__fail_g3_lt_10__period2__full__histgb,c14b|uci320|portuguese|fail_g3_lt_10|histgb|c13_selected|targeted_no_sex,primary,5000,3,precision_difference,0.2,12,draws/task_5acc5d5249ea32029b43.npz,c003__precision_difference__0.20,0.0,-0.01538461538461533,0.023076923076922995,-0.03053435114503822,0.038167938931297725,1.0,1.0,False
C14B_frozen,uci320,portuguese,fail_g3_lt_10,period2,histgb,c13_selected,targeted_no_sex,c14b__uci320__portuguese__fail_g3_lt_10__period2__targeted_no_sex__histgb__minus__uci320__portuguese__fail_g3_lt_10__period2__full__histgb,c14b|uci320|portuguese|fail_g3_lt_10|histgb|c13_selected|targeted_no_sex,primary,5000,3,precision_difference,0.3,12,draws/task_5acc5d5249ea32029b43.npz,c003__precision_difference__0.30,0.00512820512820511,-0.0051282051282051655,0.02051282051282055,-0.015306122448979609,0.03076923076923077,0.6966606678664267,1.0,False
C14B_frozen,uci697,all,dropout_vs_graduate,enrollment,histgb,c13_selected,legacy_operational,c14b__uci697__all__dropout_vs_graduate__enrollment__legacy_operational__histgb__minus__uci697__all__dropout_vs_graduate__enrollment__full__histgb,c14b|uci697|all|dropout_vs_graduate|histgb|c13_selected|legacy_operational,primary,5000,2,precision_difference,0.05,8,draws/task_9226774e375e27c17f05.npz,c000__precision_difference__0.05,-0.3492063492063492,-0.4263157894736842,-0.2722513089005235,-0.4578947368421053,-0.24011513157894643,0.0003999200159968006,0.003199360127974405,True
C14B_frozen,uci697,all,dropout_vs_graduate,enrollment,histgb,c13_selected,legacy_operational,c14b__uci697__all__dropout_vs_graduate__enrollment__legacy_operational__histgb__minus__uci697__all__dropout_vs_graduate__enrollment__full__histgb,c14b|uci697|all|dropout_vs_graduate|histgb|c13_selected|legacy_operational,primary,5000,2,precision_difference,0.1,8,draws/task_9226774e375e27c17f05.npz,c000__precision_difference__0.10,-0.3261455525606469,-0.38441898330273633,-0.27567567567567575,-0.40540540540540543,-0.25649506902455005,0.0003999200159968006,0.003199360127974405,True
C14B_frozen,uci697,all,dropout_vs_graduate,enrollment,histgb,c13_selected,legacy_operational,c14b__uci697__all__dropout_vs_graduate__enrollment__legacy_operational__histgb__minus__uci697__all__dropout_vs_graduate__enrollment__full__histgb,c14b|uci697|all|dropout_vs_graduate|histgb|c13_selected|legacy_operational,primary,5000,2,precision_difference,0.2,8,draws/task_9226774e375e27c17f05.npz,c000__precision_difference__0.20,-0.2237380627557981,-0.2633015006821282,-0.19072920721422087,-0.27633378932968533,-0.17589842399567304,0.0003999200159968006,0.003199360127974405,True
C14B_frozen,uci697,all,dropout_vs_graduate,enrollment,histgb,c13_selected,legacy_operational,c14b__uci697__all__dropout_vs_graduate__enrollment__legacy_operational__histgb__minus__uci697__all__dropout_vs_graduate__enrollment__full__histgb,c14b|uci697|all|dropout_vs_graduate|histgb|c13_selected|legacy_operational,primary,5000,2,precision_difference,0.3,8,draws/task_9226774e375e27c17f05.npz,c000__precision_difference__0.30,-0.17974452554744524,-0.20218579234972672,-0.14858705560619867,-0.2133826171991962,-0.13764813126709208,0.0003999200159968006,0.003199360127974405,True
C14B_frozen,uci697,all,dropout_vs_graduate,semester1,histgb,c13_selected,legacy_operational,c14b__uci697__all__dropout_vs_graduate__semester1__legacy_operational__histgb__minus__uci697__all__dropout_vs_graduate__semester1__full__histgb,c14b|uci697|all|dropout_vs_graduate|histgb|c13_selected|legacy_operational,primary,5000,2,precision_difference,0.05,8,draws/task_e0f0f655047d46f08c47.npz,c000__precision_difference__0.05,-0.031746031746031744,-0.05789473684210522,-0.005319148936170248,-0.06878306878306877,0.0,0.01279744051189762,0.10237952409518096,False
C14B_frozen,uci697,all,dropout_vs_graduate,semester1,histgb,c13_selected,legacy_operational,c14b__uci697__all__dropout_vs_graduate__semester1__legacy_operational__histgb__minus__uci697__all__dropout_vs_graduate__semester1__full__histgb,c14b|uci697|all|dropout_vs_graduate|histgb|c13_selected|legacy_operational,primary,5000,2,precision_difference,0.1,8,draws/task_e0f0f655047d46f08c47.npz,c000__precision_difference__0.10,-0.013477088948787075,-0.035230352303523005,0.0,-0.045698924731182755,0.005405405405405392,0.05838832233553289,0.46710657868426314,False
C14B_frozen,uci697,all,dropout_vs_graduate,semester1,histgb,c13_selected,legacy_operational,c14b__uci697__all__dropout_vs_graduate__semester1__legacy_operational__histgb__minus__uci697__all__dropout_vs_graduate__semester1__full__histgb,c14b|uci697|all|dropout_vs_graduate|histgb|c13_selected|legacy_operational,primary,5000,2,precision_difference,0.2,8,draws/task_e0f0f655047d46f08c47.npz,c000__precision_difference__0.20,-0.03547066848567537,-0.050546448087431695,-0.016393442622950838,-0.05737704918032786,-0.01089918256130791,0.0003999200159968006,0.003199360127974405,True
C14B_frozen,uci697,all,dropout_vs_graduate,semester1,histgb,c13_selected,legacy_operational,c14b__uci697__all__dropout_vs_graduate__semester1__legacy_operational__histgb__minus__uci697__all__dropout_vs_graduate__semester1__full__histgb,c14b|uci697|all|dropout_vs_graduate|histgb|c13_selected|legacy_operational,primary,5000,2,precision_difference,0.3,8,draws/task_e0f0f655047d46f08c47.npz,c000__precision_difference__0.30,-0.03558394160583944,-0.046490428441203324,-0.019108280254777066,-0.05287146763901551,-0.012769319652469602,0.0003999200159968006,0.003199360127974405,True
C14B_frozen,uci697,all,dropout_vs_graduate,enrollment,histgb,c13_selected,no_direct_personal,c14b__uci697__all__dropout_vs_graduate__enrollment__no_direct_personal__histgb__minus__uci697__all__dropout_vs_graduate__enrollment__full__histgb,c14b|uci697|all|dropout_vs_graduate|histgb|c13_selected|no_direct_personal,primary,5000,2,precision_difference,0.05,8,draws/task_9226774e375e27c17f05.npz,c008__precision_difference__0.05,-0.010582010582010581,-0.031746031746031744,0.015789473684210464,-0.042328042328042326,0.02617801047120427,0.6362727454509098,1.0,False
C14B_frozen,uci697,all,dropout_vs_graduate,enrollment,histgb,c13_selected,no_direct_personal,c14b__uci697__all__dropout_vs_graduate__enrollment__no_direct_personal__histgb__minus__uci697__all__dropout_vs_graduate__enrollment__full__histgb,c14b|uci697|all|dropout_vs_graduate|histgb|c13_selected|no_direct_personal,primary,5000,2,precision_difference,0.1,8,draws/task_9226774e375e27c17f05.npz,c008__precision_difference__0.10,-0.005390835579514808,-0.027027027027026973,0.013440860215053752,-0.03513513513513511,0.02158537917971884,0.5162967406518696,1.0,False
C14B_frozen,uci697,all,dropout_vs_graduate,enrollment,histgb,c13_selected,no_direct_personal,c14b__uci697__all__dropout_vs_graduate__enrollment__no_direct_personal__histgb__minus__uci697__all__dropout_vs_graduate__enrollment__full__histgb,c14b|uci697|all|dropout_vs_graduate|histgb|c13_selected|no_direct_personal,primary,5000,2,precision_difference,0.2,8,draws/task_9226774e375e27c17f05.npz,c008__precision_difference__0.20,-0.0013642564802183177,-0.021857923497267784,0.012360221858248505,-0.02998821377192751,0.020418676666852015,0.6846630673865227,1.0,False
C14B_frozen,uci697,all,dropout_vs_graduate,enrollment,histgb,c13_selected,no_direct_personal,c14b__uci697__all__dropout_vs_graduate__enrollment__no_direct_personal__histgb__minus__uci697__all__dropout_vs_graduate__enrollment__full__histgb,c14b|uci697|all|dropout_vs_graduate|histgb|c13_selected|no_direct_personal,primary,5000,2,precision_difference,0.3,8,draws/task_9226774e375e27c17f05.npz,c008__precision_difference__0.30,-0.010036496350364965,-0.022810218978102204,0.008211678832116712,-0.029137452378602224,0.014585232452142272,0.38912217556488704,1.0,False
C14B_frozen,uci697,all,dropout_vs_graduate,semester1,histgb,c13_selected,no_direct_personal,c14b__uci697__all__dropout_vs_graduate__semester1__no_direct_personal__histgb__minus__uci697__all__dropout_vs_graduate__semester1__full__histgb,c14b|uci697|all|dropout_vs_graduate|histgb|c13_selected|no_direct_personal,primary,5000,2,precision_difference,0.05,8,draws/task_e0f0f655047d46f08c47.npz,c008__precision_difference__0.05,-0.005291005291005346,-0.015873015873015928,0.005319148936170248,-0.021276595744680882,0.015706806282722585,1.0,1.0,False
C14B_frozen,uci697,all,dropout_vs_graduate,semester1,histgb,c13_selected,no_direct_personal,c14b__uci697__all__dropout_vs_graduate__semester1__no_direct_personal__histgb__minus__uci697__all__dropout_vs_graduate__semester1__full__histgb,c14b|uci697|all|dropout_vs_graduate|histgb|c13_selected|no_direct_personal,primary,5000,2,precision_difference,0.1,8,draws/task_e0f0f655047d46f08c47.npz,c008__precision_difference__0.10,0.0,-0.008216466079962768,0.008152173913043459,-0.013527361202666118,0.013513513513513487,1.0,1.0,False
C14B_frozen,uci697,all,dropout_vs_graduate,semester1,histgb,c13_selected,no_direct_personal,c14b__uci697__all__dropout_vs_graduate__semester1__no_direct_personal__histgb__minus__uci697__all__dropout_vs_graduate__semester1__full__histgb,c14b|uci697|all|dropout_vs_graduate|histgb|c13_selected|no_direct_personal,primary,5000,2,precision_difference,0.2,8,draws/task_e0f0f655047d46f08c47.npz,c008__precision_difference__0.20,0.0,-0.009549795361528002,0.008185538881309684,-0.013623978201634898,0.010928961748633892,0.9854029194161168,1.0,False
C14B_frozen,uci697,all,dropout_vs_graduate,semester1,histgb,c13_selected,no_direct_personal,c14b__uci697__all__dropout_vs_graduate__semester1__no_direct_personal__histgb__minus__uci697__all__dropout_vs_graduate__semester1__full__histgb,c14b|uci697|all|dropout_vs_graduate|histgb|c13_selected|no_direct_personal,primary,5000,2,precision_difference,0.3,8,draws/task_e0f0f655047d46f08c47.npz,c008__precision_difference__0.30,0.0,-0.009124087591240948,0.008204193254329972,-0.013673655423883255,0.010958904109588996,0.9042191561687662,1.0,False
C14B_frozen,uci697,all,dropout_vs_graduate,enrollment,histgb,c13_selected,no_family_financial,c14b__uci697__all__dropout_vs_graduate__enrollment__no_family_financial__histgb__minus__uci697__all__dropout_vs_graduate__enrollment__full__histgb,c14b|uci697|all|dropout_vs_graduate|histgb|c13_selected|no_family_financial,primary,5000,2,precision_difference,0.05,8,draws/task_9226774e375e27c17f05.npz,c009__precision_difference__0.05,-0.23809523809523803,-0.2894736842105263,-0.15706806282722507,-0.3095152762469,-0.12740417088821337,0.0003999200159968006,0.003199360127974405,True
C14B_frozen,uci697,all,dropout_vs_graduate,enrollment,histgb,c13_selected,no_family_financial,c14b__uci697__all__dropout_vs_graduate__enrollment__no_family_financial__histgb__minus__uci697__all__dropout_vs_graduate__enrollment__full__histgb,c14b|uci697|all|dropout_vs_graduate|histgb|c13_selected|no_family_financial,primary,5000,2,precision_difference,0.1,8,draws/task_9226774e375e27c17f05.npz,c009__precision_difference__0.10,-0.21832884097035044,-0.26881720430107525,-0.1707317073170732,-0.2874033596686773,-0.15104366463237415,0.0003999200159968006,0.003199360127974405,True
C14B_frozen,uci697,all,dropout_vs_graduate,enrollment,histgb,c13_selected,no_family_financial,c14b__uci697__all__dropout_vs_graduate__enrollment__no_family_financial__histgb__minus__uci697__all__dropout_vs_graduate__enrollment__full__histgb,c14b|uci697|all|dropout_vs_graduate|histgb|c13_selected|no_family_financial,primary,5000,2,precision_difference,0.2,8,draws/task_9226774e375e27c17f05.npz,c009__precision_difference__0.20,-0.16098226466575716,-0.19645293315143253,-0.13096862210095506,-0.20901639344262296,-0.1185681919425341,0.0003999200159968006,0.003199360127974405,True
C14B_frozen,uci697,all,dropout_vs_graduate,enrollment,histgb,c13_selected,no_family_financial,c14b__uci697__all__dropout_vs_graduate__enrollment__no_family_financial__histgb__minus__uci697__all__dropout_vs_graduate__enrollment__full__histgb,c14b|uci697|all|dropout_vs_graduate|histgb|c13_selected|no_family_financial,primary,5000,2,precision_difference,0.3,8,draws/task_9226774e375e27c17f05.npz,c009__precision_difference__0.30,-0.125,-0.1449407474931632,-0.09853790031206539,-0.1551094890510949,-0.09167244445025581,0.0003999200159968006,0.003199360127974405,True
C14B_frozen,uci697,all,dropout_vs_graduate,semester1,histgb,c13_selected,no_family_financial,c14b__uci697__all__dropout_vs_graduate__semester1__no_family_financial__histgb__minus__uci697__all__dropout_vs_graduate__semester1__full__histgb,c14b|uci697|all|dropout_vs_graduate|histgb|c13_selected|no_family_financial,primary,5000,2,precision_difference,0.05,8,draws/task_e0f0f655047d46f08c47.npz,c009__precision_difference__0.05,-0.02645502645502651,-0.047368421052631615,0.0,-0.05759162303664922,0.005291005291005235,0.057588482303539294,0.46070785842831435,False
C14B_frozen,uci697,all,dropout_vs_graduate,semester1,histgb,c13_selected,no_family_financial,c14b__uci697__all__dropout_vs_graduate__semester1__no_family_financial__histgb__minus__uci697__all__dropout_vs_graduate__semester1__full__histgb,c14b|uci697|all|dropout_vs_graduate|histgb|c13_selected|no_family_financial,primary,5000,2,precision_difference,0.1,8,draws/task_e0f0f655047d46f08c47.npz,c009__precision_difference__0.10,-0.013477088948787075,-0.03217158176943702,0.0026881720430107503,-0.04047258596197275,0.008086253369272267,0.11637672465506899,0.9310137972405519,False
C14B_frozen,uci697,all,dropout_vs_graduate,semester1,histgb,c13_selected,no_family_financial,c14b__uci697__all__dropout_vs_graduate__semester1__no_family_financial__histgb__minus__uci697__all__dropout_vs_graduate__semester1__full__histgb,c14b|uci697|all|dropout_vs_graduate|histgb|c13_selected|no_family_financial,primary,5000,2,precision_difference,0.2,8,draws/task_e0f0f655047d46f08c47.npz,c009__precision_difference__0.20,-0.02592087312414737,-0.042349726775956276,-0.010943538681198753,-0.04913860342629657,-0.00545702592087316,0.0007998400319936012,0.00639872025594881,True
C14B_frozen,uci697,all,dropout_vs_graduate,semester1,histgb,c13_selected,no_family_financial,c14b__uci697__all__dropout_vs_graduate__semester1__no_family_financial__histgb__minus__uci697__all__dropout_vs_graduate__semester1__full__histgb,c14b|uci697|all|dropout_vs_graduate|histgb|c13_selected|no_family_financial,primary,5000,2,precision_difference,0.3,8,draws/task_e0f0f655047d46f08c47.npz,c009__precision_difference__0.30,-0.02372262773722622,-0.038321167883211604,-0.012750455373406244,-0.042883211678832134,-0.007299270072992692,0.0003999200159968006,0.003199360127974405,True
C14B_frozen,uci697,all,dropout_vs_graduate,enrollment,histgb,c13_selected,targeted_gender_special_needs,c14b__uci697__all__dropout_vs_graduate__enrollment__targeted_gender_special_needs__histgb__minus__uci697__all__dropout_vs_graduate__enrollment__full__histgb,c14b|uci697|all|dropout_vs_graduate|histgb|c13_selected|targeted_gender_special_needs,primary,5000,2,precision_difference,0.05,8,draws/task_9226774e375e27c17f05.npz,c010__precision_difference__0.05,-0.005291005291005235,-0.021390374331550888,0.015873015873015928,-0.03191489361702127,0.026455026455026398,0.9974005198960207,1.0,False
C14B_frozen,uci697,all,dropout_vs_graduate,enrollment,histgb,c13_selected,targeted_gender_special_needs,c14b__uci697__all__dropout_vs_graduate__enrollment__targeted_gender_special_needs__histgb__minus__uci697__all__dropout_vs_graduate__enrollment__full__histgb,c14b|uci697|all|dropout_vs_graduate|histgb|c13_selected|targeted_gender_special_needs,primary,5000,2,precision_difference,0.1,8,draws/task_9226774e375e27c17f05.npz,c010__precision_difference__0.10,0.008086253369272267,-0.013369880001720454,0.021505376344086113,-0.016260162601625994,0.027100271002710064,0.7454509098180364,1.0,False
C14B_frozen,uci697,all,dropout_vs_graduate,enrollment,histgb,c13_selected,targeted_gender_special_needs,c14b__uci697__all__dropout_vs_graduate__enrollment__targeted_gender_special_needs__histgb__minus__uci697__all__dropout_vs_graduate__enrollment__full__histgb,c14b|uci697|all|dropout_vs_graduate|histgb|c13_selected|targeted_gender_special_needs,primary,5000,2,precision_difference,0.2,8,draws/task_9226774e375e27c17f05.npz,c010__precision_difference__0.20,0.0013642564802182067,-0.01907356948228878,0.01091405184174632,-0.02645082712708455,0.016393442622950838,0.6694661067786443,1.0,False
C14B_frozen,uci697,all,dropout_vs_graduate,enrollment,histgb,c13_selected,targeted_gender_special_needs,c14b__uci697__all__dropout_vs_graduate__enrollment__targeted_gender_special_needs__histgb__minus__uci697__all__dropout_vs_graduate__enrollment__full__histgb,c14b|uci697|all|dropout_vs_graduate|histgb|c13_selected|targeted_gender_special_needs,primary,5000,2,precision_difference,0.3,8,draws/task_9226774e375e27c17f05.npz,c010__precision_difference__0.30,-0.009124087591240837,-0.020947176684881552,0.007285974499089298,-0.02646899112172112,0.011861313868613152,0.3703259348130374,1.0,False
C14B_frozen,uci697,all,dropout_vs_graduate,semester1,histgb,c13_selected,targeted_gender_special_needs,c14b__uci697__all__dropout_vs_graduate__semester1__targeted_gender_special_needs__histgb__minus__uci697__all__dropout_vs_graduate__semester1__full__histgb,c14b|uci697|all|dropout_vs_graduate|histgb|c13_selected|targeted_gender_special_needs,primary,5000,2,precision_difference,0.05,8,draws/task_e0f0f655047d46f08c47.npz,c010__precision_difference__0.05,0.0,0.0,0.010526315789473717,-0.0052460216313033915,0.015873015873015817,1.0,1.0,False
C14B_frozen,uci697,all,dropout_vs_graduate,semester1,histgb,c13_selected,targeted_gender_special_needs,c14b__uci697__all__dropout_vs_graduate__semester1__targeted_gender_special_needs__histgb__minus__uci697__all__dropout_vs_graduate__semester1__full__histgb,c14b|uci697|all|dropout_vs_graduate|histgb|c13_selected|targeted_gender_special_needs,primary,5000,2,precision_difference,0.1,8,draws/task_e0f0f655047d46f08c47.npz,c010__precision_difference__0.10,0.0,-0.008086253369272267,0.008108108108108136,-0.01084010840108407,0.013477088948787005,1.0,1.0,False
C14B_frozen,uci697,all,dropout_vs_graduate,semester1,histgb,c13_selected,targeted_gender_special_needs,c14b__uci697__all__dropout_vs_graduate__semester1__targeted_gender_special_needs__histgb__minus__uci697__all__dropout_vs_graduate__semester1__full__histgb,c14b|uci697|all|dropout_vs_graduate|histgb|c13_selected|targeted_gender_special_needs,primary,5000,2,precision_difference,0.2,8,draws/task_e0f0f655047d46f08c47.npz,c010__precision_difference__0.20,-0.0027285129604366354,-0.008174386920980936,0.006821282401091366,-0.01091405184174632,0.009575923392612817,1.0,1.0,False
C14B_frozen,uci697,all,dropout_vs_graduate,semester1,histgb,c13_selected,targeted_gender_special_needs,c14b__uci697__all__dropout_vs_graduate__semester1__targeted_gender_special_needs__histgb__minus__uci697__all__dropout_vs_graduate__semester1__full__histgb,c14b|uci697|all|dropout_vs_graduate|histgb|c13_selected|targeted_gender_special_needs,primary,5000,2,precision_difference,0.3,8,draws/task_e0f0f655047d46f08c47.npz,c010__precision_difference__0.30,-0.0045620437956204185,-0.00912429590374303,0.004557885141294515,-0.011861313868613152,0.007299270072992692,0.5926814637072585,1.0,False
C14D_harmonized,oulad,all,withdrawal_or_fail,day14,histgb,c14d_selected,sex_gender,c14d__oulad__all__withdrawal_or_fail__day14__sex_gender,c14d|oulad|all|withdrawal_or_fail|sex_gender,primary,5000,6,precision_difference,0.05,24,draws/task_307e8a99ea89492c7fe0.npz,c000__precision_difference__0.05,-0.002132196162046962,-0.010683760683760646,0.01698513800424628,-0.017115477978720664,0.025466517776818173,0.8578284343131374,1.0,False
C14D_harmonized,oulad,all,withdrawal_or_fail,day14,histgb,c14d_selected,sex_gender,c14d__oulad__all__withdrawal_or_fail__day14__sex_gender,c14d|oulad|all|withdrawal_or_fail|sex_gender,primary,5000,6,precision_difference,0.1,24,draws/task_307e8a99ea89492c7fe0.npz,c000__precision_difference__0.10,0.0,-0.011714589989350377,0.009594882729211055,-0.017902517048145335,0.014941302027748127,1.0,1.0,False
C14D_harmonized,oulad,all,withdrawal_or_fail,day14,histgb,c14d_selected,sex_gender,c14d__oulad__all__withdrawal_or_fail__day14__sex_gender,c14d|oulad|all|withdrawal_or_fail|sex_gender,primary,5000,6,precision_difference,0.2,24,draws/task_307e8a99ea89492c7fe0.npz,c000__precision_difference__0.20,-0.0016051364365970988,-0.00907162588511345,0.0037493304767005657,-0.012817676550000412,0.0069577718789481475,0.4927014597080584,1.0,False
C14D_harmonized,oulad,all,withdrawal_or_fail,day14,histgb,c14d_selected,sex_gender,c14d__oulad__all__withdrawal_or_fail__day14__sex_gender,c14d|oulad|all|withdrawal_or_fail|sex_gender,primary,5000,6,precision_difference,0.3,24,draws/task_307e8a99ea89492c7fe0.npz,c000__precision_difference__0.30,0.001427551748750866,-0.006763972944108135,0.003920171062010036,-0.010279518177951676,0.006060977216952287,0.6690661867626475,1.0,False
C14D_harmonized,oulad,all,withdrawal_or_fail,day28,histgb,c14d_selected,sex_gender,c14d__oulad__all__withdrawal_or_fail__day28__sex_gender,c14d|oulad|all|withdrawal_or_fail|sex_gender,primary,5000,6,precision_difference,0.05,24,draws/task_5f62fe19e4c1dbb58101.npz,c000__precision_difference__0.05,0.01295896328293733,-0.015152336817195912,0.02146038118971811,-0.028004751614448098,0.030107526881720446,0.8734253149370126,1.0,False
C14D_harmonized,oulad,all,withdrawal_or_fail,day28,histgb,c14d_selected,sex_gender,c14d__oulad__all__withdrawal_or_fail__day28__sex_gender,c14d|oulad|all|withdrawal_or_fail|sex_gender,primary,5000,6,precision_difference,0.1,24,draws/task_5f62fe19e4c1dbb58101.npz,c000__precision_difference__0.10,-0.0021668472372697867,-0.010810810810810811,0.014054054054054022,-0.017330888985818558,0.02050006483352307,0.8422315536892622,1.0,False
C14D_harmonized,oulad,all,withdrawal_or_fail,day28,histgb,c14d_selected,sex_gender,c14d__oulad__all__withdrawal_or_fail__day28__sex_gender,c14d|oulad|all|withdrawal_or_fail|sex_gender,primary,5000,6,precision_difference,0.2,24,draws/task_5f62fe19e4c1dbb58101.npz,c000__precision_difference__0.20,0.009214092140921504,-0.0027071659455090214,0.015726894457894904,-0.009100765125112428,0.020660701619698834,0.17436512697460507,1.0,False
C14D_harmonized,oulad,all,withdrawal_or_fail,day28,histgb,c14d_selected,sex_gender,c14d__oulad__all__withdrawal_or_fail__day28__sex_gender,c14d|oulad|all|withdrawal_or_fail|sex_gender,primary,5000,6,precision_difference,0.3,24,draws/task_5f62fe19e4c1dbb58101.npz,c000__precision_difference__0.30,-0.002169197396963085,-0.007220281794441652,0.006159476101927271,-0.010490467916091586,0.009770521761667206,0.9114177164567087,1.0,False
C14D_harmonized,oulad,all,withdrawal_or_fail,day42,histgb,c14d_selected,sex_gender,c14d__oulad__all__withdrawal_or_fail__day42__sex_gender,c14d|oulad|all|withdrawal_or_fail|sex_gender,primary,5000,6,precision_difference,0.05,24,draws/task_b0fab67fd7bac1d35e34.npz,c000__precision_difference__0.05,0.015350877192982448,-0.002192982456140302,0.021929824561403577,-0.00879120879120876,0.02857142857142858,0.1275744851029794,1.0,False
C14D_harmonized,oulad,all,withdrawal_or_fail,day42,histgb,c14d_selected,sex_gender,c14d__oulad__all__withdrawal_or_fail__day42__sex_gender,c14d|oulad|all|withdrawal_or_fail|sex_gender,primary,5000,6,precision_difference,0.1,24,draws/task_b0fab67fd7bac1d35e34.npz,c000__precision_difference__0.10,0.005506607929515406,-0.003296703296703285,0.013274336283185861,-0.006622516556291401,0.018738830196934654,0.2511497700459908,1.0,False
C14D_harmonized,oulad,all,withdrawal_or_fail,day42,histgb,c14d_selected,sex_gender,c14d__oulad__all__withdrawal_or_fail__day42__sex_gender,c14d|oulad|all|withdrawal_or_fail|sex_gender,primary,5000,6,precision_difference,0.2,24,draws/task_b0fab67fd7bac1d35e34.npz,c000__precision_difference__0.20,0.001656543346217454,-0.004412636721056798,0.006629834254143652,-0.007733779069147651,0.010399949271352241,0.7406518696260748,1.0,False
C14D_harmonized,oulad,all,withdrawal_or_fail,day42,histgb,c14d_selected,sex_gender,c14d__oulad__all__withdrawal_or_fail__day42__sex_gender,c14d|oulad|all|withdrawal_or_fail|sex_gender,primary,5000,6,precision_difference,0.3,24,draws/task_b0fab67fd7bac1d35e34.npz,c000__precision_difference__0.30,-0.0003681885125184081,-0.0051489518205222184,0.0029379630831384306,-0.007365266948091799,0.005163356919738678,0.6586682663467307,1.0,False
C14D_harmonized,oulad,all,withdrawal_or_fail,day56,histgb,c14d_selected,sex_gender,c14d__oulad__all__withdrawal_or_fail__day56__sex_gender,c14d|oulad|all|withdrawal_or_fail|sex_gender,primary,5000,6,precision_difference,0.05,24,draws/task_992c77f47dc8531fa0b2.npz,c000__precision_difference__0.05,0.0,-0.013363028953229383,0.013363028953229383,-0.01793721973094173,0.02020596108890729,1.0,1.0,False
C14D_harmonized,oulad,all,withdrawal_or_fail,day56,histgb,c14d_selected,sex_gender,c14d__oulad__all__withdrawal_or_fail__day56__sex_gender,c14d|oulad|all|withdrawal_or_fail|sex_gender,primary,5000,6,precision_difference,0.1,24,draws/task_992c77f47dc8531fa0b2.npz,c000__precision_difference__0.10,0.005617977528089901,-0.003370786516853963,0.014639639639639657,-0.00898250437233407,0.019987205292306843,0.27954409118176365,1.0,False
C14D_harmonized,oulad,all,withdrawal_or_fail,day56,histgb,c14d_selected,sex_gender,c14d__oulad__all__withdrawal_or_fail__day56__sex_gender,c14d|oulad|all|withdrawal_or_fail|sex_gender,primary,5000,6,precision_difference,0.2,24,draws/task_992c77f47dc8531fa0b2.npz,c000__precision_difference__0.20,-0.0011248593925758943,-0.006756756756756799,0.005067567567567546,-0.01055174358426172,0.008302864414996768,0.8198360327934413,1.0,False
C14D_harmonized,oulad,all,withdrawal_or_fail,day56,histgb,c14d_selected,sex_gender,c14d__oulad__all__withdrawal_or_fail__day56__sex_gender,c14d|oulad|all|withdrawal_or_fail|sex_gender,primary,5000,6,precision_difference,0.3,24,draws/task_992c77f47dc8531fa0b2.npz,c000__precision_difference__0.30,-0.0015003750937734317,-0.007118771075309116,0.004110689717626294,-0.010770954128719116,0.007349524763709724,0.6714657068586283,1.0,False
C14D_harmonized,oulad,all,withdrawal_or_fail,day70,histgb,c14d_selected,sex_gender,c14d__oulad__all__withdrawal_or_fail__day70__sex_gender,c14d|oulad|all|withdrawal_or_fail|sex_gender,primary,5000,6,precision_difference,0.05,24,draws/task_700023e2f5e0cefac9ef.npz,c000__precision_difference__0.05,0.004566210045662045,-0.009111617312072884,0.013667425968109326,-0.013698630136986356,0.020528584215442083,0.8030393921215757,1.0,False
C14D_harmonized,oulad,all,withdrawal_or_fail,day70,histgb,c14d_selected,sex_gender,c14d__oulad__all__withdrawal_or_fail__day70__sex_gender,c14d|oulad|all|withdrawal_or_fail|sex_gender,primary,5000,6,precision_difference,0.1,24,draws/task_700023e2f5e0cefac9ef.npz,c000__precision_difference__0.10,-0.002290950744558984,-0.008027753346885982,0.005753739930955071,-0.01261467889908261,0.010325598453341396,0.8922215556888622,1.0,False
C14D_harmonized,oulad,all,withdrawal_or_fail,day70,histgb,c14d_selected,sex_gender,c14d__oulad__all__withdrawal_or_fail__day70__sex_gender,c14d|oulad|all|withdrawal_or_fail|sex_gender,primary,5000,6,precision_difference,0.2,24,draws/task_700023e2f5e0cefac9ef.npz,c000__precision_difference__0.20,0.001721170395869276,-0.006321839080459801,0.0046271358755750145,-0.009758897818599288,0.008039442856626498,0.8754249150169966,1.0,False
C14D_harmonized,oulad,all,withdrawal_or_fail,day70,histgb,c14d_selected,sex_gender,c14d__oulad__all__withdrawal_or_fail__day70__sex_gender,c14d|oulad|all|withdrawal_or_fail|sex_gender,primary,5000,6,precision_difference,0.3,24,draws/task_700023e2f5e0cefac9ef.npz,c000__precision_difference__0.30,-0.0019149751053235686,-0.0065034429992348874,0.004204892966360843,-0.009577023730244015,0.007277384351478055,0.7510497900419916,1.0,False
C14D_harmonized,oulad,all,withdrawal_or_fail,day90,histgb,c14d_selected,sex_gender,c14d__oulad__all__withdrawal_or_fail__day90__sex_gender,c14d|oulad|all|withdrawal_or_fail|sex_gender,primary,5000,6,precision_difference,0.05,24,draws/task_ac0ee99c5481f46e9dbd.npz,c000__precision_difference__0.05,0.002331002331002363,-0.0046511627906976605,0.009238409887947966,-0.00927628917103497,0.011682242990654235,1.0,1.0,False
C14D_harmonized,oulad,all,withdrawal_or_fail,day90,histgb,c14d_selected,sex_gender,c14d__oulad__all__withdrawal_or_fail__day90__sex_gender,c14d|oulad|all|withdrawal_or_fail|sex_gender,primary,5000,6,precision_difference,0.1,24,draws/task_ac0ee99c5481f46e9dbd.npz,c000__precision_difference__0.10,0.0,-0.006993006993006978,0.003516998827667095,-0.01050640704388937,0.007917877611079423,0.9110177964407119,1.0,False
C14D_harmonized,oulad,all,withdrawal_or_fail,day90,histgb,c14d_selected,sex_gender,c14d__oulad__all__withdrawal_or_fail__day90__sex_gender,c14d|oulad|all|withdrawal_or_fail|sex_gender,primary,5000,6,precision_difference,0.2,24,draws/task_ac0ee99c5481f46e9dbd.npz,c000__precision_difference__0.20,0.0017564402810303914,-0.002346041055718451,0.006444148327931871,-0.005271767846338702,0.009852593952899407,0.4903019396120776,1.0,False
C14D_harmonized,oulad,all,withdrawal_or_fail,day90,histgb,c14d_selected,sex_gender,c14d__oulad__all__withdrawal_or_fail__day90__sex_gender,c14d|oulad|all|withdrawal_or_fail|sex_gender,primary,5000,6,precision_difference,0.3,24,draws/task_ac0ee99c5481f46e9dbd.npz,c000__precision_difference__0.30,0.0007806401249024209,-0.003909304143862369,0.003516998827667095,-0.006247559547052005,0.005871711795648103,1.0,1.0,False
C14D_harmonized,oulad,all,withdrawal_or_fail,day14,histgb,c14d_selected,socioeconomic_family,c14d__oulad__all__withdrawal_or_fail__day14__socioeconomic_family,c14d|oulad|all|withdrawal_or_fail|socioeconomic_family,primary,5000,6,precision_difference,0.05,24,draws/task_307e8a99ea89492c7fe0.npz,c001__precision_difference__0.05,-0.04051172707889128,-0.07643312101910826,-0.006369426751592355,-0.10234541577825162,0.012820512820512775,0.021595680863827234,0.5182963407318536,False
C14D_harmonized,oulad,all,withdrawal_or_fail,day14,histgb,c14d_selected,socioeconomic_family,c14d__oulad__all__withdrawal_or_fail__day14__socioeconomic_family,c14d|oulad|all|withdrawal_or_fail|socioeconomic_family,primary,5000,6,precision_difference,0.1,24,draws/task_307e8a99ea89492c7fe0.npz,c001__precision_difference__0.10,-0.03743315508021394,-0.05882352941176472,-0.012820170757737422,-0.07133047213569824,0.0010681397125000267,0.004799040191961607,0.11517696460707857,False
C14D_harmonized,oulad,all,withdrawal_or_fail,day14,histgb,c14d_selected,socioeconomic_family,c14d__oulad__all__withdrawal_or_fail__day14__socioeconomic_family,c14d|oulad|all|withdrawal_or_fail|socioeconomic_family,primary,5000,6,precision_difference,0.2,24,draws/task_307e8a99ea89492c7fe0.npz,c001__precision_difference__0.20,-0.021401819154628132,-0.039614561027837225,-0.008042895442359255,-0.048128342245989386,0.0003143028680465239,0.0027994401119776045,0.06718656268746251,False
C14D_harmonized,oulad,all,withdrawal_or_fail,day14,histgb,c14d_selected,socioeconomic_family,c14d__oulad__all__withdrawal_or_fail__day14__socioeconomic_family,c14d|oulad|all|withdrawal_or_fail|socioeconomic_family,primary,5000,6,precision_difference,0.3,24,draws/task_307e8a99ea89492c7fe0.npz,c001__precision_difference__0.30,-0.016416845110635236,-0.030725259021078925,-0.006069206827071364,-0.038466725598307154,0.0,0.003599280143971206,0.08638272345530894,False
C14D_harmonized,oulad,all,withdrawal_or_fail,day28,histgb,c14d_selected,socioeconomic_family,c14d__oulad__all__withdrawal_or_fail__day28__socioeconomic_family,c14d|oulad|all|withdrawal_or_fail|socioeconomic_family,primary,5000,6,precision_difference,0.05,24,draws/task_5f62fe19e4c1dbb58101.npz,c001__precision_difference__0.05,-0.002159827213822907,-0.036717062634989195,0.0193965517241379,-0.05399568034557234,0.032382934688500765,0.615876824635073,1.0,False
C14D_harmonized,oulad,all,withdrawal_or_fail,day28,histgb,c14d_selected,socioeconomic_family,c14d__oulad__all__withdrawal_or_fail__day28__socioeconomic_family,c14d|oulad|all|withdrawal_or_fail|socioeconomic_family,primary,5000,6,precision_difference,0.1,24,draws/task_5f62fe19e4c1dbb58101.npz,c001__precision_difference__0.10,0.004333694474539573,-0.012972972972972951,0.022702702702702693,-0.022697620541708,0.032488140903633944,0.6346730653869226,1.0,False
C14D_harmonized,oulad,all,withdrawal_or_fail,day28,histgb,c14d_selected,socioeconomic_family,c14d__oulad__all__withdrawal_or_fail__day28__socioeconomic_family,c14d|oulad|all|withdrawal_or_fail|socioeconomic_family,primary,5000,6,precision_difference,0.2,24,draws/task_5f62fe19e4c1dbb58101.npz,c001__precision_difference__0.20,-0.014634146341463428,-0.030777953484952957,0.0,-0.03726699106230187,0.01020014192423437,0.051989602079584085,1.0,False
C14D_harmonized,oulad,all,withdrawal_or_fail,day28,histgb,c14d_selected,socioeconomic_family,c14d__oulad__all__withdrawal_or_fail__day28__socioeconomic_family,c14d|oulad|all|withdrawal_or_fail|socioeconomic_family,primary,5000,6,precision_difference,0.3,24,draws/task_5f62fe19e4c1dbb58101.npz,c001__precision_difference__0.30,-0.026030368763557465,-0.038839785847841306,-0.012626035044023537,-0.04492980207003023,-0.004130522662662959,0.0007998400319936012,0.01919616076784643,True
C14D_harmonized,oulad,all,withdrawal_or_fail,day42,histgb,c14d_selected,socioeconomic_family,c14d__oulad__all__withdrawal_or_fail__day42__socioeconomic_family,c14d|oulad|all|withdrawal_or_fail|socioeconomic_family,primary,5000,6,precision_difference,0.05,24,draws/task_b0fab67fd7bac1d35e34.npz,c001__precision_difference__0.05,0.006578947368421018,-0.0241758241758242,0.024229074889867808,-0.03956043956043953,0.039542455899363775,1.0,1.0,False
C14D_harmonized,oulad,all,withdrawal_or_fail,day42,histgb,c14d_selected,socioeconomic_family,c14d__oulad__all__withdrawal_or_fail__day42__socioeconomic_family,c14d|oulad|all|withdrawal_or_fail|socioeconomic_family,primary,5000,6,precision_difference,0.1,24,draws/task_b0fab67fd7bac1d35e34.npz,c001__precision_difference__0.10,-0.008810572687224627,-0.0298013245033113,0.009879253567508295,-0.04057436062657141,0.01985847835283135,0.355128974205159,1.0,False
C14D_harmonized,oulad,all,withdrawal_or_fail,day42,histgb,c14d_selected,socioeconomic_family,c14d__oulad__all__withdrawal_or_fail__day42__socioeconomic_family,c14d|oulad|all|withdrawal_or_fail|socioeconomic_family,primary,5000,6,precision_difference,0.2,24,draws/task_b0fab67fd7bac1d35e34.npz,c001__precision_difference__0.20,-0.003865267807841022,-0.020971302428256067,0.0066225165562914245,-0.029245566596476612,0.012737777447386208,0.3143371325734853,1.0,False
C14D_harmonized,oulad,all,withdrawal_or_fail,day42,histgb,c14d_selected,socioeconomic_family,c14d__oulad__all__withdrawal_or_fail__day42__socioeconomic_family,c14d|oulad|all|withdrawal_or_fail|socioeconomic_family,primary,5000,6,precision_difference,0.3,24,draws/task_b0fab67fd7bac1d35e34.npz,c001__precision_difference__0.30,-0.014727540500736436,-0.025792188651437065,-0.004781125603054704,-0.031541766026371314,0.0007387029950871215,0.004799040191961607,0.11517696460707857,False
C14D_harmonized,oulad,all,withdrawal_or_fail,day56,histgb,c14d_selected,socioeconomic_family,c14d__oulad__all__withdrawal_or_fail__day56__socioeconomic_family,c14d|oulad|all|withdrawal_or_fail|socioeconomic_family,primary,5000,6,precision_difference,0.05,24,draws/task_992c77f47dc8531fa0b2.npz,c001__precision_difference__0.05,-0.008968609865470767,-0.02460850111856827,0.015659955257270708,-0.035857803058423024,0.026905829596412523,0.7374525094981004,1.0,False
C14D_harmonized,oulad,all,withdrawal_or_fail,day56,histgb,c14d_selected,socioeconomic_family,c14d__oulad__all__withdrawal_or_fail__day56__socioeconomic_family,c14d|oulad|all|withdrawal_or_fail|socioeconomic_family,primary,5000,6,precision_difference,0.1,24,draws/task_992c77f47dc8531fa0b2.npz,c001__precision_difference__0.10,-0.005617977528089901,-0.016853932584269597,0.013498312710911176,-0.02589486148479743,0.021372328458942658,0.9170165966806638,1.0,False
C14D_harmonized,oulad,all,withdrawal_or_fail,day56,histgb,c14d_selected,socioeconomic_family,c14d__oulad__all__withdrawal_or_fail__day56__socioeconomic_family,c14d|oulad|all|withdrawal_or_fail|socioeconomic_family,primary,5000,6,precision_difference,0.2,24,draws/task_992c77f47dc8531fa0b2.npz,c001__precision_difference__0.20,-0.011248593925759276,-0.020868584320360983,0.0022484541877458852,-0.027586871634401773,0.009012718387505005,0.1191761647670466,1.0,False
C14D_harmonized,oulad,all,withdrawal_or_fail,day56,histgb,c14d_selected,socioeconomic_family,c14d__oulad__all__withdrawal_or_fail__day56__socioeconomic_family,c14d|oulad|all|withdrawal_or_fail|socioeconomic_family,primary,5000,6,precision_difference,0.3,24,draws/task_992c77f47dc8531fa0b2.npz,c001__precision_difference__0.30,-0.020630157539384908,-0.03034844511052826,-0.008239700374531811,-0.035830124897879935,-0.0037459003410279866,0.0003999200159968006,0.009598080383923215,True
C14D_harmonized,oulad,all,withdrawal_or_fail,day70,histgb,c14d_selected,socioeconomic_family,c14d__oulad__all__withdrawal_or_fail__day70__socioeconomic_family,c14d|oulad|all|withdrawal_or_fail|socioeconomic_family,primary,5000,6,precision_difference,0.05,24,draws/task_700023e2f5e0cefac9ef.npz,c001__precision_difference__0.05,-0.006849315068493178,-0.025000000000000022,0.004555808656036442,-0.03423040443203207,0.011441647597253968,0.2591481703659268,1.0,False
C14D_harmonized,oulad,all,withdrawal_or_fail,day70,histgb,c14d_selected,socioeconomic_family,c14d__oulad__all__withdrawal_or_fail__day70__socioeconomic_family,c14d|oulad|all|withdrawal_or_fail|socioeconomic_family,primary,5000,6,precision_difference,0.1,24,draws/task_700023e2f5e0cefac9ef.npz,c001__precision_difference__0.10,-0.004581901489117968,-0.014925373134328401,0.005733944954128378,-0.02170914736899324,0.011467472197320385,0.40871825634873027,1.0,False
C14D_harmonized,oulad,all,withdrawal_or_fail,day70,histgb,c14d_selected,socioeconomic_family,c14d__oulad__all__withdrawal_or_fail__day70__socioeconomic_family,c14d|oulad|all|withdrawal_or_fail|socioeconomic_family,primary,5000,6,precision_difference,0.2,24,draws/task_700023e2f5e0cefac9ef.npz,c001__precision_difference__0.20,-0.0005737234652897216,-0.01606425702811254,0.006314580941446657,-0.022996247741747383,0.011944337160349556,0.4355128974205159,1.0,False
C14D_harmonized,oulad,all,withdrawal_or_fail,day70,histgb,c14d_selected,socioeconomic_family,c14d__oulad__all__withdrawal_or_fail__day70__socioeconomic_family,c14d|oulad|all|withdrawal_or_fail|socioeconomic_family,primary,5000,6,precision_difference,0.3,24,draws/task_700023e2f5e0cefac9ef.npz,c001__precision_difference__0.30,-0.01417081577939483,-0.024128686327077764,-0.0019113149847095306,-0.030751848202324236,0.003832581747433837,0.02439512097580484,0.5854829034193161,False
C14D_harmonized,oulad,all,withdrawal_or_fail,day90,histgb,c14d_selected,socioeconomic_family,c14d__oulad__all__withdrawal_or_fail__day90__socioeconomic_family,c14d|oulad|all|withdrawal_or_fail|socioeconomic_family,primary,5000,6,precision_difference,0.05,24,draws/task_ac0ee99c5481f46e9dbd.npz,c001__precision_difference__0.05,-0.002331002331002363,-0.011655011655011704,0.009302325581395321,-0.01858679658340506,0.014011917794043939,0.9974005198960207,1.0,False
C14D_harmonized,oulad,all,withdrawal_or_fail,day90,histgb,c14d_selected,socioeconomic_family,c14d__oulad__all__withdrawal_or_fail__day90__socioeconomic_family,c14d|oulad|all|withdrawal_or_fail|socioeconomic_family,primary,5000,6,precision_difference,0.1,24,draws/task_ac0ee99c5481f46e9dbd.npz,c001__precision_difference__0.10,0.009356725146198785,-0.005847953216374324,0.016393442622950838,-0.012850467289719614,0.023149629014185116,0.3859228154369126,1.0,False
C14D_harmonized,oulad,all,withdrawal_or_fail,day90,histgb,c14d_selected,socioeconomic_family,c14d__oulad__all__withdrawal_or_fail__day90__socioeconomic_family,c14d|oulad|all|withdrawal_or_fail|socioeconomic_family,primary,5000,6,precision_difference,0.2,24,draws/task_ac0ee99c5481f46e9dbd.npz,c001__precision_difference__0.20,-0.011709601873536313,-0.02161246531514063,0.002922310402931063,-0.028063377876154542,0.008652618373563768,0.14717056588682265,1.0,False
C14D_harmonized,oulad,all,withdrawal_or_fail,day90,histgb,c14d_selected,socioeconomic_family,c14d__oulad__all__withdrawal_or_fail__day90__socioeconomic_family,c14d|oulad|all|withdrawal_or_fail|socioeconomic_family,primary,5000,6,precision_difference,0.3,24,draws/task_ac0ee99c5481f46e9dbd.npz,c001__precision_difference__0.30,-0.010928961748633892,-0.020321432210788616,0.00038880248833594866,-0.025387922952520344,0.006237816764132574,0.0611877624475105,1.0,False
C14D_harmonized,uci320,mathematics,fail_g3_lt_10,baseline,histgb,c14d_selected,sex_gender,c14d__uci320__mathematics__fail_g3_lt_10__baseline__sex_gender,c14d|uci320|mathematics|fail_g3_lt_10|sex_gender,primary,5000,3,precision_difference,0.05,12,draws/task_c42e9d3f314fe3816b2e.npz,c000__precision_difference__0.05,-0.04761904761904756,-0.19047619047619047,0.10000000000000003,-0.28571428571428575,0.19047619047619052,1.0,1.0,False
C14D_harmonized,uci320,mathematics,fail_g3_lt_10,baseline,histgb,c14d_selected,sex_gender,c14d__uci320__mathematics__fail_g3_lt_10__baseline__sex_gender,c14d|uci320|mathematics|fail_g3_lt_10|sex_gender,primary,5000,3,precision_difference,0.1,12,draws/task_c42e9d3f314fe3816b2e.npz,c000__precision_difference__0.10,-0.04999999999999993,-0.15000000000000002,0.07500000000000001,-0.21951219512195122,0.125,0.6730653869226155,1.0,False
C14D_harmonized,uci320,mathematics,fail_g3_lt_10,baseline,histgb,c14d_selected,sex_gender,c14d__uci320__mathematics__fail_g3_lt_10__baseline__sex_gender,c14d|uci320|mathematics|fail_g3_lt_10|sex_gender,primary,5000,3,precision_difference,0.2,12,draws/task_c42e9d3f314fe3816b2e.npz,c000__precision_difference__0.20,-0.03749999999999998,-0.09999999999999998,0.03750000000000003,-0.125,0.07014570147679465,0.563887222555489,1.0,False
C14D_harmonized,uci320,mathematics,fail_g3_lt_10,baseline,histgb,c14d_selected,sex_gender,c14d__uci320__mathematics__fail_g3_lt_10__baseline__sex_gender,c14d|uci320|mathematics|fail_g3_lt_10|sex_gender,primary,5000,3,precision_difference,0.3,12,draws/task_c42e9d3f314fe3816b2e.npz,c000__precision_difference__0.30,-0.008403361344537785,-0.05042016806722688,0.04201680672268904,-0.07563025210084034,0.06666666666666671,0.9446110777844431,1.0,False
C14D_harmonized,uci320,mathematics,fail_g3_lt_10,period1,histgb,c14d_selected,sex_gender,c14d__uci320__mathematics__fail_g3_lt_10__period1__sex_gender,c14d|uci320|mathematics|fail_g3_lt_10|sex_gender,primary,5000,3,precision_difference,0.05,12,draws/task_84efd43e228c95b6d4c0.npz,c000__precision_difference__0.05,-0.04761904761904767,-0.1428571428571429,0.0,-0.19047619047619047,0.050000000000000044,1.0,1.0,False
C14D_harmonized,uci320,mathematics,fail_g3_lt_10,period1,histgb,c14d_selected,sex_gender,c14d__uci320__mathematics__fail_g3_lt_10__period1__sex_gender,c14d|uci320|mathematics|fail_g3_lt_10|sex_gender,primary,5000,3,precision_difference,0.1,12,draws/task_84efd43e228c95b6d4c0.npz,c000__precision_difference__0.10,0.04999999999999993,-0.024390243902439046,0.09999999999999998,-0.049999999999999996,0.125,0.6618676264747051,1.0,False
C14D_harmonized,uci320,mathematics,fail_g3_lt_10,period1,histgb,c14d_selected,sex_gender,c14d__uci320__mathematics__fail_g3_lt_10__period1__sex_gender,c14d|uci320|mathematics|fail_g3_lt_10|sex_gender,primary,5000,3,precision_difference,0.2,12,draws/task_84efd43e228c95b6d4c0.npz,c000__precision_difference__0.20,-0.012500000000000067,-0.03749999999999998,0.03797468354430378,-0.0625,0.0625,1.0,1.0,False
C14D_harmonized,uci320,mathematics,fail_g3_lt_10,period1,histgb,c14d_selected,sex_gender,c14d__uci320__mathematics__fail_g3_lt_10__period1__sex_gender,c14d|uci320|mathematics|fail_g3_lt_10|sex_gender,primary,5000,3,precision_difference,0.3,12,draws/task_84efd43e228c95b6d4c0.npz,c000__precision_difference__0.30,0.008403361344537785,-0.025210084033613356,0.03361344537815136,-0.04166666666666663,0.050420168067226934,0.8614277144571085,1.0,False
C14D_harmonized,uci320,mathematics,fail_g3_lt_10,period2,histgb,c14d_selected,sex_gender,c14d__uci320__mathematics__fail_g3_lt_10__period2__sex_gender,c14d|uci320|mathematics|fail_g3_lt_10|sex_gender,primary,5000,3,precision_difference,0.05,12,draws/task_c077bbf7baf5b065351d.npz,c000__precision_difference__0.05,0.0,0.0,0.0,0.0,0.07648313492064042,1.0,1.0,False
C14D_harmonized,uci320,mathematics,fail_g3_lt_10,period2,histgb,c14d_selected,sex_gender,c14d__uci320__mathematics__fail_g3_lt_10__period2__sex_gender,c14d|uci320|mathematics|fail_g3_lt_10|sex_gender,primary,5000,3,precision_difference,0.1,12,draws/task_c077bbf7baf5b065351d.npz,c000__precision_difference__0.10,0.025000000000000022,0.0,0.07317073170731703,0.0,0.09999999999999998,1.0,1.0,False
C14D_harmonized,uci320,mathematics,fail_g3_lt_10,period2,histgb,c14d_selected,sex_gender,c14d__uci320__mathematics__fail_g3_lt_10__period2__sex_gender,c14d|uci320|mathematics|fail_g3_lt_10|sex_gender,primary,5000,3,precision_difference,0.2,12,draws/task_c077bbf7baf5b065351d.npz,c000__precision_difference__0.20,-0.012500000000000067,-0.025000000000000022,0.0,-0.03797468354430378,0.0,1.0,1.0,False
C14D_harmonized,uci320,mathematics,fail_g3_lt_10,period2,histgb,c14d_selected,sex_gender,c14d__uci320__mathematics__fail_g3_lt_10__period2__sex_gender,c14d|uci320|mathematics|fail_g3_lt_10|sex_gender,primary,5000,3,precision_difference,0.3,12,draws/task_c077bbf7baf5b065351d.npz,c000__precision_difference__0.30,0.0,-0.01680672268907557,0.01666666666666672,-0.033333333333333326,0.025210084033613467,1.0,1.0,False
C14D_harmonized,uci320,mathematics,fail_g3_lt_10,baseline,histgb,c14d_selected,socioeconomic_family,c14d__uci320__mathematics__fail_g3_lt_10__baseline__socioeconomic_family,c14d|uci320|mathematics|fail_g3_lt_10|socioeconomic_family,primary,5000,3,precision_difference,0.05,12,draws/task_c42e9d3f314fe3816b2e.npz,c001__precision_difference__0.05,-0.09523809523809523,-0.2857142857142857,0.1428571428571429,-0.380952380952381,0.23809523809523808,0.6486702659468107,1.0,False
C14D_harmonized,uci320,mathematics,fail_g3_lt_10,baseline,histgb,c14d_selected,socioeconomic_family,c14d__uci320__mathematics__fail_g3_lt_10__baseline__socioeconomic_family,c14d|uci320|mathematics|fail_g3_lt_10|socioeconomic_family,primary,5000,3,precision_difference,0.1,12,draws/task_c42e9d3f314fe3816b2e.npz,c001__precision_difference__0.10,-0.09999999999999998,-0.2,0.050000000000000044,-0.26070884146341466,0.125,0.3655268946210758,1.0,False
C14D_harmonized,uci320,mathematics,fail_g3_lt_10,baseline,histgb,c14d_selected,socioeconomic_family,c14d__uci320__mathematics__fail_g3_lt_10__baseline__socioeconomic_family,c14d|uci320|mathematics|fail_g3_lt_10|socioeconomic_family,primary,5000,3,precision_difference,0.2,12,draws/task_c42e9d3f314fe3816b2e.npz,c001__precision_difference__0.20,0.0,-0.07499999999999996,0.09999999999999998,-0.10000000000000003,0.14553929324894643,0.8570285942811438,1.0,False
C14D_harmonized,uci320,mathematics,fail_g3_lt_10,baseline,histgb,c14d_selected,socioeconomic_family,c14d__uci320__mathematics__fail_g3_lt_10__baseline__socioeconomic_family,c14d|uci320|mathematics|fail_g3_lt_10|socioeconomic_family,primary,5000,3,precision_difference,0.3,12,draws/task_c42e9d3f314fe3816b2e.npz,c001__precision_difference__0.30,0.050420168067226934,-0.024999999999999967,0.10084033613445376,-0.04999999999999999,0.12605042016806722,0.252749450109978,1.0,False
C14D_harmonized,uci320,mathematics,fail_g3_lt_10,period1,histgb,c14d_selected,socioeconomic_family,c14d__uci320__mathematics__fail_g3_lt_10__period1__socioeconomic_family,c14d|uci320|mathematics|fail_g3_lt_10|socioeconomic_family,primary,5000,3,precision_difference,0.05,12,draws/task_84efd43e228c95b6d4c0.npz,c001__precision_difference__0.05,-0.04761904761904767,-0.09535714285714281,0.04761904761904756,-0.19047619047619047,0.09523809523809523,1.0,1.0,False
C14D_harmonized,uci320,mathematics,fail_g3_lt_10,period1,histgb,c14d_selected,socioeconomic_family,c14d__uci320__mathematics__fail_g3_lt_10__period1__socioeconomic_family,c14d|uci320|mathematics|fail_g3_lt_10|socioeconomic_family,primary,5000,3,precision_difference,0.1,12,draws/task_84efd43e228c95b6d4c0.npz,c001__precision_difference__0.10,0.0,-0.07500000000000007,0.07499999999999996,-0.125,0.10000000000000009,1.0,1.0,False
C14D_harmonized,uci320,mathematics,fail_g3_lt_10,period1,histgb,c14d_selected,socioeconomic_family,c14d__uci320__mathematics__fail_g3_lt_10__period1__socioeconomic_family,c14d|uci320|mathematics|fail_g3_lt_10|socioeconomic_family,primary,5000,3,precision_difference,0.2,12,draws/task_84efd43e228c95b6d4c0.npz,c001__precision_difference__0.20,-0.03749999999999998,-0.10000000000000009,0.0,-0.13297369462025316,0.025316455696202556,0.11677664467106579,1.0,False
C14D_harmonized,uci320,mathematics,fail_g3_lt_10,period1,histgb,c14d_selected,socioeconomic_family,c14d__uci320__mathematics__fail_g3_lt_10__period1__socioeconomic_family,c14d|uci320|mathematics|fail_g3_lt_10|socioeconomic_family,primary,5000,3,precision_difference,0.3,12,draws/task_84efd43e228c95b6d4c0.npz,c001__precision_difference__0.30,0.01680672268907568,-0.033333333333333326,0.05833333333333335,-0.050420168067226934,0.08333333333333337,0.6490701859628074,1.0,False
C14D_harmonized,uci320,mathematics,fail_g3_lt_10,period2,histgb,c14d_selected,socioeconomic_family,c14d__uci320__mathematics__fail_g3_lt_10__period2__socioeconomic_family,c14d|uci320|mathematics|fail_g3_lt_10|socioeconomic_family,primary,5000,3,precision_difference,0.05,12,draws/task_c077bbf7baf5b065351d.npz,c001__precision_difference__0.05,0.0,0.0,0.0,-0.09523809523809523,0.04901289682539716,1.0,1.0,False
C14D_harmonized,uci320,mathematics,fail_g3_lt_10,period2,histgb,c14d_selected,socioeconomic_family,c14d__uci320__mathematics__fail_g3_lt_10__period2__socioeconomic_family,c14d|uci320|mathematics|fail_g3_lt_10|socioeconomic_family,primary,5000,3,precision_difference,0.1,12,draws/task_c077bbf7baf5b065351d.npz,c001__precision_difference__0.10,0.0,-0.07499999999999996,0.07317073170731703,-0.12195121951219512,0.09999999999999998,1.0,1.0,False
C14D_harmonized,uci320,mathematics,fail_g3_lt_10,period2,histgb,c14d_selected,socioeconomic_family,c14d__uci320__mathematics__fail_g3_lt_10__period2__socioeconomic_family,c14d|uci320|mathematics|fail_g3_lt_10|socioeconomic_family,primary,5000,3,precision_difference,0.2,12,draws/task_c077bbf7baf5b065351d.npz,c001__precision_difference__0.20,-0.012500000000000067,-0.0625,0.025316455696202556,-0.088148404535865,0.0625,0.9070185962807439,1.0,False
C14D_harmonized,uci320,mathematics,fail_g3_lt_10,period2,histgb,c14d_selected,socioeconomic_family,c14d__uci320__mathematics__fail_g3_lt_10__period2__socioeconomic_family,c14d|uci320|mathematics|fail_g3_lt_10|socioeconomic_family,primary,5000,3,precision_difference,0.3,12,draws/task_c077bbf7baf5b065351d.npz,c001__precision_difference__0.30,-0.008403361344537896,-0.04999999999999993,0.01680672268907557,-0.06666666666666665,0.03361344537815125,0.5694861027794441,1.0,False
C14D_harmonized,uci320,portuguese,fail_g3_lt_10,baseline,histgb,c14d_selected,sex_gender,c14d__uci320__portuguese__fail_g3_lt_10__baseline__sex_gender,c14d|uci320|portuguese|fail_g3_lt_10|sex_gender,primary,5000,3,precision_difference,0.05,12,draws/task_0e4cde78a908a4a53cf8.npz,c000__precision_difference__0.05,0.029411764705882304,-0.06060606060606061,0.1515151515151515,-0.12121212121212122,0.2121212121212121,0.6038792241551689,1.0,False
C14D_harmonized,uci320,portuguese,fail_g3_lt_10,baseline,histgb,c14d_selected,sex_gender,c14d__uci320__portuguese__fail_g3_lt_10__baseline__sex_gender,c14d|uci320|portuguese|fail_g3_lt_10|sex_gender,primary,5000,3,precision_difference,0.1,12,draws/task_0e4cde78a908a4a53cf8.npz,c000__precision_difference__0.10,-0.03030303030303033,-0.09090909090909094,0.06060606060606061,-0.13636363636363635,0.09230769230769231,0.848630273945211,1.0,False
C14D_harmonized,uci320,portuguese,fail_g3_lt_10,baseline,histgb,c14d_selected,sex_gender,c14d__uci320__portuguese__fail_g3_lt_10__baseline__sex_gender,c14d|uci320|portuguese|fail_g3_lt_10|sex_gender,primary,5000,3,precision_difference,0.2,12,draws/task_0e4cde78a908a4a53cf8.npz,c000__precision_difference__0.20,0.007633587786259555,-0.023076923076923106,0.046153846153846156,-0.042758489919749454,0.06153846153846154,0.7214557088582284,1.0,False
C14D_harmonized,uci320,portuguese,fail_g3_lt_10,baseline,histgb,c14d_selected,sex_gender,c14d__uci320__portuguese__fail_g3_lt_10__baseline__sex_gender,c14d|uci320|portuguese|fail_g3_lt_10|sex_gender,primary,5000,3,precision_difference,0.3,12,draws/task_0e4cde78a908a4a53cf8.npz,c000__precision_difference__0.30,-0.010256410256410275,-0.03061224489795919,0.020408163265306145,-0.04081632653061226,0.03076923076923077,0.8902219556088782,1.0,False
C14D_harmonized,uci320,portuguese,fail_g3_lt_10,period1,histgb,c14d_selected,sex_gender,c14d__uci320__portuguese__fail_g3_lt_10__period1__sex_gender,c14d|uci320|portuguese|fail_g3_lt_10|sex_gender,primary,5000,3,precision_difference,0.05,12,draws/task_8a43db396b3e054b22d0.npz,c000__precision_difference__0.05,0.02941176470588236,-0.06060606060606055,0.12121212121212122,-0.1176470588235294,0.17960115864527693,0.7806438712257548,1.0,False
C14D_harmonized,uci320,portuguese,fail_g3_lt_10,period1,histgb,c14d_selected,sex_gender,c14d__uci320__portuguese__fail_g3_lt_10__period1__sex_gender,c14d|uci320|portuguese|fail_g3_lt_10|sex_gender,primary,5000,3,precision_difference,0.1,12,draws/task_8a43db396b3e054b22d0.npz,c000__precision_difference__0.10,-0.045454545454545525,-0.09090909090909083,0.045454545454545414,-0.10769230769230773,0.07575757575757569,0.7306538692261547,1.0,False
C14D_harmonized,uci320,portuguese,fail_g3_lt_10,period1,histgb,c14d_selected,sex_gender,c14d__uci320__portuguese__fail_g3_lt_10__period1__sex_gender,c14d|uci320|portuguese|fail_g3_lt_10|sex_gender,primary,5000,3,precision_difference,0.2,12,draws/task_8a43db396b3e054b22d0.npz,c000__precision_difference__0.20,0.007633587786259555,-0.030769230769230715,0.022900763358778664,-0.046153846153846136,0.038339816989626165,1.0,1.0,False
C14D_harmonized,uci320,portuguese,fail_g3_lt_10,period1,histgb,c14d_selected,sex_gender,c14d__uci320__portuguese__fail_g3_lt_10__period1__sex_gender,c14d|uci320|portuguese|fail_g3_lt_10|sex_gender,primary,5000,3,precision_difference,0.3,12,draws/task_8a43db396b3e054b22d0.npz,c000__precision_difference__0.30,-0.0051282051282051655,-0.015384615384615385,0.02040816326530609,-0.02564102564102566,0.030612244897959162,1.0,1.0,False
C14D_harmonized,uci320,portuguese,fail_g3_lt_10,period2,histgb,c14d_selected,sex_gender,c14d__uci320__portuguese__fail_g3_lt_10__period2__sex_gender,c14d|uci320|portuguese|fail_g3_lt_10|sex_gender,primary,5000,3,precision_difference,0.05,12,draws/task_1229a07ff31969e688c4.npz,c000__precision_difference__0.05,0.02941176470588236,-0.05882352941176472,0.08823529411764708,-0.0909090909090909,0.12121212121212122,1.0,1.0,False
C14D_harmonized,uci320,portuguese,fail_g3_lt_10,period2,histgb,c14d_selected,sex_gender,c14d__uci320__portuguese__fail_g3_lt_10__period2__sex_gender,c14d|uci320|portuguese|fail_g3_lt_10|sex_gender,primary,5000,3,precision_difference,0.1,12,draws/task_1229a07ff31969e688c4.npz,c000__precision_difference__0.10,-0.015151515151515138,-0.03076923076923077,0.03076923076923077,-0.04615384615384621,0.06060606060606055,1.0,1.0,False
C14D_harmonized,uci320,portuguese,fail_g3_lt_10,period2,histgb,c14d_selected,sex_gender,c14d__uci320__portuguese__fail_g3_lt_10__period2__sex_gender,c14d|uci320|portuguese|fail_g3_lt_10|sex_gender,primary,5000,3,precision_difference,0.2,12,draws/task_1229a07ff31969e688c4.npz,c000__precision_difference__0.20,0.0,-0.01538461538461533,0.023076923076922995,-0.03053435114503822,0.038167938931297725,1.0,1.0,False
C14D_harmonized,uci320,portuguese,fail_g3_lt_10,period2,histgb,c14d_selected,sex_gender,c14d__uci320__portuguese__fail_g3_lt_10__period2__sex_gender,c14d|uci320|portuguese|fail_g3_lt_10|sex_gender,primary,5000,3,precision_difference,0.3,12,draws/task_1229a07ff31969e688c4.npz,c000__precision_difference__0.30,0.00512820512820511,-0.0051282051282051655,0.02051282051282055,-0.015306122448979609,0.03076923076923077,0.6966606678664267,1.0,False
C14D_harmonized,uci320,portuguese,fail_g3_lt_10,baseline,histgb,c14d_selected,socioeconomic_family,c14d__uci320__portuguese__fail_g3_lt_10__baseline__socioeconomic_family,c14d|uci320|portuguese|fail_g3_lt_10|socioeconomic_family,primary,5000,3,precision_difference,0.05,12,draws/task_0e4cde78a908a4a53cf8.npz,c001__precision_difference__0.05,0.08823529411764702,-0.05882352941176472,0.2727272727272727,-0.12121212121212119,0.33333333333333337,0.2383523295340932,1.0,False
C14D_harmonized,uci320,portuguese,fail_g3_lt_10,baseline,histgb,c14d_selected,socioeconomic_family,c14d__uci320__portuguese__fail_g3_lt_10__baseline__socioeconomic_family,c14d|uci320|portuguese|fail_g3_lt_10|socioeconomic_family,primary,5000,3,precision_difference,0.1,12,draws/task_0e4cde78a908a4a53cf8.npz,c001__precision_difference__0.10,-0.03030303030303033,-0.12307692307692308,0.07575757575757575,-0.17659965034965033,0.12121212121212123,0.7146570685862828,1.0,False
C14D_harmonized,uci320,portuguese,fail_g3_lt_10,baseline,histgb,c14d_selected,socioeconomic_family,c14d__uci320__portuguese__fail_g3_lt_10__baseline__socioeconomic_family,c14d|uci320|portuguese|fail_g3_lt_10|socioeconomic_family,primary,5000,3,precision_difference,0.2,12,draws/task_0e4cde78a908a4a53cf8.npz,c001__precision_difference__0.20,0.007633587786259555,-0.04580152671755727,0.05384615384615388,-0.06870229007633588,0.07692307692307693,0.9078184363127374,1.0,False
C14D_harmonized,uci320,portuguese,fail_g3_lt_10,baseline,histgb,c14d_selected,socioeconomic_family,c14d__uci320__portuguese__fail_g3_lt_10__baseline__socioeconomic_family,c14d|uci320|portuguese|fail_g3_lt_10|socioeconomic_family,primary,5000,3,precision_difference,0.3,12,draws/task_0e4cde78a908a4a53cf8.npz,c001__precision_difference__0.30,0.010256410256410275,-0.02551020408163268,0.046153846153846156,-0.043889924559567424,0.06153846153846154,0.6102779444111178,1.0,False
C14D_harmonized,uci320,portuguese,fail_g3_lt_10,period1,histgb,c14d_selected,socioeconomic_family,c14d__uci320__portuguese__fail_g3_lt_10__period1__socioeconomic_family,c14d|uci320|portuguese|fail_g3_lt_10|socioeconomic_family,primary,5000,3,precision_difference,0.05,12,draws/task_8a43db396b3e054b22d0.npz,c001__precision_difference__0.05,-0.02941176470588236,-0.1515151515151515,0.1470588235294118,-0.21212121212121215,0.20588235294117652,1.0,1.0,False
C14D_harmonized,uci320,portuguese,fail_g3_lt_10,period1,histgb,c14d_selected,socioeconomic_family,c14d__uci320__portuguese__fail_g3_lt_10__period1__socioeconomic_family,c14d|uci320|portuguese|fail_g3_lt_10|socioeconomic_family,primary,5000,3,precision_difference,0.1,12,draws/task_8a43db396b3e054b22d0.npz,c001__precision_difference__0.10,-0.045454545454545525,-0.09090909090909083,0.04615384615384621,-0.12121212121212122,0.09172785547785567,0.6650669866026795,1.0,False
C14D_harmonized,uci320,portuguese,fail_g3_lt_10,period1,histgb,c14d_selected,socioeconomic_family,c14d__uci320__portuguese__fail_g3_lt_10__period1__socioeconomic_family,c14d|uci320|portuguese|fail_g3_lt_10|socioeconomic_family,primary,5000,3,precision_difference,0.2,12,draws/task_8a43db396b3e054b22d0.npz,c001__precision_difference__0.20,0.0,-0.03076923076923077,0.03076923076923077,-0.05343511450381677,0.046153846153846136,1.0,1.0,False
C14D_harmonized,uci320,portuguese,fail_g3_lt_10,period1,histgb,c14d_selected,socioeconomic_family,c14d__uci320__portuguese__fail_g3_lt_10__period1__socioeconomic_family,c14d|uci320|portuguese|fail_g3_lt_10|socioeconomic_family,primary,5000,3,precision_difference,0.3,12,draws/task_8a43db396b3e054b22d0.npz,c001__precision_difference__0.30,0.01025641025641022,-0.010256410256410275,0.03076923076923077,-0.025510204081632626,0.04591836734693877,0.44631073785242953,1.0,False
C14D_harmonized,uci320,portuguese,fail_g3_lt_10,period2,histgb,c14d_selected,socioeconomic_family,c14d__uci320__portuguese__fail_g3_lt_10__period2__socioeconomic_family,c14d|uci320|portuguese|fail_g3_lt_10|socioeconomic_family,primary,5000,3,precision_difference,0.05,12,draws/task_1229a07ff31969e688c4.npz,c001__precision_difference__0.05,0.0,-0.09090909090909094,0.08823529411764708,-0.1515151515151515,0.12121212121212122,1.0,1.0,False
C14D_harmonized,uci320,portuguese,fail_g3_lt_10,period2,histgb,c14d_selected,socioeconomic_family,c14d__uci320__portuguese__fail_g3_lt_10__period2__socioeconomic_family,c14d|uci320|portuguese|fail_g3_lt_10|socioeconomic_family,primary,5000,3,precision_difference,0.1,12,draws/task_1229a07ff31969e688c4.npz,c001__precision_difference__0.10,-0.045454545454545525,-0.07575757575757569,0.030303030303030387,-0.09230769230769231,0.04615384615384616,0.8362327534493101,1.0,False
C14D_harmonized,uci320,portuguese,fail_g3_lt_10,period2,histgb,c14d_selected,socioeconomic_family,c14d__uci320__portuguese__fail_g3_lt_10__period2__socioeconomic_family,c14d|uci320|portuguese|fail_g3_lt_10|socioeconomic_family,primary,5000,3,precision_difference,0.2,12,draws/task_1229a07ff31969e688c4.npz,c001__precision_difference__0.20,-0.022900763358778664,-0.03076923076923077,0.01538461538461533,-0.046153846153846156,0.030671853591700972,0.6818636272745451,1.0,False
C14D_harmonized,uci320,portuguese,fail_g3_lt_10,period2,histgb,c14d_selected,socioeconomic_family,c14d__uci320__portuguese__fail_g3_lt_10__period2__socioeconomic_family,c14d|uci320|portuguese|fail_g3_lt_10|socioeconomic_family,primary,5000,3,precision_difference,0.3,12,draws/task_1229a07ff31969e688c4.npz,c001__precision_difference__0.30,0.0,-0.015306122448979609,0.02051282051282055,-0.02051282051282055,0.03076923076923077,0.9502099580083984,1.0,False
C14D_harmonized,uci697,all,dropout_vs_all_other,enrollment,histgb,c14d_selected,socioeconomic_family,c14d__uci697__all__dropout_vs_all_other__enrollment__socioeconomic_family,c14d|uci697|all|dropout_vs_all_other|socioeconomic_family,primary,5000,2,precision_difference,0.05,8,draws/task_ac76048582bb799ff69d.npz,c000__precision_difference__0.05,-0.20960698689956336,-0.26956521739130435,-0.1385281385281385,-0.29385964912280704,-0.11366013539282967,0.0003999200159968006,0.003199360127974405,True
C14D_harmonized,uci697,all,dropout_vs_all_other,enrollment,histgb,c14d_selected,socioeconomic_family,c14d__uci697__all__dropout_vs_all_other__enrollment__socioeconomic_family,c14d|uci697|all|dropout_vs_all_other|socioeconomic_family,primary,5000,2,precision_difference,0.1,8,draws/task_ac76048582bb799ff69d.npz,c000__precision_difference__0.10,-0.21777777777777785,-0.2717149220489977,-0.17856148584155274,-0.29093489000745715,-0.15986585365853648,0.0003999200159968006,0.003199360127974405,True
C14D_harmonized,uci697,all,dropout_vs_all_other,enrollment,histgb,c14d_selected,socioeconomic_family,c14d__uci697__all__dropout_vs_all_other__enrollment__socioeconomic_family,c14d|uci697|all|dropout_vs_all_other|socioeconomic_family,primary,5000,2,precision_difference,0.2,8,draws/task_ac76048582bb799ff69d.npz,c000__precision_difference__0.20,-0.17264573991031384,-0.19910023830913756,-0.13789237668161436,-0.2122113338440585,-0.12794612794612797,0.0003999200159968006,0.003199360127974405,True
C14D_harmonized,uci697,all,dropout_vs_all_other,enrollment,histgb,c14d_selected,socioeconomic_family,c14d__uci697__all__dropout_vs_all_other__enrollment__socioeconomic_family,c14d|uci697|all|dropout_vs_all_other|socioeconomic_family,primary,5000,2,precision_difference,0.3,8,draws/task_ac76048582bb799ff69d.npz,c000__precision_difference__0.30,-0.11769115442278855,-0.13268365817091454,-0.09056886227544914,-0.141198535856831,-0.08164794007490639,0.0003999200159968006,0.003199360127974405,True
C14D_harmonized,uci697,all,dropout_vs_all_other,semester1,histgb,c14d_selected,socioeconomic_family,c14d__uci697__all__dropout_vs_all_other__semester1__socioeconomic_family,c14d|uci697|all|dropout_vs_all_other|socioeconomic_family,primary,5000,2,precision_difference,0.05,8,draws/task_77487d9824bf80c2c696.npz,c000__precision_difference__0.05,-0.008733624454148492,-0.048458149779735615,0.00877192982456143,-0.06561081504251898,0.017621145374449296,0.28394321135772843,1.0,False
C14D_harmonized,uci697,all,dropout_vs_all_other,semester1,histgb,c14d_selected,socioeconomic_family,c14d__uci697__all__dropout_vs_all_other__semester1__socioeconomic_family,c14d|uci697|all|dropout_vs_all_other|socioeconomic_family,primary,5000,2,precision_difference,0.1,8,draws/task_77487d9824bf80c2c696.npz,c000__precision_difference__0.10,-0.053333333333333344,-0.07126948775055675,-0.020000000000000018,-0.0822222222222222,-0.011086474501108667,0.0003999200159968006,0.003199360127974405,True
C14D_harmonized,uci697,all,dropout_vs_all_other,semester1,histgb,c14d_selected,socioeconomic_family,c14d__uci697__all__dropout_vs_all_other__semester1__socioeconomic_family,c14d|uci697|all|dropout_vs_all_other|socioeconomic_family,primary,5000,2,precision_difference,0.2,8,draws/task_77487d9824bf80c2c696.npz,c000__precision_difference__0.20,-0.05269058295964124,-0.06975949524765782,-0.02921348314606742,-0.07847533632286996,-0.022421524663677153,0.0003999200159968006,0.003199360127974405,True
C14D_harmonized,uci697,all,dropout_vs_all_other,semester1,histgb,c14d_selected,socioeconomic_family,c14d__uci697__all__dropout_vs_all_other__semester1__socioeconomic_family,c14d|uci697|all|dropout_vs_all_other|socioeconomic_family,primary,5000,2,precision_difference,0.3,8,draws/task_77487d9824bf80c2c696.npz,c000__precision_difference__0.30,-0.04872563718140932,-0.059836572180993225,-0.02921348314606742,-0.06593628747424034,-0.022455089820359334,0.0003999200159968006,0.003199360127974405,True
C14D_harmonized,uci697,all,dropout_vs_graduate,enrollment,histgb,c14d_selected,sex_gender,c14d__uci697__all__dropout_vs_graduate__enrollment__sex_gender,c14d|uci697|all|dropout_vs_graduate|sex_gender,primary,5000,2,precision_difference,0.05,8,draws/task_c4b5b90d35097953e7ce.npz,c000__precision_difference__0.05,-0.005291005291005235,-0.02631578947368418,0.015789473684210575,-0.03664921465968585,0.02631578947368418,0.9342131573685263,1.0,False
C14D_harmonized,uci697,all,dropout_vs_graduate,enrollment,histgb,c14d_selected,sex_gender,c14d__uci697__all__dropout_vs_graduate__enrollment__sex_gender,c14d|uci697|all|dropout_vs_graduate|sex_gender,primary,5000,2,precision_difference,0.1,8,draws/task_c4b5b90d35097953e7ce.npz,c000__precision_difference__0.10,0.008086253369272267,-0.010810810810810811,0.018918918918918837,-0.016260162601625994,0.02698172397464851,0.8238352329534093,1.0,False
C14D_harmonized,uci697,all,dropout_vs_graduate,enrollment,histgb,c14d_selected,sex_gender,c14d__uci697__all__dropout_vs_graduate__enrollment__sex_gender,c14d|uci697|all|dropout_vs_graduate|sex_gender,primary,5000,2,precision_difference,0.2,8,draws/task_c4b5b90d35097953e7ce.npz,c000__precision_difference__0.20,0.0,-0.02046384720327432,0.00953711000665408,-0.027285129604365688,0.013661202185792365,0.5042991401719656,1.0,False
C14D_harmonized,uci697,all,dropout_vs_graduate,enrollment,histgb,c14d_selected,sex_gender,c14d__uci697__all__dropout_vs_graduate__enrollment__sex_gender,c14d|uci697|all|dropout_vs_graduate|sex_gender,primary,5000,2,precision_difference,0.3,8,draws/task_c4b5b90d35097953e7ce.npz,c000__precision_difference__0.30,-0.010948905109488982,-0.02098540145985406,0.006381184750713595,-0.02680103301145301,0.012762078395624377,0.32633473305338934,1.0,False
C14D_harmonized,uci697,all,dropout_vs_graduate,semester1,histgb,c14d_selected,sex_gender,c14d__uci697__all__dropout_vs_graduate__semester1__sex_gender,c14d|uci697|all|dropout_vs_graduate|sex_gender,primary,5000,2,precision_difference,0.05,8,draws/task_942891f4f25c05fa6325.npz,c000__precision_difference__0.05,0.0,0.0,0.010526315789473717,-0.0052460216313033915,0.015873015873015817,1.0,1.0,False
C14D_harmonized,uci697,all,dropout_vs_graduate,semester1,histgb,c14d_selected,sex_gender,c14d__uci697__all__dropout_vs_graduate__semester1__sex_gender,c14d|uci697|all|dropout_vs_graduate|sex_gender,primary,5000,2,precision_difference,0.1,8,draws/task_942891f4f25c05fa6325.npz,c000__precision_difference__0.10,0.0,-0.008064516129032251,0.008108108108108136,-0.01084010840108407,0.013490861987324255,1.0,1.0,False
C14D_harmonized,uci697,all,dropout_vs_graduate,semester1,histgb,c14d_selected,sex_gender,c14d__uci697__all__dropout_vs_graduate__semester1__sex_gender,c14d|uci697|all|dropout_vs_graduate|sex_gender,primary,5000,2,precision_difference,0.2,8,draws/task_942891f4f25c05fa6325.npz,c000__precision_difference__0.20,-0.0027285129604366354,-0.008174386920980936,0.006821282401091477,-0.010899182561307952,0.009575923392612817,1.0,1.0,False
C14D_harmonized,uci697,all,dropout_vs_graduate,semester1,histgb,c14d_selected,sex_gender,c14d__uci697__all__dropout_vs_graduate__semester1__sex_gender,c14d|uci697|all|dropout_vs_graduate|sex_gender,primary,5000,2,precision_difference,0.3,8,draws/task_942891f4f25c05fa6325.npz,c000__precision_difference__0.30,-0.0036496350364962904,-0.009124087591240837,0.004562043795620421,-0.01186131386861311,0.00763994405457866,0.6462707458508299,1.0,False
C14D_harmonized,uci697,all,dropout_vs_graduate,enrollment,histgb,c14d_selected,socioeconomic_family,c14d__uci697__all__dropout_vs_graduate__enrollment__socioeconomic_family,c14d|uci697|all|dropout_vs_graduate|socioeconomic_family,primary,5000,2,precision_difference,0.05,8,draws/task_c4b5b90d35097953e7ce.npz,c001__precision_difference__0.05,-0.23809523809523803,-0.2894736842105263,-0.15706806282722507,-0.3095152762469,-0.12740417088821337,0.0003999200159968006,0.003199360127974405,True
C14D_harmonized,uci697,all,dropout_vs_graduate,enrollment,histgb,c14d_selected,socioeconomic_family,c14d__uci697__all__dropout_vs_graduate__enrollment__socioeconomic_family,c14d|uci697|all|dropout_vs_graduate|socioeconomic_family,primary,5000,2,precision_difference,0.1,8,draws/task_c4b5b90d35097953e7ce.npz,c001__precision_difference__0.10,-0.21832884097035044,-0.26881720430107525,-0.1707317073170732,-0.2874033596686773,-0.15104366463237415,0.0003999200159968006,0.003199360127974405,True
C14D_harmonized,uci697,all,dropout_vs_graduate,enrollment,histgb,c14d_selected,socioeconomic_family,c14d__uci697__all__dropout_vs_graduate__enrollment__socioeconomic_family,c14d|uci697|all|dropout_vs_graduate|socioeconomic_family,primary,5000,2,precision_difference,0.2,8,draws/task_c4b5b90d35097953e7ce.npz,c001__precision_difference__0.20,-0.16098226466575716,-0.19645293315143253,-0.13096862210095506,-0.20901639344262296,-0.1185681919425341,0.0003999200159968006,0.003199360127974405,True
C14D_harmonized,uci697,all,dropout_vs_graduate,enrollment,histgb,c14d_selected,socioeconomic_family,c14d__uci697__all__dropout_vs_graduate__enrollment__socioeconomic_family,c14d|uci697|all|dropout_vs_graduate|socioeconomic_family,primary,5000,2,precision_difference,0.3,8,draws/task_c4b5b90d35097953e7ce.npz,c001__precision_difference__0.30,-0.125,-0.1449407474931632,-0.09853790031206539,-0.1551094890510949,-0.09167244445025581,0.0003999200159968006,0.003199360127974405,True
C14D_harmonized,uci697,all,dropout_vs_graduate,semester1,histgb,c14d_selected,socioeconomic_family,c14d__uci697__all__dropout_vs_graduate__semester1__socioeconomic_family,c14d|uci697|all|dropout_vs_graduate|socioeconomic_family,primary,5000,2,precision_difference,0.05,8,draws/task_942891f4f25c05fa6325.npz,c001__precision_difference__0.05,-0.02645502645502651,-0.047368421052631615,0.0,-0.05759162303664922,0.005291005291005235,0.057588482303539294,0.46070785842831435,False
C14D_harmonized,uci697,all,dropout_vs_graduate,semester1,histgb,c14d_selected,socioeconomic_family,c14d__uci697__all__dropout_vs_graduate__semester1__socioeconomic_family,c14d|uci697|all|dropout_vs_graduate|socioeconomic_family,primary,5000,2,precision_difference,0.1,8,draws/task_942891f4f25c05fa6325.npz,c001__precision_difference__0.10,-0.013477088948787075,-0.03217158176943702,0.0026881720430107503,-0.04047258596197275,0.008086253369272267,0.11637672465506899,0.9310137972405519,False
C14D_harmonized,uci697,all,dropout_vs_graduate,semester1,histgb,c14d_selected,socioeconomic_family,c14d__uci697__all__dropout_vs_graduate__semester1__socioeconomic_family,c14d|uci697|all|dropout_vs_graduate|socioeconomic_family,primary,5000,2,precision_difference,0.2,8,draws/task_942891f4f25c05fa6325.npz,c001__precision_difference__0.20,-0.02592087312414737,-0.042349726775956276,-0.010943538681198753,-0.04913860342629657,-0.00545702592087316,0.0007998400319936012,0.00639872025594881,True
C14D_harmonized,uci697,all,dropout_vs_graduate,semester1,histgb,c14d_selected,socioeconomic_family,c14d__uci697__all__dropout_vs_graduate__semester1__socioeconomic_family,c14d|uci697|all|dropout_vs_graduate|socioeconomic_family,primary,5000,2,precision_difference,0.3,8,draws/task_942891f4f25c05fa6325.npz,c001__precision_difference__0.30,-0.02372262773722622,-0.038321167883211604,-0.012750455373406244,-0.042883211678832134,-0.007299270072992692,0.0003999200159968006,0.003199360127974405,True
